7520,Aeleen,4*,wind,lance,5931,[Resounding_Rendition+Beautiful_Nothingness][AC011_Garland][HDT2],<maintain shield & hp70>,,attack:2314,force_strike:441,skill_1:3685,skill_3:1289
5754,_c_Aeleen,4*,wind,lance,5560,[Resounding_Rendition+Beautiful_Nothingness][AC011_Garland][HDT2],!<maintain shield & hp70>,,attack:1781,force_strike:338,skill_1:2826,skill_3:969
13264,Alain,3*,flame,lance,4782,[Resounding_Rendition+Elegant_Escort][Konohana_Sakuya][Agito],<hp70 & 0 burn res>,81% burn uptime,attack:2555,force_strike:438,skill_1:5926,s1_burn:1006,skill_2:3088,s2_burn:480
9184,_c_Alain,3*,flame,lance,4782,[Resounding_Rendition+Elegant_Escort][Konohana_Sakuya][Agito],!<hp70 & 0 burn res>,,attack:1967,force_strike:338,skill_1:4688,s1_burn:0,skill_2:2368,s2_burn:0
14465,Albert,5*,light,sword,5658,[The_Shining_Overlord+Sisters_Day_Out][Corsaint_Phoenix][HDT2],<big hitbox & 0 paralysis res>,46% paralysis uptime,attack:1812,force_strike:2282,fs_paralysis:1237,skill_1:3559,s1_hit2:226,s1_hit3:226,s1_hit4:226,s1_hit5:226,s1_hit6:226,s1_s2boost:3158,skill_3:1445
10710,_c_Albert,5*,light,sword,5658,[The_Shining_Overlord+Sisters_Day_Out][Corsaint_Phoenix][HDT2],!<big hitbox & 0 paralysis res>,,attack:1575,force_strike:2009,fs_paralysis:0,skill_1:3045,s1_hit2:175,s1_hit3:175,s1_hit4:175,s1_s2boost:2437,skill_3:1260
14162,Alex,4*,shadow,dagger,6715,[Twinfold_Bonds+The_Plaguebringer][Fatalis][Agito],<hp100 & hit15 & 0 poison res>,not consider bk boost of her s2; 87% poison uptime,attack:3801,force_strike:557,skill_1:5885,s1_poison:1089,skill_2:2511,team_buff:660
8855,_c_Alex,4*,shadow,dagger,6715,[Twinfold_Bonds+The_Plaguebringer][Fatalis][Agito],!<hp100 & hit15 & 0 poison res>,not consider bk boost of her s2,attack:2904,force_strike:430,skill_1:3610,s1_poison:0,skill_2:1513,team_buff:660
10462,Alfonse,5*,light,sword,8854,[The_Shining_Overlord+Jewels_of_the_Sun][Cupid][HDT2],<last offense & hp60 & hp70>,,attack:2672,force_strike:1017,skill_1:3325,skill_2:2026,skill_3:1662
9054,_c_Alfonse,5*,light,sword,5980,[The_Shining_Overlord+Jewels_of_the_Sun][Cupid][HDT2],!<last offense & hp60 & hp70>,,attack:2305,force_strike:877,skill_1:2888,skill_2:1760,skill_3:1430
30888,Althemia,3*,shadow,wand,8015,[Candy_Couriers+The_Fires_of_Hate][Fatalis][Agito],<hp100 & 0 poison res>,86% poison uptime,attack:6470,skill_1:13903,s1_poison:1394,skill_2:9707
16965,_c_Althemia,3*,shadow,wand,7399,[Candy_Couriers+The_Fires_of_Hate][Fatalis][Agito],!<hp100 & 0 poison res>,,attack:5109,skill_1:8338,s1_poison:0,skill_2:3981
10186,Amane,4*,light,wand,6315,[Candy_Couriers+Primal_Crisis][Daikokuten][HDT2],<hit15>,,attack:3928,skill_1:4886,skill_3:1728
7511,_c_Amane,4*,light,wand,6315,[Candy_Couriers+Primal_Crisis][Daikokuten][HDT2],!<hit15>,,attack:2891,skill_1:3624,skill_3:1258
9041,Annelie,5*,light,lance,6512,[Resounding_Rendition+Beautiful_Nothingness][Cupid][HDT2],<hp70>,1121,attack:2340,force_strike:303,skill_1:4001,skill_2:824,skill_3:1535,team_energy:248
6995,_c_Annelie,5*,light,lance,6129,[Resounding_Rendition+Beautiful_Nothingness][Cupid][HDT2],!<hp70>,1121,attack:2097,force_strike:272,skill_1:2900,skill_2:581,skill_3:1084,team_energy:248
13871,Aoi,3*,flame,blade,5537,[Resounding_Rendition+Elegant_Escort][Konohana_Sakuya][Agito],<hp70 & 0 burn res>,80% burn uptime,attack:3381,skill_1:6115,s1_burn:1018,skill_2:2871,s2_burn:483
9693,_c_Aoi,3*,flame,blade,5537,[Resounding_Rendition+Elegant_Escort][Konohana_Sakuya][Agito],!<hp70 & 0 burn res>,,attack:2643,skill_1:4843,s1_burn:0,skill_2:2205,s2_burn:0
10701,Audric,4*,shadow,sword,4901,[The_Shining_Overlord+Beautiful_Nothingness][Shinobi][Agito],<hp70>,,attack:2418,force_strike:679,skill_1:5351,skill_2:2471
9878,_c_Audric,4*,shadow,sword,4524,[The_Shining_Overlord+Beautiful_Nothingness][Shinobi][Agito],!<hp70>,,attack:2232,force_strike:626,skill_1:4939,skill_2:2281
8519,Beautician_Zardin,5*,light,blade,7089,[Resounding_Rendition+Beautiful_Nothingness][Cupid][HDT2],<hp70>,no s2,attack:2824,skill_1:3873,skill_3:1531,team_buff:289
6677,_c_Beautician_Zardin,5*,light,blade,6672,[Resounding_Rendition+Beautiful_Nothingness][Cupid][HDT2],!<hp70>,no s2,attack:2531,skill_1:2753,skill_3:1102,team_buff:289
9738,Berserker,4*,shadow,sword,9168,[The_Shining_Overlord+Jewels_of_the_Sun][Fatalis][Agito],<last offense & hp70>,,attack:3638,force_strike:1163,skill_1:5266
8927,_c_Berserker,4*,shadow,sword,6681,[The_Shining_Overlord+Jewels_of_the_Sun][Fatalis][Agito],!<last offense & hp70>,,attack:3333,force_strike:1067,skill_1:4828
19887,Botan,4*,shadow,lance,5068,[Resounding_Rendition+Jewels_of_the_Sun][Shinobi][Agito],<buff all team & hp70>,,attack:3163,skill_1:6421,s1_bleed:6666,team_buff:3923
16671,_c_Botan,4*,shadow,lance,4678,[Resounding_Rendition+Jewels_of_the_Sun][Shinobi][Agito],!<buff all team & hp70>,,attack:2785,skill_1:5653,s1_bleed:5869,team_buff:2617
17573,Cassandra,5*,shadow,wand,7544,[Candy_Couriers+The_Plaguebringer][Fatalis][Agito],<hp30 every 180s & 0 poison res & hp=80%>,94% poison uptime,attack:5508,skill_1:6748,s1_poison:1474,skill_2:4341
11345,_c_Cassandra,5*,shadow,wand,7544,[Candy_Couriers+The_Plaguebringer][Fatalis][Agito],!<hp30 every 180s & 0 poison res & hp=80%>,,attack:3881,skill_1:4888,s1_poison:0,skill_2:2927
9222,Celliera,4*,water,blade,5779,[Resounding_Rendition+Beautiful_Nothingness][Siren][HDT2],<hp70>,,attack:2318,skill_1:5193,skill_3:1709
7637,_c_Celliera,4*,water,blade,5025,[Resounding_Rendition+Beautiful_Nothingness][Siren][HDT2],!<hp70>,,attack:1920,skill_1:4301,skill_3:1415
15967,Chelsea,5*,flame,bow,5944,[Mega_Friends+Dear_Diary][Dreadking_Rathalos][Agito],<hp30 every 180s>,,attack:1615,force_strike:8503,skill_1:5995
15137,_c_Chelsea,5*,flame,bow,5944,[Mega_Friends+Dear_Diary][Dreadking_Rathalos][Agito],!<hp30 every 180s>,,attack:1529,force_strike:8055,skill_1:5691
5793,Cibella,3*,water,lance,5834,[Resounding_Rendition+Beautiful_Nothingness][Dragonyule_Jeanne][HDT2],<hp70>,,attack:2758,force_strike:367,skill_2:1616,skill_3:1300
5188,_c_Cibella,3*,water,lance,5457,[Resounding_Rendition+Beautiful_Nothingness][Dragonyule_Jeanne][HDT2],!<hp70>,,attack:2470,force_strike:329,skill_2:1447,skill_3:1165
19968,Curran,5*,shadow,axe,11799,[Kung_Fu_Masters+Flower_in_the_Fray][Fatalis][Agito],<last offense>,no fs,attack:6978,skill_1:8890,skill_2:3519,team_buff:1214
18940,_c_Curran,5*,shadow,axe,7374,[Kung_Fu_Masters+Flower_in_the_Fray][Fatalis][Agito],!<last offense>,no fs,attack:6510,skill_1:8564,skill_2:3241,team_buff:1214
10235,Dragonyule_Cleo,5*,water,dagger,5860,[Twinfold_Bonds+The_Prince_of_Dragonyule][Gaibhne_and_Creidhne][HDT2],<hp70 & hit15 & buff all team & always connect hits>,,attack:2159,force_strike:233,skill_1:2793,skill_2:1466,skill_3:1823,team_buff:1458,team_energy:495
6216,_c_Dragonyule_Cleo,5*,water,dagger,5378,[Twinfold_Bonds+The_Prince_of_Dragonyule][Gaibhne_and_Creidhne][HDT2],!<hp70 & hit15 & buff all team & always connect hits>,,attack:1668,force_strike:182,skill_1:2014,skill_2:1118,skill_3:1383
14125,Dragonyule_Malora,5*,light,axe,6326,[Kung_Fu_Masters+Flower_in_the_Fray][Cupid][HDT2],<buff all team>,c4fsf c5 c4 s1,attack:4345,skill_1:2949,skill_2:2292,s2_boost:1834,team_buff:3097
6530,_c_Dragonyule_Malora,5*,light,axe,6326,[Kung_Fu_Masters+Flower_in_the_Fray][Cupid][HDT2],!<buff all team>,c4fsf c5 c4 s1,attack:4082,skill_1:2818
6579,Dragonyule_Nefaria,4*,water,bow,5293,[Forest_Bonds+Dear_Diary][Dragonyule_Jeanne][HDT2],<hp30 every 180s>,,attack:1756,force_strike:958,skill_1:3169,skill_3:854
5981,_c_Dragonyule_Nefaria,4*,water,bow,5293,[Forest_Bonds+Dear_Diary][Dragonyule_Jeanne][HDT2],!<hp30 every 180s>,,attack:1596,force_strike:871,skill_1:2880,skill_3:776
11485,Dragonyule_Xainfried,4*,wind,wand,5698,[A_Dogs_Day+Primal_Crisis][Ariel][HDT2],<buff all team & hit15>,,attack:3928,skill_2:1294,skill_3:1533,team_buff:5084
5388,_c_Dragonyule_Xainfried,4*,wind,wand,5698,[A_Dogs_Day+Primal_Crisis][Ariel][HDT2],!<buff all team & hit15>,,attack:3315,skill_2:1086,skill_3:1287
8285,Dragonyule_Xander,4*,water,wand,4632,[Candy_Couriers+Primal_Crisis][Siren][HDT2],<hit15 & buff all team>,,attack:2532,skill_1:3979,skill_3:1835,team_energy:166
6554,_c_Dragonyule_Xander,4*,water,wand,4632,[Candy_Couriers+Primal_Crisis][Siren][HDT2],!<hit15 & buff all team>,,attack:2058,skill_1:3204,skill_3:1478
19482,Delphi,5*,shadow,dagger,5450,[Mega_Friends+The_Fires_of_Hate][Fatalis][Agito],<hp100 & s1 defdown for 10s & 0 poison res>,87% poison uptime,attack:3045,force_strike:2952,fs_boost:157,fs_poison:5567,skill_1:782,skill_2:754,s2_poison:3176,team_buff:3321
4900,_c_Delphi,5*,shadow,dagger,4866,[Mega_Friends+The_Fires_of_Hate][Fatalis][Agito],!<hp100 & s1 defdown for 10s & 0 poison res>,,attack:1992,force_strike:1949,fs_boost:95,fs_poison:0,skill_1:593,skill_2:449,s2_poison:0
19508,Durant,4*,shadow,blade,9030,[Proper_Maintenance+Howling_to_the_Heavens][Fatalis][Agito],<hp100 & hit15>,,attack:19508
14697,_c_Durant,4*,shadow,blade,7815,[Proper_Maintenance+Howling_to_the_Heavens][Fatalis][Agito],!<hp100 & hit15>,,attack:14697
9556,Eleonora,4*,wind,bow,4899,[Dear_Diary+The_Fires_of_Hate][Vayu][HDT2],<hp100 & hp30 every 180s & 0 poison res>,94% poison uptime,attack:1723,force_strike:947,skill_1:3194,s1_poison:976,skill_2:1403,s2_poison:378,skill_3:1087
5577,_c_Eleonora,4*,wind,bow,4354,[Dear_Diary+The_Fires_of_Hate][Vayu][HDT2],!<hp100 & hp30 every 180s & 0 poison res>,,attack:1178,force_strike:643,skill_1:2184,s1_poison:0,skill_2:945,s2_poison:0,skill_3:732
7072,Elias,4*,light,bow,7527,[Forest_Bonds+Dear_Diary][Daikokuten][HDT2],<last offense & hit15 & hp30 every 180s>,,attack:2108,force_strike:1107,skill_1:3028,skill_3:1019
5359,_c_Elias,4*,light,bow,5376,[Forest_Bonds+Dear_Diary][Daikokuten][HDT2],!<last offense & hit15 & hp30 every 180s>,,attack:1582,force_strike:827,skill_1:2294,skill_3:798
22278,Elisanne,4*,water,lance,5676,[Beach_Battle+Castle_Cheer_Corps][Gaibhne_and_Creidhne][HDT2],<hp60>,no s2 or s3,attack:4270,force_strike:973,team_buff:17422
22201,_c_Elisanne,4*,water,lance,5511,[Beach_Battle+Castle_Cheer_Corps][Gaibhne_and_Creidhne][HDT2],!<hp60>,no s2 or s3,attack:4203,force_strike:957,team_buff:17422
16390,Emma,4*,flame,lance,6035,[Castle_Cheer_Corps+From_Whence_He_Comes][Dreadking_Rathalos][Agito],<buff all team>,,attack:4351,force_strike:834,team_buff:11599
4790,_c_Emma,4*,flame,lance,6035,[Castle_Cheer_Corps+From_Whence_He_Comes][Dreadking_Rathalos][Agito],!<buff all team>,,attack:4351,force_strike:834
17284,Erik,3*,shadow,axe,7282,[Kung_Fu_Masters+Flower_in_the_Fray][Fatalis][Agito],<>,,attack:5080,force_strike:773,skill_1:7899,skill_2:3993
16000,Euden,4*,flame,sword,6258,[The_Shining_Overlord+Elegant_Escort][Dreadking_Rathalos][Agito],<0 burn res>,86% burn uptime,attack:3384,force_strike:2480,skill_1:5905,s1_burn:1293,skill_2:2534,team_buff:709
12029,_c_Euden,4*,flame,sword,6258,[The_Shining_Overlord+Elegant_Escort][Dreadking_Rathalos][Agito],!<0 burn res>,,attack:2700,force_strike:1995,skill_1:4878,s1_burn:0,skill_2:1989,team_buff:709
9104,Fjorm,5*,water,lance,6562,[Resounding_Rendition+Beautiful_Nothingness][Siren][HDT2],<hp70>,,attack:1554,force_strike:81,skill_1:3558,skill_2:2079,skill_3:1223,team_buff:749
8094,_c_Fjorm,5*,water,lance,6057,[Resounding_Rendition+Beautiful_Nothingness][Siren][HDT2],!<hp70>,,attack:1366,force_strike:71,skill_1:3127,skill_2:1827,skill_3:1075,team_buff:749
16853,Fleur,4*,light,dagger,5851,[Twinfold_Bonds+Spirit_of_the_Season][Daikokuten][HDT2],<hp70 & hit15 & hp100 & 0 paralysis res>,c4fs; 89% paralysis uptime,attack:3784,force_strike:744,skill_1:7647,s1_paralysis:2625,skill_3:2395
6090,_c_Fleur,4*,light,dagger,5668,[Twinfold_Bonds+Spirit_of_the_Season][Daikokuten][HDT2],!<hp70 & hit15 & hp100 & 0 paralysis res>,c4fs,attack:2251,force_strike:435,skill_1:2448,s1_paralysis:0,skill_3:1159
7571,Francesca,3*,wind,dagger,5278,[Twinfold_Bonds+Levins_Champion][AC011_Garland][HDT2],<maintain shield & hit15 & hp70>,,attack:2443,force_strike:594,skill_1:2593,skill_2:1037,skill_3:991,team_buff:131
5546,_c_Francesca,3*,wind,dagger,5278,[Twinfold_Bonds+Levins_Champion][AC011_Garland][HDT2],!<maintain shield & hit15 & hp70>,,attack:1789,force_strike:441,skill_1:1896,skill_2:740,skill_3:708,team_buff:131
8133,Fritz,4*,light,dagger,5607,[Twinfold_Bonds+Levins_Champion][Daikokuten][HDT2],<hit15 & hp70>,,attack:3298,force_strike:214,fs_boost:234,skill_1:3152,skill_3:1033,team_buff:499
6156,_c_Fritz,4*,light,dagger,5607,[Twinfold_Bonds+Levins_Champion][Daikokuten][HDT2],!<hit15 & hp70>,,attack:2454,force_strike:162,fs_boost:173,skill_1:2326,skill_3:762,team_buff:499
30982,Gala_Cleo,5*,shadow,wand,4799,[Candy_Couriers+Primal_Crisis][Shinobi][Agito],<hit15 & always in a1>,(the true cleo is here),attack:4667,force_strike:0,skill_1:14663,skill_2:2245,team_buff:9830
15059,_c_Gala_Cleo,5*,shadow,wand,4799,[Candy_Couriers+Primal_Crisis][Shinobi][Agito],!<hit15 & always in a1>,(the true cleo is here),attack:2972,force_strike:0,skill_1:8235,skill_2:1272,team_buff:2847
18766,Gala_Elisanne,5*,water,axe,5521,[Beach_Battle+From_Whence_He_Comes][Gaibhne_and_Creidhne][HDT2],<buff all team>,,attack:5568,team_buff:13703
5063,_c_Gala_Elisanne,5*,water,axe,5521,[Beach_Battle+From_Whence_He_Comes][Gaibhne_and_Creidhne][HDT2],!<buff all team>,,attack:5568
12289,Gala_Euden,5*,light,sword,6020,[The_Shining_Overlord+Sisters_Day_Out][Cupid][HDT2],<s1 buff for 10s & draconic charge & 0 paralysis res>,c2+fs; 22% paralysis uptime,attack:2087,force_strike:1955,skill_1:1182,skill_2:1212,s2_paralysis:189,skill_3:1771,team_buff:4079
7681,_c_Gala_Euden,5*,light,sword,6020,[The_Shining_Overlord+Sisters_Day_Out][Cupid][HDT2],!<s1 buff for 10s & draconic charge & 0 paralysis res>,c2+fs,attack:1789,force_strike:1686,skill_1:1122,skill_2:1010,s2_paralysis:0,skill_3:1485,team_buff:749
10487,Gala_Mym,5*,flame,lance,5144,[Resounding_Rendition+Beautiful_Nothingness][Konohana_Sakuya][Agito],<hp70>,,attack:2551,force_strike:343,skill_1:5397,skill_2:2426
9219,_c_Gala_Mym,5*,flame,lance,4748,[Resounding_Rendition+Beautiful_Nothingness][Konohana_Sakuya][Agito],!<hp70>,,attack:2242,force_strike:301,skill_1:4744,skill_2:2132
12320,Gala_Ranzal,5*,wind,sword,5769,[The_Shining_Overlord+Beautiful_Nothingness][AC011_Garland][HDT2],<maintain shield & hp70>,no s2,attack:2510,force_strike:1247,skill_1:5029,s1_boost:2011,skill_3:1748
9915,_c_Gala_Ranzal,5*,wind,sword,5409,[The_Shining_Overlord+Beautiful_Nothingness][AC011_Garland][HDT2],!<maintain shield & hp70>,no s2,attack:2023,force_strike:1004,skill_1:4041,s1_boost:1616,skill_3:1412
16328,Gala_Sarisse,5*,flame,bow,5930,[Forest_Bonds+Dear_Diary][Dreadking_Rathalos][Agito],<hp30 every 180s & always connect hits>,,attack:998,force_strike:4151,skill_1:6093,s1_missile*7:4310,team_buff:865
10036,_c_Gala_Sarisse,5*,flame,bow,5930,[Forest_Bonds+Dear_Diary][Dreadking_Rathalos][Agito],!<hp30 every 180s & always connect hits>,,attack:822,force_strike:3450,skill_1:4314,s1_missile*1:206,s1_missile*2:451,team_buff:865
7732,Halloween_Edward,3*,light,blade,7651,[Resounding_Rendition+Seaside_Princess][Cupid][HDT2],<hp100 & hp70>,,attack:2593,skill_1:2974,skill_2:1263,skill_3:900
6123,_c_Halloween_Edward,3*,light,blade,6617,[Resounding_Rendition+Seaside_Princess][Cupid][HDT2],!<hp100 & hp70>,,attack:2053,skill_1:2355,skill_2:1000,skill_3:713
11098,Halloween_Elisanne,5*,light,lance,6533,[Heralds_of_Hinomoto+Jewels_of_the_Sun][Cupid][HDT2],<hit10 & hp70>,,attack:1782,force_strike:293,skill_1:4366,skill_2:1517,skill_3:1309,team_buff:1990
9672,_c_Halloween_Elisanne,5*,light,lance,6148,[Heralds_of_Hinomoto+Jewels_of_the_Sun][Cupid][HDT2],!<hit10 & hp70>,,attack:1511,force_strike:246,skill_1:3670,skill_2:1277,skill_3:1111,team_buff:1990
13696,Halloween_Mym,5*,flame,axe,6629,[Kung_Fu_Masters+Jewels_of_the_Sun][Dreadking_Rathalos][Agito],<hp70 & s1 defdown for 10s & buff all team>,,attack:5724,force_strike:1332,skill_1:1974,team_buff:5185
7358,_c_Halloween_Mym,5*,flame,axe,6227,[Kung_Fu_Masters+Jewels_of_the_Sun][Dreadking_Rathalos][Agito],!<hp70 & s1 defdown for 10s & buff all team>,,attack:4752,force_strike:1182,skill_1:1855
15493,Halloween_Odetta,4*,water,sword,5495,[Mega_Friends+Beach_Battle][Gaibhne_and_Creidhne][HDT2],<buff all team>,,attack:1922,force_strike:1541,skill_1:3364,skill_3:1958,team_buff:6880
9301,_c_Halloween_Odetta,4*,water,sword,5495,[Mega_Friends+Beach_Battle][Gaibhne_and_Creidhne][HDT2],!<buff all team>,,attack:1922,force_strike:1541,skill_1:3364,skill_3:1958,team_buff:689
24817,Hawk,5*,wind,bow,5150,[Resounding_Rendition+The_Fires_of_Hate][Vayu][HDT2],<hp70 & hp100 & 0 poison res & 80 stun res>,86% poison uptime,attack:2576,force_strike:822,fs_poison:429,skill_1:18322,skill_2:2899
7568,_c_Hawk,5*,wind,bow,4578,[Resounding_Rendition+The_Fires_of_Hate][Vayu][HDT2],!<hp70 & hp100 & 0 poison res & 80 stun res>,,attack:1540,force_strike:448,fs_poison:0,skill_1:4629,skill_2:1089
7863,Irfan,3*,light,dagger,5584,[Twinfold_Bonds+Levins_Champion][Daikokuten][HDT2],<hit15 & hp70>,,attack:2942,force_strike:127,skill_1:3088,skill_2:1224,skill_3:747
5825,_c_Irfan,3*,light,dagger,5584,[Twinfold_Bonds+Levins_Champion][Daikokuten][HDT2],!<hit15 & hp70>,,attack:2191,force_strike:98,skill_1:2279,skill_2:903,skill_3:551
6343,Jakob,3*,water,lance,5834,[Resounding_Rendition+Beautiful_Nothingness][Dragonyule_Jeanne][HDT2],<hp70 & 100 bog res>,,attack:2201,force_strike:395,skill_1:2859,skill_3:1086
5681,_c_Jakob,3*,water,lance,5457,[Resounding_Rendition+Beautiful_Nothingness][Dragonyule_Jeanne][HDT2],!<hp70 & 100 bog res>,,attack:1971,force_strike:353,skill_1:2561,skill_3:973
13861,Joe,3*,flame,bow,6134,[Mega_Friends+Dear_Diary][Dreadking_Rathalos][Agito],<hp100 & hp30 every 180s & 0 burn res>,90% burn uptime,attack:1245,force_strike:5181,skill_1:4419,s1_burn:1076,skill_2:1583,s2_burn:466
11360,_c_Joe,3*,flame,bow,6134,[Mega_Friends+Dear_Diary][Dreadking_Rathalos][Agito],!<hp100 & hp30 every 180s & 0 burn res>,,attack:1148,force_strike:4777,skill_1:4076,s1_burn:0,skill_2:1462,s2_burn:0
9506,Johanna,3*,wind,axe,5975,[Kung_Fu_Masters+Crystalian_Envoy][AC011_Garland][HDT2],<maintain shield & hp70>,,attack:3368,force_strike:360,skill_1:3283,skill_2:1457,skill_3:1342
7518,_c_Johanna,3*,wind,axe,5499,[Kung_Fu_Masters+Crystalian_Envoy][AC011_Garland][HDT2],!<maintain shield & hp70>,,attack:2681,force_strike:289,skill_1:2585,skill_2:1162,skill_3:1043
8008,Julietta,5*,light,axe,6195,[Kung_Fu_Masters+Flower_in_the_Fray][Cupid][HDT2],<>,no fs & no s2,attack:3478,skill_1:3889,skill_3:955
8440,Jurota,3*,water,blade,5607,[Resounding_Rendition+Beautiful_Nothingness][Siren][HDT2],<hp70>,,attack:2200,skill_1:4316,skill_3:1923
7420,_c_Jurota,3*,water,blade,5175,[Resounding_Rendition+Beautiful_Nothingness][Siren][HDT2],!<hp70>,,attack:1934,skill_1:3794,skill_3:1690
9402,Karina,4*,water,axe,5197,[Kung_Fu_Masters+Crystalian_Envoy][Siren][HDT2],<hp60 & hp70>,,attack:2449,force_strike:136,skill_1:4106,s1_boost:0,skill_2:1766,skill_3:1165
8079,_c_Karina,4*,water,axe,4466,[Kung_Fu_Masters+Crystalian_Envoy][Siren][HDT2],!<hp60 & hp70>,,attack:2104,force_strike:117,skill_1:3528,s1_boost:0,skill_2:1518,skill_3:1001
19430,Karl,4*,flame,sword,7070,[The_Lurker_in_the_Woods+Primal_Crisis][Dreadking_Rathalos][Agito],<hit15 & hp70 & hit10>,,attack:6747,force_strike:7977,team_buff:5317
15107,_c_Karl,4*,flame,sword,6446,[The_Lurker_in_the_Woods+Primal_Crisis][Dreadking_Rathalos][Agito],!<hit15 & hp70 & hit10>,,attack:4685,force_strike:5530,team_buff:5317
12822,Kleimann,4*,shadow,wand,7133,[Candy_Couriers+Primal_Crisis][Fatalis][Agito],<hit15>,,attack:3712,force_strike:1056,skill_1:6452,skill_2:1939
10861,_c_Kleimann,4*,shadow,wand,7133,[Candy_Couriers+Primal_Crisis][Fatalis][Agito],!<hit15>,,attack:3161,force_strike:893,skill_1:5454,skill_2:1639
9041,Ku_Hai,4*,wind,sword,5962,[The_Lurker_in_the_Woods+Resounding_Rendition][Zephyr][HDT2],<huge hitbox eneny & hp70 & hit10>,c2+fs during s2,attack:1853,force_strike:87,fs_alt_hit1:1116,fs_alt_hit2:1116,fs_alt_hit3:1116,skill_1:2833,skill_3:1084
5809,_c_Ku_Hai,4*,wind,sword,5962,[The_Lurker_in_the_Woods+Resounding_Rendition][Zephyr][HDT2],!<huge hitbox eneny & hp70 & hit10>,c2+fs during s2,attack:974,force_strike:181,fs_alt_hit1:928,fs_alt_hit2:928,skill_1:2162,skill_3:721
8716,Laranoa,5*,water,bow,4389,[Forest_Bonds+Dear_Diary][Siren][HDT2],<buff all team & hp30 every 180s>,doesn't count spbuff for teammates,attack:1643,force_strike:481,skill_1:5030,skill_3:1210,team_buff:499
7494,_c_Laranoa,5*,water,bow,4389,[Forest_Bonds+Dear_Diary][Siren][HDT2],!<buff all team & hp30 every 180s>,doesn't count spbuff for teammates,attack:1497,force_strike:439,skill_1:4583,skill_3:1110
14813,Lathna,5*,shadow,lance,5233,[Resounding_Rendition+Beautiful_Nothingness][Shinobi][Agito],<hp70>,no poison,attack:2450,skill_1:8278,skill_2:4306
13022,_c_Lathna,5*,shadow,lance,4831,[Resounding_Rendition+Beautiful_Nothingness][Shinobi][Agito],!<hp70>,no poison,attack:2154,skill_1:7277,skill_2:3785
7774,Laxi,4*,flame,blade,7314,[Resounding_Rendition+Beautiful_Nothingness][Dreadking_Rathalos][Agito],<hp70>,a1 proc at 0s,attack:2980,force_strike:1828,skill_1:1529,s1_boost:1436
6974,_c_Laxi,4*,flame,blade,6871,[Resounding_Rendition+Beautiful_Nothingness][Dreadking_Rathalos][Agito],!<hp70>,a1 proc at 0s,attack:2673,force_strike:1640,skill_1:1371,s1_boost:1288
11093,Lea,5*,flame,sword,6068,[The_Shining_Overlord+Elegant_Escort][Dreadking_Rathalos][Agito],<0 burn res>,c2+fs; 89% burn uptime,attack:1737,force_strike:2413,skill_1:3939,s1_burn:1223,skill_2:1936
7855,_c_Lea,5*,flame,sword,6068,[The_Shining_Overlord+Elegant_Escort][Dreadking_Rathalos][Agito],!<0 burn res>,c2+fs,attack:1385,force_strike:1926,skill_1:3168,s1_burn:0,skill_2:1499
8984,Lily,5*,water,wand,5821,[Candy_Couriers+Seaside_Princess][Siren][HDT2],<hp100>,,attack:2055,skill_1:3735,skill_2:1879,skill_3:1500
7016,_c_Lily,5*,water,wand,4657,[Candy_Couriers+Seaside_Princess][Siren][HDT2],!<hp100>,,attack:1605,skill_1:2917,skill_2:1467,skill_3:1171
8534,Linus,3*,light,axe,6313,[Kung_Fu_Masters+Flower_in_the_Fray][Cupid][HDT2],<hp60>,,attack:3055,force_strike:204,skill_1:3253,skill_2:1330,skill_3:967
8285,_c_Linus,3*,light,axe,6129,[Kung_Fu_Masters+Flower_in_the_Fray][Cupid][HDT2],!<hp60>,,attack:2966,force_strike:198,skill_1:3158,skill_2:1291,skill_3:939
20501,Lin_You,5*,wind,axe,5717,[The_Wyrmclan_Duo+Primal_Crisis][Long_Long][HDT2],<hp70 & hit25 & hit50 & hit10 & hit15>,2in1 ,attack:7839,force_strike:153,skill_1:7765,s1_powerup:2872,skill_3:2582
9465,_c_Lin_You,5*,wind,axe,5717,[The_Wyrmclan_Duo+Primal_Crisis][Long_Long][HDT2],!<hp70 & hit25 & hit50 & hit10 & hit15>,2in1 ,attack:3707,force_strike:79,skill_1:3584,s1_powerup:1280,skill_3:1150
9181,Louise,5*,wind,bow,5966,[Dear_Diary+The_Fires_of_Hate][AC011_Garland][HDT2],<maintain shield & hp30 every 180s & hp100 & 0 poison res>,no fs; 90% poison uptime,attack:3346,skill_1:2454,s1_poison:729,skill_2:2106,skill_3:847
4718,_c_Louise,5*,wind,bow,5424,[Dear_Diary+The_Fires_of_Hate][AC011_Garland][HDT2],!<maintain shield & hp30 every 180s & hp100 & 0 poison res>,no fs,attack:2053,skill_1:1495,s1_poison:0,skill_2:853,skill_3:501
8298,Luca,4*,light,bow,5891,[Forest_Bonds+Dear_Diary][Daikokuten][HDT2],<hp100 & hit15 & hp30 every 180s & 0 paralysis res>,83% paralysis uptime,attack:2062,force_strike:1097,skill_1:2746,s1_paralysis:768,skill_2:1258,skill_3:553
5505,_c_Luca,4*,light,bow,5435,[Forest_Bonds+Dear_Diary][Daikokuten][HDT2],!<hp100 & hit15 & hp30 every 180s & 0 paralysis res>,,attack:1514,force_strike:801,skill_1:2005,s1_paralysis:0,skill_2:918,skill_3:403
9739,Lucretia,5*,light,wand,6449,[Candy_Couriers+Primal_Crisis][Daikokuten][HDT2],<hit15>,,attack:3771,skill_1:3876,skill_3:2019,team_energy:413
7238,_c_Lucretia,5*,light,wand,6449,[Candy_Couriers+Primal_Crisis][Daikokuten][HDT2],!<hit15>,,attack:2784,skill_1:2822,skill_3:1470,team_energy:413
8482,Luther,4*,water,dagger,4419,[Twinfold_Bonds+The_Prince_of_Dragonyule][Siren][HDT2],<hit15>,,attack:2119,force_strike:100,skill_1:3833,skill_2:1359,skill_3:1103,team_buff:157
6457,_c_Luther,4*,water,dagger,4419,[Twinfold_Bonds+The_Prince_of_Dragonyule][Siren][HDT2],!<hit15>,,attack:1618,force_strike:79,skill_1:2890,skill_2:1025,skill_3:831,team_buff:157
8281,Malka,3*,light,lance,6465,[Resounding_Rendition+Jewels_of_the_Sun][Cupid][HDT2],<hp70>,,attack:2265,force_strike:315,skill_1:3282,skill_3:1376,team_buff:1246
7542,_c_Malka,3*,light,lance,6084,[Resounding_Rendition+Jewels_of_the_Sun][Cupid][HDT2],!<hp70>,,attack:2027,force_strike:282,skill_1:2937,skill_3:1231,team_buff:1246
8178,Malora,3*,light,bow,5598,[Forest_Bonds+Dear_Diary][Daikokuten][HDT2],<hit15 & hp30 every 180s>,,attack:2094,force_strike:585,skill_1:2996,skill_2:1245,skill_3:1096,team_buff:350
6487,_c_Malora,3*,light,bow,5598,[Forest_Bonds+Dear_Diary][Daikokuten][HDT2],!<hit15 & hp30 every 180s>,,attack:1649,force_strike:458,skill_1:2345,skill_2:974,skill_3:858,team_buff:350
12843,Maribelle,5*,wind,wand,6018,[Candy_Couriers+Primal_Crisis][AC011_Garland][HDT2],<maintain shield & hp100 & hit15>,,attack:3080,skill_1:4930,skill_2:2570,skill_3:2058,team_buff:482
7935,_c_Maribelle,5*,wind,wand,6018,[Candy_Couriers+Primal_Crisis][AC011_Garland][HDT2],!<maintain shield & hp100 & hit15>,,attack:2203,skill_1:2804,skill_2:1444,skill_3:1199,team_buff:482
17736,Marth,5*,flame,sword,6054,[Mega_Friends+Primal_Crisis][Dreadking_Rathalos][Agito],<hit15 & hit10>,c2fs,attack:3117,force_strike:4199,skill_1:5421,skill_2:2633,team_buff:2648
13305,_c_Marth,5*,flame,sword,6054,[Mega_Friends+Primal_Crisis][Dreadking_Rathalos][Agito],!<hit15 & hit10>,c2fs,attack:2202,force_strike:2965,skill_1:3795,skill_2:1893,team_buff:2648
11378,Marty,3*,flame,sword,6109,[Resounding_Rendition+The_Lurker_in_the_Woods][Dreadking_Rathalos][Agito],<hp70>,,attack:2515,force_strike:3563,skill_1:5526
10819,_c_Marty,3*,flame,sword,6109,[Resounding_Rendition+The_Lurker_in_the_Woods][Dreadking_Rathalos][Agito],!<hp70>,,attack:2392,force_strike:3388,skill_1:5255
13559,Melody,3*,wind,blade,6253,[A_Dogs_Day+From_Whence_He_Comes][Ariel][HDT2],<hp100>,,attack:3826,force_strike:388,team_buff:9343
13352,_c_Melody,3*,wind,blade,6253,[A_Dogs_Day+From_Whence_He_Comes][Ariel][HDT2],!<hp100>,,attack:3638,force_strike:369,team_buff:9343
9608,Melsa,4*,flame,dagger,6131,[Twinfold_Bonds+The_Lurker_in_the_Woods][Dreadking_Rathalos][Agito],<hit15>,,attack:1850,force_strike:3301,skill_1:3269,skill_2:1354
8350,_c_Melsa,4*,flame,dagger,6131,[Twinfold_Bonds+The_Lurker_in_the_Woods][Dreadking_Rathalos][Agito],!<hit15>,,attack:1612,force_strike:2874,skill_1:2834,skill_2:1174
10400,Mikoto,5*,flame,blade,6932,[Resounding_Rendition+Beautiful_Nothingness][Arctos][Agito],<hp70>,,attack:5901,skill_1:4498
8305,_c_Mikoto,5*,flame,blade,6485,[Resounding_Rendition+Beautiful_Nothingness][Arctos][Agito],!<hp70>,,attack:4712,skill_1:3592
11524,Musashi,4*,wind,blade,8027,[Resounding_Rendition+The_Fires_of_Hate][Vayu][HDT2],<last offense & hp70 & hp100 & 0 poison res>,87% poison uptime,attack:2747,skill_1:5820,s1_poison:1351,skill_3:1605
7133,_c_Musashi,4*,wind,blade,5096,[Resounding_Rendition+The_Fires_of_Hate][Vayu][HDT2],!<last offense & hp70 & hp100 & 0 poison res>,,attack:1903,skill_1:4084,s1_poison:0,skill_3:1145
19207,Naveed,5*,flame,sword,5192,[The_Shining_Overlord+Primal_Crisis][Konohana_Sakuya][Agito],<hit15 & hp60>,,attack:3293,force_strike:1016,skill_1:7411,s1_boost:7785
14051,_c_Naveed,5*,flame,sword,4898,[The_Shining_Overlord+Primal_Crisis][Konohana_Sakuya][Agito],!<hit15 & hp60>,,attack:2414,force_strike:737,skill_1:5452,s1_boost:5666
26719,Nefaria,5*,shadow,bow,5205,[Resounding_Rendition+The_Fires_of_Hate][Shinobi][Agito],<hp100 & hp70 & 0 poison res & 80 blind res>,s2 fs(precharge) s1 s1; 91% poison uptime; 13% blind uptime,attack:3715,force_strike:1833,skill_1:17198,s1_poison:4309
8318,_c_Nefaria,5*,shadow,bow,4627,[Resounding_Rendition+The_Fires_of_Hate][Shinobi][Agito],!<hp100 & hp70 & 0 poison res & 80 blind res>,s2 fs(precharge) s1 s1,attack:2107,force_strike:995,skill_1:5406,s1_poison:0
10270,Nicolas,3*,wind,wand,5954,[Candy_Couriers+Primal_Crisis][AC011_Garland][HDT2],<maintain shield & hit15>,,attack:3511,skill_1:3820,skill_2:1623,skill_3:1633
7366,_c_Nicolas,3*,wind,wand,5954,[Candy_Couriers+Primal_Crisis][AC011_Garland][HDT2],!<maintain shield & hit15>,,attack:2547,skill_1:2755,skill_2:1143,skill_3:1150
21456,Noelle,4*,wind,wand,5927,[Candy_Couriers+A_Dogs_Day][Ariel][HDT2],<buff all team>,use Freyja & Castle Cheer Corps in 4DPS team,attack:4279,skill_2:2737,skill_3:2761,team_buff:12066
9390,_c_Noelle,4*,wind,wand,5927,[Candy_Couriers+A_Dogs_Day][Ariel][HDT2],!<buff all team>,use Freyja & Castle Cheer Corps in 4DPS team,attack:4279,skill_2:2737,skill_3:2761
9427,Norwin,4*,shadow,bow,6669,[Forest_Bonds+Dear_Diary][Fatalis][Agito],<hp30 every 180s & 80 blind res>,10% blind uptime,attack:3473,skill_1:6014,team_buff:254
8030,_c_Norwin,4*,shadow,bow,6669,[Forest_Bonds+Dear_Diary][Fatalis][Agito],!<hp30 every 180s & 80 blind res>,,attack:3071,skill_1:5237
13308,Odetta,4*,light,sword,6920,[Resounding_Rendition+The_Lurker_in_the_Woods][Cupid][HDT2],<buff all team & hp70 & hp60>,c2+fs,attack:2562,force_strike:2573,skill_1:3112,skill_3:1674,team_buff:3617
8854,_c_Odetta,4*,light,sword,6203,[Resounding_Rendition+The_Lurker_in_the_Woods][Cupid][HDT2],!<buff all team & hp70 & hp60>,c2+fs,attack:2197,force_strike:2206,skill_1:2671,skill_3:1437,team_buff:540
10097,Orion,4*,shadow,dagger,6701,[Twinfold_Bonds+Howling_to_the_Heavens][Fatalis][Agito],<hit15>,,attack:3661,force_strike:489,skill_1:4176,skill_2:2101
7967,_c_Orion,4*,shadow,dagger,6701,[Twinfold_Bonds+Howling_to_the_Heavens][Fatalis][Agito],!<hit15>,,attack:2894,force_strike:383,skill_1:3306,skill_2:1645
8852,Orsem,4*,water,dagger,4467,[Twinfold_Bonds+The_Prince_of_Dragonyule][Siren][HDT2],<hit15 & hp70>,,attack:1900,force_strike:346,skill_1:3684,skill_2:1574,skill_3:1518
6432,_c_Orsem,4*,water,dagger,4467,[Twinfold_Bonds+The_Prince_of_Dragonyule][Siren][HDT2],!<hit15 & hp70>,,attack:1395,force_strike:254,skill_1:2668,skill_2:1140,skill_3:1099
8226,Philia,3*,wind,bow,5780,[Forest_Bonds+Dear_Diary][AC011_Garland][HDT2],<maintain shield & hp100 & hp30 every 180s & 0 paralysis res>,44% paralysis uptime,attack:2836,skill_1:2798,skill_2:1060,s2_paralysis:232,skill_3:1556
5834,_c_Philia,3*,wind,bow,5419,[Forest_Bonds+Dear_Diary][AC011_Garland][HDT2],!<maintain shield & hp100 & hp30 every 180s & 0 paralysis res>,,attack:2082,skill_1:2037,skill_2:785,s2_paralysis:0,skill_3:1117
7457,Pia,4*,wind,lance,5870,[Resounding_Rendition+Beautiful_Nothingness][AC011_Garland][HDT2],<maintain shield & hp70>,,attack:2413,force_strike:269,skill_1:3508,skill_3:1278,team_energy:206
5755,_c_Pia,4*,wind,lance,5503,[Resounding_Rendition+Beautiful_Nothingness][AC011_Garland][HDT2],!<maintain shield & hp70>,,attack:1853,force_strike:209,skill_1:2693,skill_3:960,team_energy:206
7415,Pietro,3*,water,axe,4442,[Kung_Fu_Masters+Flower_in_the_Fray][Siren][HDT2],<>,,attack:2330,force_strike:224,skill_1:3909,skill_3:1162
9090,Raemond,3*,light,sword,6307,[The_Shining_Overlord+Beautiful_Nothingness][Cupid][HDT2],<hit10 & hp70>,,attack:2547,force_strike:1059,skill_1:2910,skill_2:1551,skill_3:1252
7930,_c_Raemond,3*,light,sword,5936,[The_Shining_Overlord+Beautiful_Nothingness][Cupid][HDT2],!<hit10 & hp70>,,attack:2226,force_strike:925,skill_1:2536,skill_2:1351,skill_3:1091
15078,Ramona,5*,flame,axe,5155,[Kung_Fu_Masters+Valiant_Crown][Konohana_Sakuya][Agito],<hp60>,,attack:2609,skill_1:12705
14411,_c_Ramona,5*,flame,axe,4863,[Kung_Fu_Masters+Valiant_Crown][Konohana_Sakuya][Agito],!<hp60>,,attack:2490,skill_1:12147
8643,Ranzal,4*,wind,axe,6154,[Kung_Fu_Masters+Crystalian_Envoy][AC011_Garland][HDT2],<maintain shield & hp60 & hp70>,do not use fs,attack:3902,skill_1:3715,skill_3:1380
6621,_c_Ranzal,4*,wind,axe,5499,[Kung_Fu_Masters+Crystalian_Envoy][AC011_Garland][HDT2],!<maintain shield & hp60 & hp70>,do not use fs,attack:3013,skill_1:2840,skill_3:1041
7301,Rawn,4*,light,bow,5460,[Forest_Bonds+Dear_Diary][Daikokuten][HDT2],<hit15 & hp30 every 180s>,,attack:2071,force_strike:467,skill_1:2575,skill_2:1337,skill_3:1037
5724,_c_Rawn,4*,light,bow,5460,[Forest_Bonds+Dear_Diary][Daikokuten][HDT2],!<hit15 & hp30 every 180s>,,attack:1630,force_strike:366,skill_1:2016,skill_2:1047,skill_3:812
15573,Rena,5*,flame,blade,5256,[Resounding_Rendition+Elegant_Escort][Konohana_Sakuya][Agito],<hp70 & 0 burn res>,85% burn uptime,attack:3230,skill_1:10015,s1_burn:2326
8200,_c_Rena,5*,flame,blade,5256,[Resounding_Rendition+Elegant_Escort][Konohana_Sakuya][Agito],!<hp70 & 0 burn res>,,attack:2413,skill_1:5786,s1_burn:0
8263,Renee,4*,water,dagger,4419,[Twinfold_Bonds+The_Prince_of_Dragonyule][Siren][HDT2],<hit15 & 100 bog res>,,attack:2001,force_strike:172,skill_1:3929,skill_2:1331,skill_3:1010
6792,_c_Renee,4*,water,dagger,4419,[Twinfold_Bonds+The_Prince_of_Dragonyule][Siren][HDT2],!<hit15 & 100 bog res>,,attack:1651,force_strike:142,skill_1:3242,skill_2:1087,skill_3:818
14032,Renelle,3*,flame,dagger,6147,[Twinfold_Bonds+Elegant_Escort][Dreadking_Rathalos][Agito],<hit15 & 0 burn res>,79% burn uptime,attack:3049,force_strike:3424,skill_1:4289,s1_burn:864,skill_2:2067,s2_burn:456,team_buff:157
8703,_c_Renelle,3*,flame,dagger,6147,[Twinfold_Bonds+Elegant_Escort][Dreadking_Rathalos][Agito],!<hit15 & 0 burn res>,,attack:2070,force_strike:2341,skill_1:2953,s1_burn:0,skill_2:1368,s2_burn:0,team_buff:157
9166,Rex,3*,water,axe,5186,[Kung_Fu_Masters+Crystalian_Envoy][Siren][HDT2],<hp60 & hp70>,,attack:2530,force_strike:190,skill_1:3910,skill_2:1600,skill_3:1163
8029,_c_Rex,3*,water,axe,4543,[Kung_Fu_Masters+Crystalian_Envoy][Siren][HDT2],!<hp60 & hp70>,,attack:2216,force_strike:167,skill_1:3425,skill_2:1402,skill_3:1019
13254,Rodrigo,3*,shadow,sword,7690,[The_Shining_Overlord+Jewels_of_the_Sun][Fatalis][Agito],<hp70 & hp60>,,attack:4331,force_strike:1206,skill_1:5657,skill_2:2452
11698,_c_Rodrigo,3*,shadow,sword,6787,[The_Shining_Overlord+Jewels_of_the_Sun][Fatalis][Agito],!<hp70 & hp60>,,attack:3822,force_strike:1065,skill_1:4993,skill_2:2164
5932,Ryozen,4*,light,lance,6722,[Resounding_Rendition+Beautiful_Nothingness][Cupid][HDT2],<hp60 & hp70>,,attack:2489,force_strike:416,skill_2:1878,skill_3:1373
5064,_c_Ryozen,4*,light,lance,6025,[Resounding_Rendition+Beautiful_Nothingness][Cupid][HDT2],!<hp60 & hp70>,,attack:2125,force_strike:355,skill_2:1603,skill_3:1172
13597,Summer_Celliera,5*,water,sword,4855,[The_Shining_Overlord+FirstRate_Hospitality][Siren][HDT2],<hp70 & 100 bog res>,,attack:1904,force_strike:1167,skill_1:5307,skill_2:1500,skill_3:2076,team_buff:1813
12861,_c_Summer_Celliera,5*,water,sword,4551,[The_Shining_Overlord+FirstRate_Hospitality][Siren][HDT2],!<hp70 & 100 bog res>,,attack:1785,force_strike:1094,skill_1:4975,skill_2:1406,skill_3:1947,team_buff:1813
10922,Summer_Estelle,4*,water,wand,4561,[Candy_Couriers+Primal_Crisis][Siren][HDT2],<buff all team & hit15>,,attack:2916,skill_1:4317,skill_3:1692,team_buff:2260
7412,_c_Summer_Estelle,4*,water,wand,4561,[Candy_Couriers+Primal_Crisis][Siren][HDT2],!<buff all team & hit15>,,attack:2366,skill_1:3476,skill_3:1363,team_buff:420
11581,Summer_Julietta,5*,water,axe,5286,[Kung_Fu_Masters+Jewels_of_the_Sun][Siren][HDT2],<buff all team & hp60 & hp70 & 100 bog res>,,attack:3062,skill_1:4999,skill_3:1933,team_buff:1864
8523,_c_Summer_Julietta,5*,water,axe,4603,[Kung_Fu_Masters+Jewels_of_the_Sun][Siren][HDT2],!<buff all team & hp60 & hp70 & 100 bog res>,,attack:2680,skill_1:4385,skill_3:1699
14220,Student_Maribelle,5*,flame,wand,5181,[Candy_Couriers+Primal_Crisis][Konohana_Sakuya][Agito],<hp100 & hit15>,,attack:3333,skill_1:7509,skill_2:3145,team_buff:534
10302,_c_Student_Maribelle,5*,flame,wand,5181,[Candy_Couriers+Primal_Crisis][Konohana_Sakuya][Agito],!<hp100 & hit15>,,attack:2704,skill_1:5150,skill_2:2157,team_buff:534
7446,Summer_Ranzal,4*,water,blade,7384,[Resounding_Rendition+FirstRate_Hospitality][Siren][HDT2],<buff all team & last offense & hp70 & 100 bog res>,,attack:2032,skill_1:3492,skill_3:1173,team_buff:747
5774,_c_Summer_Ranzal,4*,water,blade,4944,[Resounding_Rendition+FirstRate_Hospitality][Siren][HDT2],!<buff all team & last offense & hp70 & 100 bog res>,,attack:1712,skill_1:3015,skill_3:1046
14622,Serena,4*,flame,sword,5883,[Mega_Friends+Primal_Crisis][Dreadking_Rathalos][Agito],<always connect hits & hit10 & hit15>,,attack:2730,force_strike:3637,skill_1:5841,skill_2:2659
10452,_c_Serena,4*,flame,sword,5883,[Mega_Friends+Primal_Crisis][Dreadking_Rathalos][Agito],!<always connect hits & hit10 & hit15>,,attack:1962,force_strike:2612,skill_1:4171,skill_2:1884
14161,Su_Fang,4*,wind,dagger,5545,[Twinfold_Bonds+The_Plaguebringer][AC011_Garland][HDT2],<maintain shield & hit15>,73% poison uptime,attack:3825,force_strike:764,fs_poison:387,skill_1:7621,skill_3:1909
11019,_c_Su_Fang,4*,wind,dagger,5545,[Twinfold_Bonds+The_Plaguebringer][AC011_Garland][HDT2],!<maintain shield & hit15>,73% poison uptime,attack:2998,force_strike:601,fs_poison:298,skill_1:5923,skill_3:1468
13454,Sylas,5*,wind,lance,5541,[Resounding_Rendition+The_Fires_of_Hate][Vayu][HDT2],<hp70 & hp100 & 0 poison res>,not consider skill haste for team; 90% poison uptime,attack:3162,force_strike:237,skill_1:5642,s1_poison:1617,skill_3:2558,team_buff:524
6954,_c_Sylas,5*,wind,lance,4492,[Resounding_Rendition+The_Fires_of_Hate][Vayu][HDT2],!<hp70 & hp100 & 0 poison res>,not consider skill haste for team,attack:1778,force_strike:136,skill_1:3325,s1_poison:0,skill_3:1351,team_buff:524
9775,Taro,3*,shadow,blade,8188,[Resounding_Rendition+Beautiful_Nothingness][Fatalis][Agito],<hp70>,,attack:3668,skill_1:4212,skill_2:1893
8819,_c_Taro,3*,shadow,blade,7757,[Resounding_Rendition+Beautiful_Nothingness][Fatalis][Agito],!<hp70>,,attack:3310,skill_1:3800,skill_2:1707
10473,Valentines_Ezelith,4*,flame,bow,6025,[Elegant_Escort+Dear_Diary][Dreadking_Rathalos][Agito],<hp30 every 180s & 0 burn res & always connect hits>,78% burn uptime,attack:1602,force_strike:3570,skill_1:2692,s1_burn:812,skill_2:1106,team_buff:833
7189,_c_Valentines_Ezelith,4*,flame,bow,6025,[Elegant_Escort+Dear_Diary][Dreadking_Rathalos][Agito],!<hp30 every 180s & 0 burn res & always connect hits>,,attack:1200,force_strike:2642,skill_1:1816,s1_burn:0,skill_2:806,team_buff:833
13546,Valentines_Orion,3*,flame,sword,5959,[Mega_Friends+Elegant_Escort][Dreadking_Rathalos][Agito],<0 burn res>,82% burn uptime,attack:3079,force_strike:4138,skill_1:5421,s1_burn:1185
9426,_c_Valentines_Orion,3*,flame,sword,5959,[Mega_Friends+Elegant_Escort][Dreadking_Rathalos][Agito],!<0 burn res>,,attack:2333,force_strike:3148,skill_1:4156,s1_burn:0
12331,Vanessa,4*,flame,axe,8418,[Kung_Fu_Masters+Mega_Friends][Dreadking_Rathalos][Agito],<last offense & hp60>,,attack:4059,force_strike:1309,skill_1:4895,skill_2:1998,team_buff:437
11609,_c_Vanessa,4*,flame,axe,6235,[Kung_Fu_Masters+Mega_Friends][Dreadking_Rathalos][Agito],!<last offense & hp60>,,attack:3775,force_strike:1210,skill_1:4609,skill_2:1918,team_buff:437
13715,Veronica,5*,shadow,wand,15905,[Candy_Couriers+Primal_Crisis][Shinobi][Agito],<hit15 & hp=80%>,,attack:2745,force_strike:537,skill_1:7101,skill_2:3201,team_buff:379
10979,_c_Veronica,5*,shadow,wand,15905,[Candy_Couriers+Primal_Crisis][Shinobi][Agito],!<hit15 & hp=80%>,,attack:2222,force_strike:432,skill_1:5512,skill_2:2634,team_buff:379
33411,Vice,3*,shadow,dagger,4866,[Twinfold_Bonds+The_Plaguebringer][Shinobi][Agito],<hit15 & 0 poison res>,83% poison uptime,attack:3493,force_strike:229,fs_poison:334,skill_1:20178,skill_2:9493
17463,_c_Vice,3*,shadow,dagger,4866,[Twinfold_Bonds+The_Plaguebringer][Shinobi][Agito],!<hit15 & 0 poison res>,,attack:2581,force_strike:170,fs_poison:0,skill_1:10123,skill_2:4823
9644,Vida,3*,shadow,dagger,6674,[Twinfold_Bonds+Howling_to_the_Heavens][Fatalis][Agito],<hit15>,,attack:4359,force_strike:843,skill_1:4837
8134,_c_Vida,3*,shadow,dagger,6674,[Twinfold_Bonds+Howling_to_the_Heavens][Fatalis][Agito],!<hit15>,,attack:3685,force_strike:714,skill_1:4068
9009,Wedding_Aoi,5*,wind,dagger,5337,[Twinfold_Bonds+Levins_Champion][AC011_Garland][HDT2],<big hitbox & maintain shield & hit15 & hp70 & 80 sleep res>,,attack:2485,force_strike:97,skill_1:3512,s1_hit1:530,s1_hit2:536,s1_hit3:536,s1_hit4:536,skill_3:755,team_buff:244
5058,_c_Wedding_Aoi,5*,wind,dagger,5337,[Twinfold_Bonds+Levins_Champion][AC011_Garland][HDT2],!<big hitbox & maintain shield & hit15 & hp70 & 80 sleep res>,,attack:1801,force_strike:75,skill_1:2430,s1_hit1:381,skill_3:532
13367,Wedding_Elisanne,5*,wind,sword,5980,[The_Shining_Overlord+FirstRate_Hospitality][AC011_Garland][HDT2],<maintain shield & hp60 & hp70 & s2 defdown for 10s>,2in1,attack:2481,force_strike:1169,skill_1:5100,skill_2:1547,skill_3:1256,team_buff:2036
7821,_c_Wedding_Elisanne,5*,wind,sword,5356,[The_Shining_Overlord+FirstRate_Hospitality][AC011_Garland][HDT2],!<maintain shield & hp60 & hp70 & s2 defdown for 10s>,2in1,attack:1647,force_strike:865,skill_1:3157,skill_2:1192,skill_3:1107
6603,Waike,3*,water,bow,4341,[Forest_Bonds+Dear_Diary][Siren][HDT2],<hp30 every 180s & 100 bog res>,,attack:1348,force_strike:704,skill_1:2951,skill_2:1138,skill_3:583
6003,_c_Waike,3*,water,bow,4341,[Forest_Bonds+Dear_Diary][Siren][HDT2],!<hp30 every 180s & 100 bog res>,,attack:1225,force_strike:640,skill_1:2683,skill_2:1034,skill_3:530
16409,Xainfried,5*,water,lance,4803,[Heralds_of_Hinomoto+His_Clever_Brother][Siren][HDT2],<0 frostbite res>,96% frostbite uptime,attack:2066,force_strike:307,skill_1:8282,s1_frostbite:1909,skill_2:1371,team_buff:2659
11022,_c_Xainfried,5*,water,lance,4803,[Heralds_of_Hinomoto+His_Clever_Brother][Siren][HDT2],!<0 frostbite res>,,attack:1739,force_strike:260,skill_1:5373,s1_frostbite:0,skill_2:1147,team_buff:2659
11317,Xander,5*,water,sword,4995,[The_Shining_Overlord+Jewels_of_the_Sun][Siren][HDT2],<hit10 & hp70>,c2+fs,attack:1506,force_strike:1512,skill_1:4580,s1_boost:0,skill_2:2202,skill_3:1652
9258,_c_Xander,5*,water,sword,4611,[The_Shining_Overlord+Jewels_of_the_Sun][Siren][HDT2],!<hit10 & hp70>,c2+fs,attack:1237,force_strike:1242,skill_1:3741,s1_boost:0,skill_2:1799,skill_3:1349
17284,Xania,3*,flame,wand,6417,[Candy_Couriers+Primal_Crisis][Apollo][Agito],<hit15 & 0 burn res>,81% burn uptime,attack:5751,skill_1:7116,s1_burn:1101,skill_2:3289,s2_burn:546
11282,_c_Xania,3*,flame,wand,6417,[Candy_Couriers+Primal_Crisis][Apollo][Agito],!<hit15 & 0 burn res>,,attack:4146,skill_1:5103,s1_burn:0,skill_2:2408,s2_burn:0
11261,Xiao_Lei,3*,light,wand,6049,[Candy_Couriers+Primal_Crisis][Daikokuten][HDT2],<hit15>,,attack:4241,skill_1:4728,skill_3:1422,team_buff:1253
8472,_c_Xiao_Lei,3*,light,wand,6049,[Candy_Couriers+Primal_Crisis][Daikokuten][HDT2],!<hit15>,,attack:3085,skill_1:3401,skill_3:1011,team_buff:1253
10930,Xuan_Zang,4*,flame,lance,6744,[Resounding_Rendition+Jewels_of_the_Sun][Dreadking_Rathalos][Agito],<hp70 & hp60>,,attack:3477,force_strike:1345,skill_1:4058,s1_boost:694,team_buff:1670
9327,_c_Xuan_Zang,4*,flame,lance,6034,[Resounding_Rendition+Jewels_of_the_Sun][Dreadking_Rathalos][Agito],!<hp70 & hp60>,,attack:2874,force_strike:1111,skill_1:3356,s1_boost:574,team_buff:1670
11921,Yachiyo,4*,light,blade,6853,[Mega_Friends+Spirit_of_the_Season][Corsaint_Phoenix][HDT2],<hp100 & 0 paralysis res>,80% paralysis uptime,attack:3645,force_strike:126,fs_boost:952,skill_1:4480,s1_paralysis:676,skill_3:2038
6150,_c_Yachiyo,4*,light,blade,6230,[Mega_Friends+Spirit_of_the_Season][Corsaint_Phoenix][HDT2],!<hp100 & 0 paralysis res>,,attack:2055,force_strike:72,fs_boost:543,skill_1:2360,s1_paralysis:0,skill_3:1119
16477,Yaten,5*,shadow,sword,7649,[The_Shining_Overlord+Beautiful_Nothingness][Fatalis][Agito],<hp60 & hp70>,,attack:4461,force_strike:1849,skill_1:7944,s1_boost:1711,team_energy:915
14977,_c_Yaten,5*,shadow,sword,6836,[The_Shining_Overlord+Beautiful_Nothingness][Fatalis][Agito],!<hp60 & hp70>,,attack:4028,force_strike:1669,skill_1:7176,s1_boost:1552,team_energy:915
9918,Yue,4*,flame,axe,5694,[Kung_Fu_Masters+Flower_in_the_Fray][Arctos][Agito],<>,,attack:4582,force_strike:589,skill_1:5162
9684,Yuya,4*,flame,dagger,7022,[Twinfold_Bonds+The_Lurker_in_the_Woods][Dreadking_Rathalos][Agito],<hit15 & hp60>,,attack:2455,force_strike:4291,skill_1:3159
6891,_c_Yuya,4*,flame,dagger,5417,[Twinfold_Bonds+The_Lurker_in_the_Woods][Dreadking_Rathalos][Agito],!<hit15 & hp60>,,attack:1749,force_strike:3055,skill_1:2245
10372,Zace,3*,shadow,lance,7242,[Resounding_Rendition+Beautiful_Nothingness][Fatalis][Agito],<hp70>,,attack:3227,force_strike:555,skill_1:4572,skill_2:2309
9358,_c_Zace,3*,shadow,lance,6861,[Resounding_Rendition+Beautiful_Nothingness][Fatalis][Agito],!<hp70>,,attack:2912,force_strike:501,skill_1:4125,skill_2:2083
11154,Zardin,3*,water,sword,5352,[The_Shining_Overlord+Beautiful_Nothingness][Siren][HDT2],<hp100 & hp60 & hp70>,,attack:2112,force_strike:883,skill_1:4454,skill_2:2005,skill_3:1889
9282,_c_Zardin,3*,water,sword,4454,[The_Shining_Overlord+Beautiful_Nothingness][Siren][HDT2],!<hp100 & hp60 & hp70>,,attack:1758,force_strike:735,skill_1:3706,skill_2:1668,skill_3:1572
14602,Chitose,4*,light,wand,5758,[Jewels_of_the_Sun+A_Game_of_Cat_and_Boar][Daikokuten][HDT2],<buff all team & hit15 & hp70>,,attack:4822,skill_3:1242,team_buff:8975
4547,_c_Chitose,4*,light,wand,5386,[Jewels_of_the_Sun+A_Game_of_Cat_and_Boar][Daikokuten][HDT2],!<buff all team & hit15 & hp70>,,attack:3900,skill_3:1000
8885,Hanabusa,4*,light,blade,7066,[Resounding_Rendition+Jewels_of_the_Sun][Cupid][HDT2],<hp70>,,attack:2841,skill_1:3474,skill_3:1068,team_buff:1499
8109,_c_Hanabusa,4*,light,blade,6651,[Resounding_Rendition+Jewels_of_the_Sun][Cupid][HDT2],!<hp70>,,attack:2543,skill_1:3109,skill_3:956,team_buff:1499
18044,Mitsuhide,5*,light,dagger,5896,[Twinfold_Bonds+Spirit_of_the_Season][Daikokuten][HDT2],<hit15 & hp100 & 0 paralysis res>,89% paralysis uptime,attack:4036,force_strike:912,skill_1:4899,s1_paralysis:1518,skill_2:4703,skill_3:2340
8004,_c_Mitsuhide,5*,light,dagger,5711,[Twinfold_Bonds+Spirit_of_the_Season][Daikokuten][HDT2],!<hit15 & hp100 & 0 paralysis res>,,attack:2007,force_strike:459,skill_1:2336,s1_paralysis:0,skill_2:2262,skill_3:1121
19258,Nobunaga,5*,flame,blade,5371,[Resounding_Rendition+Primal_Crisis][Konohana_Sakuya][Agito],<hit15 & hp70>,use s2 instead of fs to dispel when possible,attack:3424,force_strike:226,skill_1:4600,s1_boost:7213,skill_2:2916,s2_boost:874
13219,_c_Nobunaga,5*,flame,blade,5371,[Resounding_Rendition+Primal_Crisis][Konohana_Sakuya][Agito],!<hit15 & hp70>,use s2 instead of fs to dispel when possible,attack:2389,force_strike:158,skill_1:3145,s1_boost:4932,skill_2:1994,s2_boost:598
13954,Kirsty,5*,wind,lance,6030,[Resounding_Rendition+Beautiful_Nothingness][AC011_Garland][HDT2],<maintain shield & hp60 & hp70 & maintain Dauntless Strength>,no poison,attack:4956,skill_1:5570,skill_3:1883,team_buff:1994
8192,_c_Kirsty,5*,wind,lance,5653,[Resounding_Rendition+Beautiful_Nothingness][AC011_Garland][HDT2],!<maintain shield & hp60 & hp70 & maintain Dauntless Strength>,no poison,attack:2570,skill_1:2905,skill_3:954,team_buff:1994
16658,Joachim,4*,wind,bow,5262,[Dear_Diary+The_Fires_of_Hate][Vayu][HDT2],<hp70 & hp30 every 180s & hp100 & 0 poison res>,92% poison uptime,attack:3242,skill_1:6600,s1_poison:3409,skill_3:2452,team_buff:1248
6293,_c_Joachim,4*,wind,bow,4354,[Dear_Diary+The_Fires_of_Hate][Vayu][HDT2],!<hp70 & hp30 every 180s & hp100 & 0 poison res>,,attack:1814,skill_1:2064,s1_poison:0,skill_3:1329,team_buff:1248
20321,Ieyasu,5*,shadow,blade,5913,[Resounding_Rendition+Beautiful_Nothingness][Shinobi][Agito],<hp70>,,attack:3442,skill_1:8669,s1_bleed:8210
16123,_c_Ieyasu,5*,shadow,blade,5458,[Resounding_Rendition+Beautiful_Nothingness][Shinobi][Agito],!<hp70>,,attack:2726,skill_1:6881,s1_bleed:6514
10566,Sinoa,4*,flame,wand,6846,[Candy_Couriers+Primal_Crisis][Dreadking_Rathalos][Agito],<hp100 & hit15>,,attack:4386,force_strike:846,skill_2:3124,team_buff:2607
8804,_c_Sinoa,4*,flame,wand,6316,[Candy_Couriers+Primal_Crisis][Dreadking_Rathalos][Agito],!<hp100 & hit15>,,attack:3423,force_strike:657,skill_2:2426,team_buff:2607
24869,Patia,4*,shadow,lance,7659,[Resounding_Rendition+Brothers_in_Arms][Fatalis][Agito],<hp60 & hp70>,,attack:7894,skill_2:4004,s2_bleed:7754,team_buff:5933
23409,_c_Patia,4*,shadow,lance,7294,[Resounding_Rendition+Brothers_in_Arms][Fatalis][Agito],!<hp60 & hp70>,,attack:7279,skill_2:3698,s2_bleed:7160,team_buff:5933
18477,Heinwald,5*,shadow,staff,7168,[Resounding_Rendition+Beautiful_Nothingness][Fatalis][Agito],<buff all teammates & hp70>,,attack:5522,skill_1:9659,team_buff:3797
11194,_c_Heinwald,5*,shadow,staff,6791,[Resounding_Rendition+Beautiful_Nothingness][Fatalis][Agito],!<buff all teammates & hp70>,,attack:4982,skill_1:6664
14960,Gala_Luca,5*,light,blade,6484,[The_Wyrmclan_Duo+Primal_Crisis][Daikokuten][HDT2],<hit15 & hp70>,,attack:4698,skill_1:8109,skill_3:2151
9171,_c_Gala_Luca,5*,light,blade,6484,[The_Wyrmclan_Duo+Primal_Crisis][Daikokuten][HDT2],!<hit15 & hp70>,,attack:2892,skill_1:5004,skill_3:1273
6275,Aurien,3*,flame,staff,6153,[Resounding_Rendition+Beautiful_Nothingness][Apollo][Agito],<hp70 & 0 burn res>,no s1; 46% burn uptime,attack:4994,skill_2:1310,s2_burn:423
4531,_c_Aurien,3*,flame,staff,5769,[Resounding_Rendition+Beautiful_Nothingness][Apollo][Agito],!<hp70 & 0 burn res>,no s1,attack:3999,skill_2:894,s2_burn:0
15822,Hunter_Berserker,5*,flame,sword,6311,[Resounding_Rendition+The_Lurker_in_the_Woods][Dreadking_Rathalos][Agito],<hp70>,,attack:0,force_strike:11236,skill_1:3642,team_buff:942
15166,_c_Hunter_Berserker,5*,flame,sword,6311,[Resounding_Rendition+The_Lurker_in_the_Woods][Dreadking_Rathalos][Agito],!<hp70>,,attack:0,force_strike:10741,skill_1:3482,team_buff:942
15852,Hunter_Vanessa,5*,light,lance,6423,[Resounding_Rendition+Spirit_of_the_Season][Corsaint_Phoenix][HDT2],<hp70 & hp100 & 0 paralysis res>,88% paralysis uptime,attack:4649,force_strike:1924,skill_1:5442,s1_paralysis:1484,skill_3:1832,team_buff:940
8991,_c_Hunter_Vanessa,5*,light,lance,5839,[Resounding_Rendition+Spirit_of_the_Season][Corsaint_Phoenix][HDT2],!<hp70 & hp100 & 0 paralysis res>,,attack:2751,force_strike:1174,skill_1:3333,s1_paralysis:0,skill_3:1040,team_buff:940
16795,Hunter_Sarisse,5*,water,bow,5566,[The_Lurker_in_the_Woods+Dear_Diary][Dragonyule_Jeanne][HDT2],<lance+ distance from HBH sized enemy & hp30 every 180s & always connect hits>,fs hit count vary on distance and enemy size,attack:0,force_strike:10465,fs_extra_1:3139,skill_1:3189
12114,_c_Hunter_Sarisse,5*,water,bow,5566,[The_Lurker_in_the_Woods+Dear_Diary][Dragonyule_Jeanne][HDT2],!<lance+ distance from HBH sized enemy & hp30 every 180s & always connect hits>,fs hit count vary on distance and enemy size,attack:0,force_strike:9514,skill_1:2599
18472,Valentines_Melody,5*,wind,axe,6185,[Kung_Fu_Masters+The_Fires_of_Hate][Ariel][HDT2],<hp100 & s1 defdown for 10s & 0 poison res>,c4fsf c5 c4 s1; 87% poison uptime,attack:5855,skill_1:3617,skill_2:2314,s2_poison:660,skill_3:2271,team_buff:4284
6682,_c_Valentines_Melody,5*,wind,axe,5623,[Kung_Fu_Masters+The_Fires_of_Hate][Ariel][HDT2],!<hp100 & s1 defdown for 10s & 0 poison res>,c4fsf c5 c4 s1,attack:3345,skill_1:2076,skill_2:1564,s2_poison:0
23718,Valentines_Addis,5*,shadow,bow,4462,[The_Plaguebringer+Primal_Crisis][Shinobi][Agito],<hit15 & 0 poison res & hp=20%>,use s2 once; 90% poison uptime,attack:5160,skill_1:15426,s1_poison:3599
7358,_c_Valentines_Addis,5*,shadow,bow,4462,[The_Plaguebringer+Primal_Crisis][Shinobi][Agito],!<hit15 & 0 poison res & hp=20%>,use s2 once,attack:2835,skill_1:4779,s1_poison:0
12103,Pipple,4*,water,wand,5309,[Primal_Crisis+The_Prince_of_Dragonyule][Dragonyule_Jeanne][HDT2],<hit15>,,attack:12399,team_energy:829
10126,_c_Pipple,4*,water,wand,5309,[Primal_Crisis+The_Prince_of_Dragonyule][Dragonyule_Jeanne][HDT2],!<hit15>,,attack:10225,team_energy:829
8581,Summer_Luca,4*,light,axe,6692,[Kung_Fu_Masters+Heralds_of_Hinomoto][Cupid][HDT2],<hp70>,,attack:3327,force_strike:281,skill_1:4274,skill_3:999
8076,_c_Summer_Luca,4*,light,axe,6299,[Kung_Fu_Masters+Heralds_of_Hinomoto][Cupid][HDT2],!<hp70>,,attack:3131,force_strike:264,skill_1:4023,skill_3:940
17674,Natalie,5*,shadow,blade,5258,[Heralds_of_Hinomoto+Dear_Diary][Shinobi][Agito],<hp30 every 180s & hp=20%>,,attack:3852,skill_1:13821
11396,_c_Natalie,5*,shadow,blade,5258,[Heralds_of_Hinomoto+Dear_Diary][Shinobi][Agito],!<hp30 every 180s & hp=20%>,,attack:3529,skill_1:7866
17002,Mitsuba,5*,water,dagger,4436,[Twinfold_Bonds+His_Clever_Brother][Siren][HDT2],<hit15 & 0 frostbite res>,79% frostbite uptime,attack:1631,skill_1:13733,s1_frostbite:490,team_buff:550,team_inspiration:745
7797,_c_Mitsuba,5*,water,dagger,4436,[Twinfold_Bonds+His_Clever_Brother][Siren][HDT2],!<hit15 & 0 frostbite res>,,attack:1124,skill_1:5472,s1_frostbite:0,team_buff:552,team_inspiration:749
23163,Tobias,5*,wind,blade,3832,[Castle_Cheer_Corps+A_Dogs_Day][Freyja][HDT2],<buff all team>,,attack:3357,team_buff:19805
3358,_c_Tobias,5*,wind,blade,3832,[Castle_Cheer_Corps+A_Dogs_Day][Freyja][HDT2],!<buff all team>,,attack:3357
7778,Templar_Hope,4*,wind,sword,5750,[Resounding_Rendition+Brothers_in_Arms][AC011_Garland][HDT2],<maintain shield & hp60 & hp70>,,attack:2715,force_strike:1500,skill_2:2170,skill_3:1638
6032,_c_Templar_Hope,4*,wind,sword,5476,[Resounding_Rendition+Brothers_in_Arms][AC011_Garland][HDT2],!<maintain shield & hp60 & hp70>,,attack:2107,force_strike:1162,skill_2:1678,skill_3:1275
45043,Gala_Alex,5*,shadow,sword,5161,[The_Shining_Overlord+The_Fires_of_Hate][Shinobi][Agito],<hp100 & 0 poison res>,no bk bonus in sim; s2 c4fs [s1 c4fs]*5 & use s1/s2 only when charge>=2; 94% poison uptime,attack:6023,force_strike:1600,skill_1:32307,skill_2:3194,s2_poison:1519,team_buff:945
17010,_c_Gala_Alex,5*,shadow,sword,4587,[The_Shining_Overlord+The_Fires_of_Hate][Shinobi][Agito],!<hp100 & 0 poison res>,no bk bonus in sim; s2 c4fs [s1 c4fs]*5 & use s1/s2 only when charge>=2,attack:2378,force_strike:638,skill_2:14209,s2_poison:0
26945,Aldred,4*,shadow,blade,6056,[Heralds_of_Hinomoto+Primal_Crisis][Shinobi][Agito],<hit15 & hp=30% & hp=24% & hp=18% & hp=6% & hp=1>,maintain dragondrive,attack:3330,skill_1:23581,dx:32
13238,_c_Aldred,4*,shadow,blade,6056,[Heralds_of_Hinomoto+Primal_Crisis][Shinobi][Agito],!<hit15 & hp=30% & hp=24% & hp=18% & hp=6% & hp=1>,maintain dragondrive,attack:2772,skill_1:10437,dx:27
32889,Bellina,5*,shadow,dagger,7574,[Twinfold_Bonds+Howling_to_the_Heavens][Fatalis][Agito],<hit15 & hp=30%>,,attack:16478,force_strike:186,skill_1:16586,skill_2:1091,dx:45
20663,_c_Bellina,5*,shadow,dagger,7574,[Twinfold_Bonds+Howling_to_the_Heavens][Fatalis][Agito],!<hit15 & hp=30%>,,attack:9573,force_strike:162,skill_1:11292,skill_2:467,dx:38
11879,Gauld,4*,water,lance,5011,[Resounding_Rendition+His_Clever_Brother][Siren][HDT2],<hp70 & 0 frostbite res>,95% frostbite uptime,attack:2394,force_strike:168,skill_1:4166,s1_frostbite:3449,skill_3:1917
4492,_c_Gauld,4*,water,lance,4626,[Resounding_Rendition+His_Clever_Brother][Siren][HDT2],!<hp70 & 0 frostbite res>,,attack:1420,force_strike:103,skill_1:1991,s1_frostbite:0,skill_3:1106
15544,Lazry,5*,water,axe,5517,[Heralds_of_Hinomoto+His_Clever_Brother][Gaibhne_and_Creidhne][HDT2],<hp70 & 0 frostbite res>,92% frostbite uptime,attack:4324,force_strike:451,skill_1:6794,s1_frostbite:1072,s2_high:523,team_buff:2769
8957,_c_Lazry,5*,water,axe,5517,[Heralds_of_Hinomoto+His_Clever_Brother][Gaibhne_and_Creidhne][HDT2],!<hp70 & 0 frostbite res>,,attack:2692,force_strike:293,skill_1:3202,s1_frostbite:0,s2_high:243,team_buff:2769
13067,Victor,5*,wind,blade,6048,[Heralds_of_Hinomoto+Jewels_of_the_Sun][Vayu][HDT2],<hp70>,,attack:1942,skill_1:3940,s1_bleed:4617,skill_2:1324,skill_3:1241
10726,_c_Victor,5*,wind,blade,5075,[Heralds_of_Hinomoto+Jewels_of_the_Sun][Vayu][HDT2],!<hp70>,,attack:1626,skill_1:3296,s1_bleed:3588,skill_2:1106,skill_3:1106
12128,Summer_Cleo,5*,light,bow,5322,[Forest_Bonds+Dear_Diary][Corsaint_Phoenix][HDT2],<buff all team & hp30 every 180s & 0 paralysis res>,nofs; 87% paralysis uptime,attack:3140,s1_big_missile:2548,s1_boost:1192,s1_missile:1505,s1_paralysis:1140,skill_3:1857,team_buff:1028
5628,_c_Summer_Cleo,5*,light,bow,5322,[Forest_Bonds+Dear_Diary][Corsaint_Phoenix][HDT2],!<buff all team & hp30 every 180s & 0 paralysis res>,nofs,attack:2073,s1_big_missile:1404,s1_boost:343,s1_missile:842,s1_paralysis:0,skill_3:1153
12271,Addis,4*,wind,blade,6991,[Resounding_Rendition+Beautiful_Nothingness][AC011_Garland][HDT2],<maintain shield & hp70 & 0 poison res>,s2 c2 s1 c5fsf c4fs s1; hold s2s1 until bleed under 3; 12% poison uptime,attack:3701,skill_1:3749,s1_bleed:3783,s1_poison:100,skill_3:936
9202,_c_Addis,4*,wind,blade,6554,[Resounding_Rendition+Beautiful_Nothingness][AC011_Garland][HDT2],!<maintain shield & hp70 & 0 poison res>,s2 c2 s1 c5fsf c4fs s1; hold s2s1 until bleed under 3,attack:2868,skill_1:3095,s1_bleed:2531,s1_poison:0,skill_3:705
17260,Ezelith,5*,flame,dagger,6131,[Twinfold_Bonds+Levins_Champion][Arctos][Agito],<hit15 & hp70>,,attack:7068,force_strike:882,skill_1:9395,team_buff:555
15421,_c_Ezelith,5*,flame,dagger,6131,[Twinfold_Bonds+Levins_Champion][Arctos][Agito],!<hit15 & hp70>,,attack:6260,force_strike:780,skill_1:8316,team_buff:632
12417,Sazanka,4*,shadow,axe,5128,[Kung_Fu_Masters+Crystalian_Envoy][Shinobi][Agito],<hp70 & 80 sleep res>,,attack:3257,force_strike:431,fs_boost:69,skill_1:5254,s1_bleed:3700
10015,_c_Sazanka,4*,shadow,axe,4627,[Kung_Fu_Masters+Crystalian_Envoy][Shinobi][Agito],!<hp70 & 80 sleep res>,,attack:2924,force_strike:389,fs_boost:62,skill_1:4682,s1_bleed:2221
11680,Mega_Man,5*,flame,wand,6281,[Primal_Crisis+Dear_Diary][Cerberus][Agito],<hp30 every 180s & hit15>,16 hits leaf shield (max 32 hits),attack:6737,o_leaf_shield:5268,o_metal_blade:286
8296,_c_Mega_Man,5*,flame,wand,6281,[Primal_Crisis+Dear_Diary][Cerberus][Agito],!<hp30 every 180s & hit15>,16 hits leaf shield (max 32 hits),attack:5553,o_leaf_shield:2939,o_metal_blade:308
14596,Valerio,5*,water,blade,6147,[The_Wyrmclan_Duo+Primal_Crisis][Dragonyule_Jeanne][HDT2],<hp70 & hit15 & 0 frostbite res>,75% frostbite uptime,attack:5807,skill_1:4247,s1_frostbite:399,skill_3:2071,team_buff:1471,team_inspiration:598
10895,_c_Valerio,5*,water,blade,6147,[The_Wyrmclan_Duo+Primal_Crisis][Dragonyule_Jeanne][HDT2],!<hp70 & hit15 & 0 frostbite res>,,attack:4488,skill_1:2796,s1_frostbite:0,skill_3:1562,team_buff:1449,team_inspiration:597
