10535,Aeleen,4*,wind,lance,6751,[Resounding_Rendition+The_Fires_of_Hate][AC011_Garland][HDT2][Blade|Dragonyule_Xainfried|Lin_You],<maintain shield & hit10 & hp70 & hp100>,,attack:2570,force_strike:399,skill_1:3360,skill_3:1009,dx:2579,ds:616
6974,_c_Aeleen,4*,wind,lance,6138,[Resounding_Rendition+The_Fires_of_Hate][AC011_Garland][HDT2][Blade|Dragonyule_Xainfried|Lin_You],!<maintain shield & hit10 & hp70 & hp100>,,attack:1722,force_strike:266,skill_1:2241,skill_3:653,dx:1687,ds:403
15008,Alain,3*,flame,lance,5248,[Primal_Crisis+Elegant_Escort][Konohana_Sakuya][Agito][Blade|Wand|Marth],<0 burn res & hit10 & hit15>,,attack:3174,force_strike:401,skill_1:5817,s1_burn:1022,skill_2:2983,s2_burn:518,dx:132,ds:958
9843,_c_Alain,3*,flame,lance,5248,[Primal_Crisis+Elegant_Escort][Konohana_Sakuya][Agito][Blade|Wand|Marth],!<0 burn res & hit10 & hit15>,,attack:2387,force_strike:304,skill_1:4203,s1_burn:0,skill_2:2158,s2_burn:0,dx:96,ds:693
17218,Albert,5*,light,sword,7055,[The_Shining_Overlord+Spirit_of_the_Season][Daikokuten][HDT2][Blade|Dagger|Halloween_Elisanne],<big hitbox & 0 paralysis res & hit10 & hit15 & hp100>,,attack:2050,force_strike:2151,fs_paralysis:629,skill_1:3717,s1_hit2:113,s1_hit3:113,s1_hit4:113,s1_hit5:113,s1_hit6:113,s1_s2boost:1576,skill_3:1076,team_buff:332,dx:4297,ds:820
11627,_c_Albert,5*,light,sword,6432,[The_Shining_Overlord+Spirit_of_the_Season][Daikokuten][HDT2][Blade|Dagger|Halloween_Elisanne],!<big hitbox & 0 paralysis res & hit10 & hit15 & hp100>,,attack:1462,force_strike:1534,fs_paralysis:0,skill_1:2623,s1_hit2:77,s1_hit3:77,s1_hit4:77,s1_s2boost:1077,skill_3:761,team_buff:332,dx:3034,ds:567
15564,Alex,4*,shadow,dagger,7411,[Twinfold_Bonds+The_Plaguebringer][Fatalis][Agito][Blade|Wand|Gala_Alex],<0 poison res & hp100 & hit15>,not consider bk boost of her s2,attack:4250,force_strike:634,skill_1:6345,s1_poison:1196,skill_2:2512,team_buff:623
10784,_c_Alex,4*,shadow,dagger,7411,[Twinfold_Bonds+The_Plaguebringer][Fatalis][Agito][Blade|Wand|Gala_Alex],!<0 poison res & hp100 & hit15>,not consider bk boost of her s2,attack:3612,force_strike:542,skill_1:4320,s1_poison:0,skill_2:1685,team_buff:623
21653,Alfonse,5*,light,sword,11406,[The_Shining_Overlord+Spirit_of_the_Season][Daikokuten][HDT2][Blade|Dagger|Halloween_Elisanne],<last offense & hp60 & hit10 & hit15 & hp100 & hp=80%>,,attack:4449,force_strike:1698,skill_1:3803,s1_paralysis:1389,skill_2:2278,skill_3:1907,team_buff:333,dx:4797,ds:994
13896,_c_Alfonse,5*,light,sword,6666,[The_Shining_Overlord+Spirit_of_the_Season][Daikokuten][HDT2][Blade|Dagger|Halloween_Elisanne],!<last offense & hp60 & hit10 & hit15 & hp100 & hp=80%>,,attack:2803,force_strike:1073,skill_1:2442,s1_paralysis:887,skill_2:1419,skill_3:1243,team_buff:333,dx:3045,ds:646
32672,Althemia,3*,shadow,wand,6121,[Candy_Couriers+The_Fires_of_Hate][Shinobi][Agito][Blade|Delphi|Gala_Alex],<0 poison res & hp100>,,attack:4505,skill_1:13265,s1_poison:1945,skill_2:10609,team_energy:416,dx:463,ds:1465
21257,_c_Althemia,3*,shadow,wand,5441,[Candy_Couriers+The_Fires_of_Hate][Shinobi][Agito][Blade|Delphi|Gala_Alex],!<0 poison res & hp100>,,attack:3582,skill_1:8930,s1_poison:0,skill_2:6999,team_energy:416,dx:364,ds:963
14358,Amane,4*,light,wand,7639,[Candy_Couriers+Spirit_of_the_Season][Daikokuten][HDT2][Blade|Raemond|Halloween_Elisanne],<hit10 & hit15 & hp100>,,attack:3417,skill_1:4296,skill_3:1403,team_buff:332,dx:4010,ds:898
9656,_c_Amane,4*,light,wand,6965,[Candy_Couriers+Spirit_of_the_Season][Daikokuten][HDT2][Blade|Raemond|Halloween_Elisanne],!<hit10 & hit15 & hp100>,,attack:2286,skill_1:2872,skill_3:921,team_buff:332,dx:2645,ds:597
14234,Annelie,5*,light,lance,6548,[Resounding_Rendition+Spirit_of_the_Season][Daikokuten][HDT2][Lucretia|Dagger|Halloween_Elisanne],<hp70 & hit10 & hit15 & hp100>,1121,attack:2298,force_strike:309,skill_1:4085,skill_2:791,skill_3:1747,team_buff:331,team_energy:165,dx:3567,ds:935
8772,_c_Annelie,5*,light,lance,5970,[Resounding_Rendition+Spirit_of_the_Season][Daikokuten][HDT2][Lucretia|Dagger|Halloween_Elisanne],!<hp70 & hit10 & hit15 & hp100>,1121,attack:1576,force_strike:212,skill_1:2243,skill_2:419,skill_3:937,team_buff:331,team_energy:165,dx:2389,ds:495
16379,Aoi,3*,flame,blade,5538,[Breakfast_at_Valerios+Elegant_Escort][Konohana_Sakuya][Agito][Wand|Marth|Joe],<0 burn res & hit10 & hp70 & hit15>,,attack:3861,skill_1:6516,s1_burn:1449,skill_2:2679,s2_burn:682,dx:144,ds:1044
10768,_c_Aoi,3*,flame,blade,5538,[Breakfast_at_Valerios+Elegant_Escort][Konohana_Sakuya][Agito][Wand|Marth|Joe],!<0 burn res & hit10 & hp70 & hit15>,,attack:2972,skill_1:4959,s1_burn:0,skill_2:1964,s2_burn:0,dx:106,ds:765
20336,Audric,4*,shadow,sword,5617,[The_Shining_Overlord+The_Fires_of_Hate][Shinobi][Agito][Ieyasu|Wand|Cleo],<hp100>,,attack:1781,force_strike:757,skill_1:3928,skill_2:2057,team_energy:832,dx:7775,ds:3201
18169,_c_Audric,4*,shadow,sword,4993,[The_Shining_Overlord+The_Fires_of_Hate][Shinobi][Agito][Ieyasu|Wand|Cleo],!<hp100>,,attack:1583,force_strike:673,skill_1:3492,skill_2:1829,team_energy:832,dx:6911,ds:2845
14219,Beautician_Zardin,5*,light,blade,7128,[Resounding_Rendition+Spirit_of_the_Season][Daikokuten][HDT2][Wand|Dagger|Halloween_Elisanne],<hp70 & hit10 & hit15 & hp100>,no s2,attack:3275,skill_1:3945,skill_3:1613,team_buff:542,dx:3859,ds:982
8829,_c_Beautician_Zardin,5*,light,blade,6499,[Resounding_Rendition+Spirit_of_the_Season][Daikokuten][HDT2][Wand|Dagger|Halloween_Elisanne],!<hp70 & hit10 & hit15 & hp100>,no s2,attack:2236,skill_1:2099,skill_3:850,team_buff:542,dx:2581,ds:517
13125,Berserker,4*,shadow,sword,7191,[The_Shining_Overlord+The_Fires_of_Hate][Shinobi][Agito][Ieyasu|Wand|Dagger],<last offense & hp100>,,attack:2402,force_strike:1061,skill_1:5538,team_energy:415,dx:2625,ds:1081
11450,_c_Berserker,4*,shadow,sword,4917,[The_Shining_Overlord+The_Fires_of_Hate][Shinobi][Agito][Ieyasu|Wand|Dagger],!<last offense & hp100>,,attack:2046,force_strike:911,skill_1:4782,team_energy:415,dx:2333,ds:961
22867,Botan,4*,shadow,lance,5791,[Resounding_Rendition+The_Fires_of_Hate][Shinobi][Agito][Blade|Wand|Bow],<buff all team & hp70 & hp100>,,attack:3422,skill_1:7178,s1_bleed:8245,team_buff:4020
18545,_c_Botan,4*,shadow,lance,5148,[Resounding_Rendition+The_Fires_of_Hate][Shinobi][Agito][Blade|Wand|Bow],!<buff all team & hp70 & hp100>,,attack:2892,skill_1:6067,s1_bleed:6968,team_buff:2616
19122,Cassandra,5*,shadow,wand,9761,[Candy_Couriers+The_Plaguebringer][Fatalis][Agito][Curran|Berserker|Delphi],<0 poison res & hp30 every 180s & hp<40 & hp=80%>,,attack:6431,skill_1:6944,s1_poison:1752,skill_2:3992
11955,_c_Cassandra,5*,shadow,wand,7567,[Candy_Couriers+The_Plaguebringer][Fatalis][Agito][Curran|Berserker|Delphi],!<0 poison res & hp30 every 180s & hp<40 & hp=80%>,,attack:4466,skill_1:4822,s1_poison:0,skill_2:2666
10979,Celliera,4*,water,blade,5358,[Resounding_Rendition+His_Clever_Brother][Siren][HDT2][Dagger|Xander|Summer_Estelle],<hp70 & hit10>,,attack:2457,skill_1:5025,skill_3:2245,dx:577,ds:673
8828,_c_Celliera,4*,water,blade,5023,[Resounding_Rendition+His_Clever_Brother][Siren][HDT2][Dagger|Xander|Summer_Estelle],!<hp70 & hit10>,,attack:1998,skill_1:4016,skill_3:1813,dx:461,ds:537
19271,Chelsea,5*,flame,bow,6519,[Mega_Friends+Elegant_Escort][Dreadking_Rathalos][Agito][Blade|Grace|Serena],<hit10>,,attack:1672,force_strike:11639,skill_1:5959
17798,_c_Chelsea,5*,flame,bow,6519,[Mega_Friends+Elegant_Escort][Dreadking_Rathalos][Agito][Blade|Grace|Serena],!<hit10>,,attack:1545,force_strike:10749,skill_1:5503
8521,Cibella,3*,water,lance,6622,[Resounding_Rendition+His_Clever_Brother][Leviathan][HDT2][Blade|Xander|Dagger],<hit10 & hp70>,,attack:2353,force_strike:317,skill_2:1322,skill_3:912,dx:2911,ds:704
7182,_c_Cibella,3*,water,lance,6622,[Resounding_Rendition+His_Clever_Brother][Leviathan][HDT2][Blade|Xander|Dagger],!<hit10 & hp70>,,attack:1991,force_strike:267,skill_2:1112,skill_3:767,dx:2449,ds:592
32835,Curran,5*,shadow,axe,9793,[Kung_Fu_Masters+The_Fires_of_Hate][Shinobi][Agito][Blade|Wand|Bow],<last offense & hp100>,no fs,attack:4857,skill_1:16420,skill_2:8437,team_buff:1160,team_energy:412,dx:456,ds:1089
27903,_c_Curran,5*,shadow,axe,5441,[Kung_Fu_Masters+The_Fires_of_Hate][Shinobi][Agito][Blade|Wand|Bow],!<last offense & hp100>,no fs,attack:4009,skill_1:14037,skill_2:6907,team_buff:1160,team_energy:412,dx:405,ds:968
12071,Dragonyule_Cleo,5*,water,dagger,4917,[Twinfold_Bonds+His_Clever_Brother][Siren][HDT2][Hunter_Sarisse|Xander|Summer_Estelle],<hp70 & hit10 & hit15 & buff all team & always connect hits>,,attack:1974,force_strike:392,skill_1:3441,skill_2:2567,skill_3:1864,team_buff:1417,team_energy:412
7171,_c_Dragonyule_Cleo,5*,water,dagger,4436,[Twinfold_Bonds+His_Clever_Brother][Siren][HDT2][Hunter_Sarisse|Xander|Summer_Estelle],!<hp70 & hit10 & hit15 & buff all team & always connect hits>,,attack:1438,force_strike:285,skill_1:2424,skill_2:1742,skill_3:1279
18657,Dragonyule_Malora,5*,light,axe,7433,[Resounding_Rendition+Spirit_of_the_Season][Daikokuten][HDT2][Blade|Dagger|Halloween_Elisanne],<hit10 & hit15 & hp70 & hp100 & buff all team>,c4fsf c5 c4 s1,attack:5658,skill_1:3124,skill_2:2831,s2_boost:2264,team_buff:3109,dx:939,ds:727
7341,_c_Dragonyule_Malora,5*,light,axe,6777,[Resounding_Rendition+Spirit_of_the_Season][Daikokuten][HDT2][Blade|Dagger|Halloween_Elisanne],!<hit10 & hit15 & hp70 & hp100 & buff all team>,c4fsf c5 c4 s1,attack:3808,skill_1:2093,team_buff:330,dx:620,ds:488
8526,Dragonyule_Nefaria,4*,water,bow,6401,[Forest_Bonds+His_Clever_Brother][Leviathan][HDT2][Blade|Xander|Thaniel],<hit10>,,attack:1412,force_strike:737,skill_1:1977,skill_3:837,dx:2723,ds:836
6941,_c_Dragonyule_Nefaria,4*,water,bow,6401,[Forest_Bonds+His_Clever_Brother][Leviathan][HDT2][Blade|Xander|Thaniel],!<hit10>,,attack:1157,force_strike:599,skill_1:1608,skill_3:681,dx:2214,ds:680
14093,Dragonyule_Xainfried,4*,wind,wand,6913,[A_Dogs_Day+The_Fires_of_Hate][Ariel][HDT2][Blade|Bow|Tobias],<buff all team & hp100>,,attack:3963,skill_2:1644,skill_3:1521,team_buff:5739,dx:154,ds:1069
7594,_c_Dragonyule_Xainfried,4*,wind,wand,6284,[A_Dogs_Day+The_Fires_of_Hate][Ariel][HDT2][Blade|Bow|Tobias],!<buff all team & hp100>,,attack:3603,skill_2:1495,skill_3:1382,dx:140,ds:972
8931,Dragonyule_Xander,4*,water,wand,5090,[Candy_Couriers+His_Clever_Brother][Siren][HDT2][Summer_Celliera|Blade|Thaniel],<hit10 & buff all team>,,attack:1858,skill_1:3381,skill_3:1182,team_energy:123,dx:1794,ds:591
8160,_c_Dragonyule_Xander,4*,water,wand,5090,[Candy_Couriers+His_Clever_Brother][Siren][HDT2][Summer_Celliera|Blade|Thaniel],!<hit10 & buff all team>,,attack:1703,skill_1:3090,skill_3:1083,dx:1738,ds:543
23558,Delphi,5*,shadow,dagger,6013,[Mega_Friends+The_Fires_of_Hate][Fatalis][Agito][Blade|Gala_Alex|Heinwald],<0 poison res & hp100 & s1 defdown for 10s>,,attack:3551,force_strike:3666,fs_boost:198,fs_poison:6985,skill_1:854,skill_2:964,s2_poison:4019,team_buff:3315
5638,_c_Delphi,5*,shadow,dagger,5369,[Mega_Friends+The_Fires_of_Hate][Fatalis][Agito][Blade|Gala_Alex|Heinwald],!<0 poison res & hp100 & s1 defdown for 10s>,,attack:2176,force_strike:2257,fs_boost:114,fs_poison:0,skill_1:619,skill_2:469,s2_poison:0
32166,Durant,4*,shadow,blade,7722,[Proper_Maintenance+The_Plaguebringer][Epimetheus][Agito][Dagger|Tobias|Axe2],<hp100>,,attack:16395,dx:12769,ds_poison:733,ds:2267
25403,_c_Durant,4*,shadow,blade,6507,[Proper_Maintenance+The_Plaguebringer][Epimetheus][Agito][Dagger|Tobias|Axe2],!<hp100>,,attack:12975,dx:10067,ds_poison:576,ds:1784
11062,Eleonora,4*,wind,bow,5387,[Resounding_Rendition+The_Fires_of_Hate][Vayu][HDT2][Blade|Dragonyule_Xainfried|Lin_You],<0 poison res & hp100 & hit10 & hp70>,,attack:1472,force_strike:803,skill_1:3286,s1_poison:1058,skill_2:1604,s2_poison:357,skill_3:809,dx:512,ds:1157
7255,_c_Eleonora,4*,wind,bow,4788,[Resounding_Rendition+The_Fires_of_Hate][Vayu][HDT2][Blade|Dragonyule_Xainfried|Lin_You],!<0 poison res & hit10 & hp70 & hp100>,,attack:1109,force_strike:602,skill_1:2468,s1_poison:0,skill_2:1206,s2_poison:0,skill_3:606,dx:387,ds:875
10884,Elias,4*,light,bow,9081,[Resounding_Rendition+Spirit_of_the_Season][Daikokuten][HDT2][Blade|Lucretia|Halloween_Elisanne],<last offense & hit10 & hit15 & hp70 & hp100>,,attack:1751,force_strike:1061,skill_1:2803,skill_3:859,team_buff:332,team_energy:124,dx:3293,ds:657
7243,_c_Elias,4*,light,bow,5914,[Resounding_Rendition+Spirit_of_the_Season][Daikokuten][HDT2][Blade|Lucretia|Halloween_Elisanne],!<last offense & hit10 & hit15 & hp70 & hp100>,,attack:1112,force_strike:667,skill_1:1797,skill_3:573,team_buff:332,team_energy:124,dx:2195,ds:438
25261,Elisanne,4*,water,lance,5676,[Beach_Battle+Castle_Cheer_Corps][Gaibhne_and_Creidhne][HDT2][Tobias|Renee|Bow],<hp60>,no s2 or s3,attack:3815,force_strike:967,team_buff:20478
25191,_c_Elisanne,4*,water,lance,5511,[Beach_Battle+Castle_Cheer_Corps][Gaibhne_and_Creidhne][HDT2][Tobias|Renee|Bow],!<hp60>,no s2 or s3,attack:3760,force_strike:952,team_buff:20478
17464,Emma,4*,flame,lance,6639,[Castle_Cheer_Corps+From_Whence_He_Comes][Dreadking_Rathalos][Agito][Tobias|Blade|Marth],<buff all team & hit10>,,attack:4116,force_strike:929,team_buff:12418
4725,_c_Emma,4*,flame,lance,6639,[Castle_Cheer_Corps+From_Whence_He_Comes][Dreadking_Rathalos][Agito][Tobias|Blade|Marth],!<buff all team & hit10>,,attack:3851,force_strike:873
27407,Erik,3*,shadow,axe,6045,[Kung_Fu_Masters+The_Fires_of_Hate][Shinobi][Agito][Blade|Wand|Dagger],<hp100>,,attack:4191,force_strike:629,skill_1:13930,skill_2:6718,team_energy:415,dx:445,ds:1075
24408,_c_Erik,3*,shadow,axe,5373,[Kung_Fu_Masters+The_Fires_of_Hate][Shinobi][Agito][Blade|Wand|Dagger],!<hp100>,,attack:3725,force_strike:559,skill_1:12382,skill_2:5972,team_energy:415,dx:396,ds:956
20236,Euden,4*,flame,sword,6884,[The_Shining_Overlord+Elegant_Escort][Dreadking_Rathalos][Agito][Blade|Joe|Yuya],<0 burn res>,,attack:1920,force_strike:1844,skill_1:3813,s1_burn:1180,skill_2:1513,team_buff:394,dx:7550,ds_burn:646,ds:1371
18409,_c_Euden,4*,flame,sword,6884,[The_Shining_Overlord+Elegant_Escort][Dreadking_Rathalos][Agito][Blade|Joe|Yuya],!<0 burn res>,,attack:1920,force_strike:1844,skill_1:3813,s1_burn:0,skill_2:1513,team_buff:394,dx:7550,ds:1371
16790,Fjorm,5*,water,lance,6948,[Resounding_Rendition+His_Clever_Brother][Siren][HDT2][Blade|Summer_Estelle|Xander],<hit10 & hp70>,last bravery once at start,attack:1926,force_strike:260,skill_1:5467,s1_frostbite:1299,skill_2:4546,skill_3:2471,team_buff:817
14634,_c_Fjorm,5*,water,lance,6948,[Resounding_Rendition+His_Clever_Brother][Siren][HDT2][Blade|Summer_Estelle|Xander],!<hit10 & hp70>,last bravery once at start,attack:1652,force_strike:222,skill_1:4698,s1_frostbite:1120,skill_2:3965,skill_3:2157,team_buff:817
19939,Fleur,4*,light,dagger,6436,[Twinfold_Bonds+Spirit_of_the_Season][Daikokuten][HDT2][Blade|Dragonyule_Malora|Halloween_Elisanne],<0 paralysis res & hp70 & hit10 & hit15 & hp100>,c4fs,attack:4157,force_strike:1087,skill_1:7551,s1_paralysis:2657,skill_3:2240,team_buff:332,dx:1035,ds:876
10675,_c_Fleur,4*,light,dagger,6235,[Twinfold_Bonds+Spirit_of_the_Season][Daikokuten][HDT2][Blade|Dragonyule_Malora|Halloween_Elisanne],!<0 paralysis res & hp70 & hit10 & hit15 & hp100>,c4fs,attack:2718,force_strike:665,skill_1:4621,s1_paralysis:0,skill_3:1128,team_buff:332,dx:668,ds:539
11191,Francesca,3*,wind,dagger,4840,[Twinfold_Bonds+The_Fires_of_Hate][Vayu][HDT2][Blade|Dragonyule_Xainfried|Lin_You],<hit10 & hit15 & hp100>,,attack:1840,force_strike:659,skill_1:4009,skill_2:1306,skill_3:1493,team_buff:129,dx:520,ds:1230
8606,_c_Francesca,3*,wind,dagger,4646,[Twinfold_Bonds+The_Fires_of_Hate][Vayu][HDT2][Blade|Dragonyule_Xainfried|Lin_You],!<hit10 & hit15 & hp100>,,attack:1419,force_strike:508,skill_1:3065,skill_2:996,skill_3:1138,team_buff:129,dx:400,ds:946
10608,Fritz,4*,light,dagger,6369,[Twinfold_Bonds+Spirit_of_the_Season][Daikokuten][HDT2][Blade|Wand|Halloween_Elisanne],<hit10 & hit15 & hp100>,,attack:3666,force_strike:482,fs_boost:595,skill_1:3453,skill_3:1640,team_buff:769
7551,_c_Fritz,4*,light,dagger,6170,[Twinfold_Bonds+Spirit_of_the_Season][Daikokuten][HDT2][Blade|Wand|Halloween_Elisanne],!<hit10 & hit15 & hp100>,,attack:2543,force_strike:335,fs_boost:408,skill_1:2368,skill_3:1125,team_buff:769
33034,Gala_Cleo,5*,shadow,wand,5954,[Candy_Couriers+The_Fires_of_Hate][Shinobi][Agito][Blade|Bow|Dagger],<hp100 & always in a1>,(the true cleo is here),attack:4640,force_strike:0,skill_1:16077,skill_2:2485,team_buff:9830
17539,_c_Gala_Cleo,5*,shadow,wand,5293,[Candy_Couriers+The_Fires_of_Hate][Shinobi][Agito][Blade|Bow|Dagger],!<hp100 & always in a1>,(the true cleo is here),attack:3251,force_strike:0,skill_1:9908,skill_2:1531,team_buff:2847
22167,Gala_Elisanne,5*,water,axe,5521,[Beach_Battle+From_Whence_He_Comes][Gaibhne_and_Creidhne][HDT2][Bow|Tobias|Renee],<buff all team>,,attack:5246,team_buff:16920
5246,_c_Gala_Elisanne,5*,water,axe,5521,[Beach_Battle+From_Whence_He_Comes][Gaibhne_and_Creidhne][HDT2][Bow|Tobias|Renee],!<buff all team>,,attack:5246
21656,Gala_Euden,5*,light,sword,7055,[The_Shining_Overlord+Spirit_of_the_Season][Daikokuten][HDT2][Blade|Dagger|Cleo],<0 paralysis res & hit15 & hp100 & s1 buff for 10s & draconic charge>,c2+fs,attack:1570,force_strike:1161,skill_1:938,skill_2:850,s2_paralysis:131,skill_3:947,team_buff:2728,dx:11820,ds:1507
11320,_c_Gala_Euden,5*,light,sword,6432,[The_Shining_Overlord+Spirit_of_the_Season][Daikokuten][HDT2][Blade|Dagger|Cleo],!<0 paralysis res & hit15 & hp100 & s1 buff for 10s & draconic charge>,c2+fs,attack:1368,force_strike:1013,skill_1:846,skill_2:582,s2_paralysis:0,skill_3:776,team_buff:706,dx:5397,ds:628
19671,Gala_Mym,5*,flame,lance,6534,[Primal_Crisis+Elegant_Escort][Apollo][Agito][Blade|Verica|Yuya],<hit15>,,attack:3340,force_strike:523,skill_1:2833,skill_2:1425,s2_boost:583,dx:8909,ds:2055
16492,_c_Gala_Mym,5*,flame,lance,6534,[Primal_Crisis+Elegant_Escort][Apollo][Agito][Blade|Verica|Yuya],!<hit15>,,attack:2815,force_strike:443,skill_1:2366,skill_2:1191,s2_boost:489,dx:7463,ds:1722
16447,Gala_Ranzal,5*,wind,sword,6568,[The_Shining_Overlord+The_Fires_of_Hate][AC011_Garland][HDT2][Blade|Dragonyule_Xainfried|Lin_You],<maintain shield & hit10 & hp100>,no s2,attack:3066,force_strike:1650,skill_1:5924,s1_boost:2207,skill_3:2061,dx:726,ds:809
11578,_c_Gala_Ranzal,5*,wind,sword,5971,[The_Shining_Overlord+The_Fires_of_Hate][AC011_Garland][HDT2][Blade|Dragonyule_Xainfried|Lin_You],!<maintain shield & hit10 & hp100>,no s2,attack:2165,force_strike:1167,skill_1:4167,s1_boost:1554,skill_3:1453,dx:506,ds:563
17284,Gala_Sarisse,5*,flame,bow,6504,[Forest_Bonds+Elegant_Escort][Dreadking_Rathalos][Agito][Blade|Wand|Marth],<hit10 & always connect hits>,,attack:778,force_strike:3599,skill_1:8414,team_buff:432,dx:3138,ds_burn:338,ds:582
11400,_c_Gala_Sarisse,5*,flame,bow,6504,[Forest_Bonds+Elegant_Escort][Dreadking_Rathalos][Agito][Blade|Wand|Marth],!<hit10 & always connect hits>,,attack:641,force_strike:2967,skill_1:3950,team_buff:431,dx:2646,ds_burn:280,ds:481
13391,Halloween_Edward,3*,light,blade,7460,[Resounding_Rendition+Spirit_of_the_Season][Daikokuten][HDT2][Wand|Dagger|Halloween_Elisanne],<hp100 & hit10 & hit15 & hp70>,,attack:2884,skill_1:2863,skill_2:1216,skill_3:1300,team_buff:331,dx:3995,ds:798
8682,_c_Halloween_Edward,3*,light,blade,6424,[Resounding_Rendition+Spirit_of_the_Season][Daikokuten][HDT2][Wand|Dagger|Halloween_Elisanne],!<hp100 & hit10 & hit15 & hp70>,,attack:1877,skill_1:1821,skill_2:774,skill_3:827,team_buff:331,dx:2542,ds:507
15537,Halloween_Elisanne,5*,light,lance,7203,[Resounding_Rendition+Spirit_of_the_Season][Daikokuten][HDT2][Blade|Dagger|Wand],<hit10 & hit15 & hp70 & hp100>,,attack:2309,force_strike:204,skill_1:3635,skill_2:1321,skill_3:1282,team_buff:1576,dx:4167,ds:1039
11011,_c_Halloween_Elisanne,5*,light,lance,6567,[Resounding_Rendition+Spirit_of_the_Season][Daikokuten][HDT2][Blade|Dagger|Wand],!<hit10 & hit15 & hp70 & hp100>,,attack:1581,force_strike:140,skill_1:2440,skill_2:892,skill_3:863,team_buff:1576,dx:2812,ds:702
20352,Halloween_Mym,5*,flame,axe,6613,[Kung_Fu_Masters+Elegant_Escort][Apollo][Agito][Blade|Yuya|Serena],<hit10 & s1 defdown for 10s & buff all team>,,attack:5294,force_strike:915,skill_1:1213,team_buff:2754,dx:8016,ds:2156
15453,_c_Halloween_Mym,5*,flame,axe,6613,[Kung_Fu_Masters+Elegant_Escort][Apollo][Agito][Blade|Yuya|Serena],!<hit10 & s1 defdown for 10s & buff all team>,,attack:4528,force_strike:806,skill_1:1110,dx:7188,ds:1818
14642,Halloween_Odetta,4*,water,sword,5502,[Mega_Friends+Primal_Crisis][Dragonyule_Jeanne][HDT2][Axe2|Xander|Dagger],<buff all team & hit10 & hit15>,,attack:2736,force_strike:2830,skill_1:3263,skill_3:1469,team_buff:4341
8233,_c_Halloween_Odetta,4*,water,sword,5502,[Mega_Friends+Primal_Crisis][Dragonyule_Jeanne][HDT2][Axe2|Xander|Dagger],!<buff all team & hit10 & hit15>,,attack:2037,force_strike:2106,skill_1:2422,skill_3:1083,team_buff:583
27909,Hawk,5*,wind,bow,5665,[Resounding_Rendition+The_Fires_of_Hate][Vayu][HDT2][Blade|Dragonyule_Xainfried|Sylas],<0 poison res & 80 stun res & hp70 & hp100>,,attack:2600,force_strike:909,fs_poison:468,skill_1:20855,skill_2:3075
17878,_c_Hawk,5*,wind,bow,5035,[Resounding_Rendition+The_Fires_of_Hate][Vayu][HDT2][Blade|Dragonyule_Xainfried|Sylas],!<0 poison res & 80 stun res & hp70 & hp100>,,attack:1964,force_strike:629,fs_poison:0,skill_1:12991,skill_2:2292
12187,Irfan,3*,light,dagger,6343,[Twinfold_Bonds+Spirit_of_the_Season][Daikokuten][HDT2][Blade|Wand|Halloween_Elisanne],<hit10 & hit15 & hp100>,,attack:2420,force_strike:300,skill_1:2642,skill_2:897,skill_3:1278,team_buff:332,dx:3551,ds:763
8497,_c_Irfan,3*,light,dagger,6144,[Twinfold_Bonds+Spirit_of_the_Season][Daikokuten][HDT2][Blade|Wand|Halloween_Elisanne],!<hit10 & hit15 & hp100>,,attack:1689,force_strike:210,skill_1:1812,skill_2:615,skill_3:876,team_buff:332,dx:2435,ds:523
8804,Jakob,3*,water,lance,6622,[Resounding_Rendition+His_Clever_Brother][Leviathan][HDT2][Blade|Xander|Dagger],<100 bog res & hit10 & hp70>,,attack:2073,force_strike:319,skill_1:1862,skill_3:916,dx:2924,ds:707
7437,_c_Jakob,3*,water,lance,6622,[Resounding_Rendition+His_Clever_Brother][Leviathan][HDT2][Blade|Xander|Dagger],!<100 bog res & hit10 & hp70>,,attack:1756,force_strike:268,skill_1:1585,skill_3:771,dx:2460,ds:595
15771,Joe,3*,flame,bow,6729,[Mega_Friends+Elegant_Escort][Dreadking_Rathalos][Agito][Blade|Wand|Marth],<0 burn res & hp100 & hit10>,,attack:1286,force_strike:5897,skill_1:5029,s1_burn:1225,skill_2:1802,s2_burn:530
12634,_c_Joe,3*,flame,bow,6729,[Mega_Friends+Elegant_Escort][Dreadking_Rathalos][Agito][Blade|Wand|Marth],!<0 burn res & hit10>,,attack:1161,force_strike:5313,skill_1:4533,s1_burn:0,skill_2:1626,s2_burn:0
13252,Johanna,3*,wind,axe,5455,[Kung_Fu_Masters+The_Fires_of_Hate][Vayu][HDT2][Blade|Dragonyule_Xainfried|Lin_You],<hit10 & hp100>,,attack:2803,force_strike:234,skill_1:4508,skill_2:2080,skill_3:1659,dx:784,ds:1181
10533,_c_Johanna,3*,wind,axe,4849,[Kung_Fu_Masters+The_Fires_of_Hate][Vayu][HDT2][Blade|Dragonyule_Xainfried|Lin_You],!<hit10 & hp100>,,attack:2240,force_strike:188,skill_1:3572,skill_2:1649,skill_3:1314,dx:625,ds:942
12881,Julietta,5*,light,axe,7279,[Resounding_Rendition+Spirit_of_the_Season][Daikokuten][HDT2][Blade|Dagger|Halloween_Elisanne],<hit10 & hit15 & hp70 & hp100>,no fs & no s2,attack:3692,skill_1:3446,skill_3:789,team_buff:328,dx:3940,ds:684
8841,_c_Julietta,5*,light,axe,6637,[Resounding_Rendition+Spirit_of_the_Season][Daikokuten][HDT2][Blade|Dagger|Halloween_Elisanne],!<hit10 & hit15 & hp70 & hp100>,no fs & no s2,attack:2545,skill_1:2344,skill_3:528,team_buff:328,dx:2637,ds:457
9832,Jurota,3*,water,blade,5174,[Resounding_Rendition+His_Clever_Brother][Siren][HDT2][Wand|Xander|Dagger],<hit10 & hp70>,,attack:2075,skill_1:3900,skill_3:1440,dx:1826,ds:589
8456,_c_Jurota,3*,water,blade,5174,[Resounding_Rendition+His_Clever_Brother][Siren][HDT2][Wand|Xander|Dagger],!<hit10 & hp70>,,attack:1767,skill_1:3312,skill_3:1222,dx:1657,ds:495
10294,Karina,4*,water,axe,4670,[Primal_Crisis+His_Clever_Brother][Siren][HDT2][Dagger|Xander|Wand],<hp60 & hit10 & hit15>,,attack:2348,force_strike:233,skill_1:3701,s1_boost:106,skill_2:1930,skill_3:882,dx:543,ds:546
7544,_c_Karina,4*,water,axe,4448,[Primal_Crisis+His_Clever_Brother][Siren][HDT2][Dagger|Xander|Wand],!<hp60 & hit10 & hit15>,,attack:1737,force_strike:164,skill_1:2839,s1_boost:84,skill_2:1371,skill_3:602,dx:371,ds:373
21523,Karl,4*,flame,sword,7476,[Primal_Crisis+Elegant_Escort][Dreadking_Rathalos][Agito][Blade|Dagger|Tobias],<hit15 & hp70 & hit10>,,attack:5561,force_strike:5451,team_buff:4194,dx:5291,ds_burn:376,ds:646
16178,_c_Karl,4*,flame,sword,6816,[Primal_Crisis+Elegant_Escort][Dreadking_Rathalos][Agito][Blade|Dagger|Tobias],!<hit15 & hp70 & hit10>,,attack:3857,force_strike:3773,team_buff:4194,dx:3643,ds_burn:260,ds:447
14807,Kleimann,4*,shadow,wand,5917,[Candy_Couriers+The_Fires_of_Hate][Shinobi][Agito][Ieyasu|Bow|Dagger],<hp100>,,attack:3114,skill_1:7345,skill_2:2394,team_energy:416,dx:396,ds:1139
13208,_c_Kleimann,4*,shadow,wand,5260,[Candy_Couriers+The_Fires_of_Hate][Shinobi][Agito][Ieyasu|Bow|Dagger],!<hp100>,,attack:2768,skill_1:6529,skill_2:2128,team_energy:416,dx:352,ds:1012
12332,Ku_Hai,4*,wind,sword,6765,[The_Lurker_in_the_Woods+The_Fires_of_Hate][AC011_Garland][HDT2][Blade|Dragonyule_Xainfried|Akasha],<maintain shield & hp70 & hit10 & hp100 & big hitbox>,c2+fs during s2,attack:2352,force_strike:4647,skill_1:2917,skill_3:998,dx:912,ds:503
6851,_c_Ku_Hai,4*,wind,sword,6150,[The_Lurker_in_the_Woods+The_Fires_of_Hate][AC011_Garland][HDT2][Blade|Dragonyule_Xainfried|Akasha],!<maintain shield & hp70 & hit10 & hp100 & big hitbox>,c2+fs during s2,attack:1510,force_strike:1982,skill_1:1852,skill_3:619,dx:570,ds:315
9627,Laranoa,5*,water,bow,5291,[The_Wyrmclan_Duo+Primal_Crisis][Dragonyule_Jeanne][HDT2][Renee|Xander|Summer_Estelle],<buff all team & hit10 & hp70 & hit15>,doesn't count spbuff for teammates,attack:2338,force_strike:691,skill_1:4854,skill_3:1153,team_buff:588
6206,_c_Laranoa,5*,water,bow,5291,[The_Wyrmclan_Duo+Primal_Crisis][Dragonyule_Jeanne][HDT2][Renee|Xander|Summer_Estelle],!<buff all team & hit10 & hp70 & hit15>,doesn't count spbuff for teammates,attack:1614,force_strike:475,skill_1:3319,skill_3:795
33914,Lathna,5*,shadow,lance,7552,[Resounding_Rendition+The_Fires_of_Hate][Chthonius][Agito][Ieyasu|Gala_Alex|Cleo],<hp70 & hp100>,no poison,attack:2591,skill_1:6844,skill_2:2558,dx:17730,ds_poison:1026,ds:3163
29303,_c_Lathna,5*,shadow,lance,6886,[Resounding_Rendition+The_Fires_of_Hate][Chthonius][Agito][Ieyasu|Gala_Alex|Cleo],!<hp70 & hp100>,no poison,attack:2238,skill_1:5914,skill_2:2210,dx:15319,ds_poison:886,ds:2733
13936,Laxi,4*,flame,blade,6876,[Breakfast_at_Valerios+Elegant_Escort][Dreadking_Rathalos][Agito][Dagger|Marth|Serena],<hit10 & hp70 & hit15>,a1 proc at 0s,attack:3382,force_strike:2406,skill_1:1200,s1_boost:1099,dx:4959,ds_burn:326,ds:560
10080,_c_Laxi,4*,flame,blade,6876,[Breakfast_at_Valerios+Elegant_Escort][Dreadking_Rathalos][Agito][Dagger|Marth|Serena],!<hit10 & hp70 & hit15>,a1 proc at 0s,attack:2464,force_strike:1751,skill_1:860,s1_boost:790,dx:3573,ds_burn:235,ds:403
14156,Lea,5*,flame,sword,6675,[The_Shining_Overlord+Elegant_Escort][Dreadking_Rathalos][Agito][Blade|Wand|Marth],<0 burn res & hit10>,,attack:1704,force_strike:2655,skill_1:4420,s1_burn:1317,dx:3226,ds_burn:245,ds:587
11433,_c_Lea,5*,flame,sword,6675,[The_Shining_Overlord+Elegant_Escort][Dreadking_Rathalos][Agito][Blade|Wand|Marth],!<0 burn res & hit10>,,attack:1550,force_strike:2416,skill_1:3998,s1_burn:0,dx:2934,ds:533
10723,Lily,5*,water,wand,7443,[Candy_Couriers+His_Clever_Brother][Leviathan][HDT2][Blade|Dagger|Xainfried],<hp100>,,attack:2011,skill_1:2286,skill_2:1323,skill_3:974,dx:3175,ds:951
9804,_c_Lily,5*,water,wand,6805,[Candy_Couriers+His_Clever_Brother][Leviathan][HDT2][Blade|Dagger|Xainfried],!<hp100>,,attack:1838,skill_1:2090,skill_2:1209,skill_3:891,dx:2903,ds:870
13345,Linus,3*,light,axe,7421,[Resounding_Rendition+Spirit_of_the_Season][Daikokuten][HDT2][Blade|Dagger|Halloween_Elisanne],<hp60 & hit10 & hit15 & hp70 & hp100>,,attack:3337,force_strike:303,skill_1:2532,skill_2:1326,skill_3:803,team_buff:329,dx:4014,ds:697
8923,_c_Linus,3*,light,axe,6569,[Resounding_Rendition+Spirit_of_the_Season][Daikokuten][HDT2][Blade|Dagger|Halloween_Elisanne],!<hp60 & hit10 & hit15 & hp70 & hp100>,,attack:2244,force_strike:205,skill_1:1681,skill_2:864,skill_3:524,team_buff:329,dx:2617,ds:454
25132,Lin_You,5*,wind,axe,5870,[The_Wyrmclan_Duo+The_Fires_of_Hate][Vayu][HDT2][Blade|Dragonyule_Xainfried|Axe2],<hp70 & hit25 & hit50 & hit10 & hp100>,2in1 ,attack:5260,force_strike:119,skill_1:10732,s1_powerup:3560,skill_3:2693,dx:848,ds:1917
13054,_c_Lin_You,5*,wind,axe,5217,[The_Wyrmclan_Duo+The_Fires_of_Hate][Vayu][HDT2][Blade|Dragonyule_Xainfried|Axe2],!<hp70 & hit25 & hit50 & hit10 & hp100>,2in1 ,attack:2803,force_strike:69,skill_1:5614,s1_powerup:1799,skill_3:1359,dx:431,ds:974
12981,Louise,5*,wind,bow,5368,[Resounding_Rendition+The_Fires_of_Hate][Vayu][HDT2][Blade|Dragonyule_Xainfried|Lin_You],<0 poison res & hit10 & hp70 & hp100>,no fs,attack:1887,skill_1:3578,s1_poison:1068,skill_2:3218,skill_3:1498,dx:530,ds:1199
8958,_c_Louise,5*,wind,bow,4771,[Resounding_Rendition+The_Fires_of_Hate][Vayu][HDT2][Blade|Dragonyule_Xainfried|Lin_You],!<0 poison res & hit10 & hp70 & hp100>,no fs,attack:1419,skill_1:2685,s1_poison:0,skill_2:2415,skill_3:1129,dx:401,ds:907
12225,Luca,4*,light,bow,7059,[Resounding_Rendition+Spirit_of_the_Season][Daikokuten][HDT2][Blade|Wand|Halloween_Elisanne],<0 paralysis res & hp100 & hit10 & hit15 & hp70>,,attack:1815,force_strike:540,skill_1:2514,s1_paralysis:700,skill_2:1126,skill_3:928,team_buff:333,dx:3555,ds:710
7339,_c_Luca,4*,light,bow,5979,[Resounding_Rendition+Spirit_of_the_Season][Daikokuten][HDT2][Blade|Wand|Halloween_Elisanne],!<0 paralysis res & hp100 & hit10 & hit15 & hp70>,,attack:1146,force_strike:338,skill_1:1571,s1_paralysis:0,skill_2:703,skill_3:580,team_buff:333,dx:2222,ds:443
13931,Lucretia,5*,light,wand,7801,[Candy_Couriers+Spirit_of_the_Season][Daikokuten][HDT2][Blade|Dagger|Halloween_Elisanne],<hit10 & hit15 & hp100>,,attack:3566,skill_1:3431,skill_3:1773,team_buff:332,team_energy:290,dx:3597,ds:938
10104,_c_Lucretia,5*,light,wand,7113,[Candy_Couriers+Spirit_of_the_Season][Daikokuten][HDT2][Blade|Dagger|Halloween_Elisanne],!<hit10 & hit15 & hp100>,,attack:2558,skill_1:2441,skill_3:1263,team_buff:332,team_energy:290,dx:2549,ds:667
10202,Luther,4*,water,dagger,4845,[Twinfold_Bonds+His_Clever_Brother][Siren][HDT2][Blade|Xander|Wand],<hit15 & hit10>,,attack:1705,force_strike:96,skill_1:3645,skill_2:811,skill_3:1476,team_buff:78,dx:1724,ds:662
7870,_c_Luther,4*,water,dagger,4845,[Twinfold_Bonds+His_Clever_Brother][Siren][HDT2][Blade|Xander|Wand],!<hit15 & hit10>,,attack:1284,force_strike:74,skill_1:2694,skill_2:599,skill_3:1090,team_buff:78,dx:1558,ds:489
13035,Malka,3*,light,lance,7128,[Resounding_Rendition+Spirit_of_the_Season][Daikokuten][HDT2][Blade|Dagger|Halloween_Elisanne],<hit10 & hit15 & hp70 & hp100>,,attack:2739,force_strike:360,skill_1:2673,skill_3:1232,team_buff:1331,dx:3999,ds:699
9227,_c_Malka,3*,light,lance,6499,[Resounding_Rendition+Spirit_of_the_Season][Daikokuten][HDT2][Blade|Dagger|Halloween_Elisanne],!<hit10 & hit15 & hp70 & hp100>,,attack:1866,force_strike:245,skill_1:1794,skill_3:832,team_buff:1331,dx:2687,ds:470
11441,Malora,3*,light,bow,6754,[Resounding_Rendition+Spirit_of_the_Season][Daikokuten][HDT2][Blade|Wand|Halloween_Elisanne],<hit10 & hit15 & hp70 & hp100>,,attack:1935,force_strike:413,skill_1:2508,skill_2:932,skill_3:921,team_buff:613,dx:3431,ds:685
7844,_c_Malora,3*,light,bow,6158,[Resounding_Rendition+Spirit_of_the_Season][Daikokuten][HDT2][Blade|Wand|Halloween_Elisanne],!<hit10 & hit15 & hp70 & hp100>,,attack:1302,force_strike:275,skill_1:1672,skill_2:621,skill_3:613,team_buff:613,dx:2287,ds:456
15464,Maribelle,5*,wind,wand,7300,[Candy_Couriers+The_Fires_of_Hate][AC011_Garland][HDT2][Blade|Akasha|Lin_You],<maintain shield & hp100 & hit10>,,attack:3446,skill_1:5171,skill_2:2689,skill_3:2136,team_buff:394,dx:746,ds:880
8539,_c_Maribelle,5*,wind,wand,6636,[Candy_Couriers+The_Fires_of_Hate][AC011_Garland][HDT2][Blade|Akasha|Lin_You],!<maintain shield & hp100 & hit10>,,attack:2188,skill_1:2634,skill_2:1348,skill_3:1079,team_buff:394,dx:466,ds:427
31148,Marth,5*,flame,sword,5373,[Primal_Crisis+Elegant_Escort][Konohana_Sakuya][Agito][Blade|Wand|Joe],<hit10 & hit15>,last boost once at start (team DPS not considered),attack:4209,force_strike:1610,skill_1:11584,s1_burn:2793,skill_2:9020,team_buff:1930
21804,_c_Marth,5*,flame,sword,5373,[Primal_Crisis+Elegant_Escort][Konohana_Sakuya][Agito][Blade|Wand|Joe],!<hit10 & hit15>,last boost once at start (team DPS not considered),attack:2860,force_strike:1094,skill_1:7790,s1_burn:1878,skill_2:6250,team_buff:1930
12775,Marty,3*,flame,sword,6458,[Resounding_Rendition+Elegant_Escort][Dreadking_Rathalos][Agito][Blade|Serena|Marth],<hit10 & hp70>,,attack:3463,force_strike:4088,skill_1:5223
10157,_c_Marty,3*,flame,sword,6458,[Resounding_Rendition+Elegant_Escort][Dreadking_Rathalos][Agito][Blade|Serena|Marth],!<hit10 & hp70>,,attack:2759,force_strike:3256,skill_1:4141
15958,Melody,3*,wind,blade,6906,[A_Dogs_Day+The_Fires_of_Hate][Ariel][HDT2][Bow|Tobias|Lin_You],<hp100 & hit10>,,attack:5271,force_strike:589,team_buff:10097
14762,_c_Melody,3*,wind,blade,6278,[A_Dogs_Day+The_Fires_of_Hate][Ariel][HDT2][Bow|Tobias|Lin_You],!<hp100 & hit10>,,attack:4195,force_strike:469,team_buff:10097
13785,Melsa,4*,flame,dagger,6482,[Twinfold_Bonds+Elegant_Escort][Dreadking_Rathalos][Agito][Blade|Wand|Marth],<hit15 & hit10>,,attack:1797,force_strike:2630,skill_1:3444,skill_2:1255,dx:3615,ds_burn:382,ds:657
10803,_c_Melsa,4*,flame,dagger,6482,[Twinfold_Bonds+Elegant_Escort][Dreadking_Rathalos][Agito][Blade|Wand|Marth],!<hit15 & hit10>,,attack:1419,force_strike:2069,skill_1:2689,skill_2:982,dx:2828,ds_burn:299,ds:514
18606,Mikoto,5*,flame,blade,6488,[Resounding_Rendition+Elegant_Escort][Arctos][Agito][Yuya|Halloween_Mym|Marth],<hp70 & hit10>,,attack:4937,skill_1:3213,dx:8301,ds:2153
13932,_c_Mikoto,5*,flame,blade,6488,[Resounding_Rendition+Elegant_Escort][Arctos][Agito][Yuya|Halloween_Mym|Marth],!<hp70 & hit10>,,attack:3707,skill_1:2401,dx:6210,ds:1612
13884,Musashi,4*,wind,blade,8027,[Resounding_Rendition+The_Fires_of_Hate][Vayu][HDT2][Eleonora|Dragonyule_Xainfried|Lin_You],<0 poison res & last offense & hit10 & hp70 & hp100>,,attack:2740,skill_1:6048,s1_poison:1738,skill_3:1625,dx:530,ds:1199
9146,_c_Musashi,4*,wind,blade,5096,[Resounding_Rendition+The_Fires_of_Hate][Vayu][HDT2][Eleonora|Dragonyule_Xainfried|Lin_You],!<0 poison res & last offense & hit10 & hp70 & hp100>,,attack:2014,skill_1:4382,s1_poison:0,skill_3:1369,dx:423,ds:956
20632,Naveed,5*,flame,sword,5696,[Primal_Crisis+Elegant_Escort][Konohana_Sakuya][Agito][Blade|Wand|Gala_Sarisse],<hit15 & hp60 & always connect hits>,,attack:3693,force_strike:1238,skill_1:7694,s1_boost:8005
14739,_c_Naveed,5*,flame,sword,5373,[Primal_Crisis+Elegant_Escort][Konohana_Sakuya][Agito][Blade|Wand|Gala_Sarisse],!<hit15 & hp60 & always connect hits>,,attack:2696,force_strike:894,skill_1:5466,s1_boost:5680
32926,Nefaria,5*,shadow,bow,5205,[Resounding_Rendition+The_Fires_of_Hate][Shinobi][Agito][Wand|Gala_Alex|Heinwald],<0 poison res & 80 blind res & hp100 & hp70>,s2 fs(precharge) s1 s1; 13% blind uptime,attack:3433,force_strike:2068,skill_1:20092,s1_poison:4864,team_energy:415,dx:581,ds:1469
16824,_c_Nefaria,5*,shadow,bow,4627,[Resounding_Rendition+The_Fires_of_Hate][Shinobi][Agito][Wand|Gala_Alex|Heinwald],!<0 poison res & 80 blind res & hp70 & hp100>,s2 fs(precharge) s1 s1,attack:2277,force_strike:1154,skill_1:11702,s1_poison:0,team_energy:415,dx:361,ds:913
13010,Nicolas,3*,wind,wand,5910,[Candy_Couriers+The_Fires_of_Hate][Vayu][HDT2][Blade|Ku_Hai|Lin_You],<hit10 & hp100>,,attack:2744,skill_1:4525,skill_2:2113,skill_3:1890,dx:516,ds:1219
9413,_c_Nicolas,3*,wind,wand,5253,[Candy_Couriers+The_Fires_of_Hate][Vayu][HDT2][Blade|Ku_Hai|Lin_You],!<hit10 & hp100>,,attack:1994,skill_1:3270,skill_2:1527,skill_3:1366,dx:373,ds:881
22322,Noelle,4*,wind,wand,6913,[A_Dogs_Day+The_Fires_of_Hate][Ariel][HDT2][Blade|Tobias|Bow],<buff all team & hp100>,use Freyja & Castle Cheer Corps in 4DPS team,attack:4833,skill_2:2327,skill_3:2347,team_buff:12813
8645,_c_Noelle,4*,wind,wand,6284,[A_Dogs_Day+The_Fires_of_Hate][Ariel][HDT2][Blade|Tobias|Bow],!<buff all team & hp100>,use Freyja & Castle Cheer Corps in 4DPS team,attack:4394,skill_2:2115,skill_3:2134
11992,Norwin,4*,shadow,bow,5519,[Resounding_Rendition+The_Fires_of_Hate][Shinobi][Agito][Ieyasu|Wand|Cleo],<80 blind res & hp70 & hp100>,,attack:1943,skill_1:5719,team_buff:220,team_energy:413,dx:2637,ds:1057
9724,_c_Norwin,4*,shadow,bow,4906,[Resounding_Rendition+The_Fires_of_Hate][Shinobi][Agito][Ieyasu|Wand|Cleo],!<80 blind res & hp70 & hp100>,,attack:1597,skill_1:4641,team_energy:413,dx:2204,ds:868
18006,Odetta,4*,light,sword,7787,[The_Shining_Overlord+Spirit_of_the_Season][Daikokuten][HDT2][Blade|Dagger|Halloween_Elisanne],<buff all team & hp70 & hp60 & hit10 & hit15 & hp100>,c2+fs,attack:2637,force_strike:1953,skill_1:3330,skill_3:1683,team_buff:2798,dx:4682,ds:919
10789,_c_Odetta,4*,light,sword,6386,[The_Shining_Overlord+Spirit_of_the_Season][Daikokuten][HDT2][Blade|Dagger|Halloween_Elisanne],!<buff all team & hp70 & hp60 & hit10 & hit15 & hp100>,c2+fs,attack:1742,force_strike:1290,skill_1:2191,skill_3:1107,team_buff:767,dx:3080,ds:608
13270,Orion,4*,shadow,dagger,5135,[Twinfold_Bonds+The_Fires_of_Hate][Shinobi][Agito][Ieyasu|Wand|Cleo],<hit15 & hp100>,,attack:2298,force_strike:269,skill_1:4133,skill_2:1989,team_energy:414,dx:2950,ds:1214
10813,_c_Orion,4*,shadow,dagger,4930,[Twinfold_Bonds+The_Fires_of_Hate][Shinobi][Agito][Ieyasu|Wand|Cleo],!<hit15 & hp100>,,attack:1864,force_strike:217,skill_1:3362,skill_2:1601,team_energy:414,dx:2375,ds:978
11459,Orsem,4*,water,dagger,6531,[Twinfold_Bonds+His_Clever_Brother][Leviathan][HDT2][Blade|Xander|Wand],<hit15 & hp70 & hit10>,,attack:1879,force_strike:704,skill_1:2881,skill_2:985,skill_3:712,dx:3305,ds:990
8431,_c_Orsem,4*,water,dagger,6531,[Twinfold_Bonds+His_Clever_Brother][Leviathan][HDT2][Blade|Xander|Wand],!<hit15 & hp70 & hit10>,,attack:1400,force_strike:522,skill_1:2113,skill_2:722,skill_3:522,dx:2424,ds:726
11226,Philia,3*,wind,bow,5762,[Forest_Bonds+The_Fires_of_Hate][Vayu][HDT2][Blade|Dragonyule_Xainfried|Lin_You],<0 paralysis res & hp100 & hit10>,40% paralysis uptime,attack:2065,skill_1:3911,skill_2:1530,s2_paralysis:290,skill_3:1698,dx:514,ds:1214
8081,_c_Philia,3*,wind,bow,4769,[Forest_Bonds+The_Fires_of_Hate][Vayu][HDT2][Blade|Dragonyule_Xainfried|Lin_You],!<0 paralysis res & hp100 & hit10>,,attack:1527,skill_1:2889,skill_2:1129,s2_paralysis:0,skill_3:1250,dx:381,ds:902
10496,Pia,4*,wind,lance,6682,[Resounding_Rendition+The_Fires_of_Hate][AC011_Garland][HDT2][Blade|Dragonyule_Xainfried|Lin_You],<maintain shield & hit10 & hp70 & hp100>,,attack:2361,force_strike:361,skill_1:3042,skill_3:1364,team_energy:166,dx:2582,ds:617
7007,_c_Pia,4*,wind,lance,6075,[Resounding_Rendition+The_Fires_of_Hate][AC011_Garland][HDT2][Blade|Dragonyule_Xainfried|Lin_You],!<maintain shield & hit10 & hp70 & hp100>,,attack:1585,force_strike:241,skill_1:2034,skill_3:884,team_energy:166,dx:1689,ds:403
8850,Pietro,3*,water,axe,4885,[Kung_Fu_Masters+His_Clever_Brother][Siren][HDT2][Blade|Xander|Dagger],<hit10>,,attack:2210,force_strike:223,skill_1:3094,skill_3:964,dx:1859,ds:497
7986,_c_Pietro,3*,water,axe,4885,[Kung_Fu_Masters+His_Clever_Brother][Siren][HDT2][Blade|Xander|Dagger],!<hit10>,,attack:1979,force_strike:201,skill_1:2738,skill_3:853,dx:1773,ds:440
15167,Raemond,3*,light,sword,6976,[The_Shining_Overlord+Spirit_of_the_Season][Daikokuten][HDT2][Blade|Dagger|Halloween_Elisanne],<hit10 & hit15 & hp100>,,attack:2821,force_strike:1288,skill_1:3235,skill_2:1403,skill_3:1120,team_buff:333,dx:4182,ds:782
10244,_c_Raemond,3*,light,sword,6361,[The_Shining_Overlord+Spirit_of_the_Season][Daikokuten][HDT2][Blade|Dagger|Halloween_Elisanne],!<hit10 & hit15 & hp100>,,attack:1897,force_strike:866,skill_1:2161,skill_2:928,skill_3:739,team_buff:333,dx:2793,ds:522
17994,Ramona,5*,flame,axe,5656,[Breakfast_at_Valerios+Elegant_Escort][Konohana_Sakuya][Agito][Blade|Wand|Marth],<hp60 & hit10 & hp70 & hit15>,,attack:3021,skill_1:13194,dx:755,ds:1022
13542,_c_Ramona,5*,flame,axe,5336,[Breakfast_at_Valerios+Elegant_Escort][Konohana_Sakuya][Agito][Blade|Wand|Marth],!<hp60 & hit10 & hp70 & hit15>,,attack:2252,skill_1:10039,dx:532,ds:717
12165,Ranzal,4*,wind,axe,5619,[Kung_Fu_Masters+The_Fires_of_Hate][Vayu][HDT2][Blade|Dragonyule_Xainfried|Lin_You],<hp60 & hit10 & hp100>,do not use fs,attack:3126,skill_1:5600,skill_3:1685,dx:555,ds:1197
9441,_c_Ranzal,4*,wind,axe,4849,[Kung_Fu_Masters+The_Fires_of_Hate][Vayu][HDT2][Blade|Dragonyule_Xainfried|Lin_You],!<hp60 & hit10 & hp100>,do not use fs,attack:2438,skill_1:4335,skill_3:1301,dx:432,ds:933
10692,Rawn,4*,light,bow,6588,[Forest_Bonds+Spirit_of_the_Season][Daikokuten][HDT2][Blade|Wand|Halloween_Elisanne],<hit10 & hit15 & hp100>,,attack:1657,force_strike:525,skill_1:2413,skill_2:1021,skill_3:891,team_buff:332,dx:3169,ds:681
7632,_c_Rawn,4*,light,bow,6006,[Forest_Bonds+Spirit_of_the_Season][Daikokuten][HDT2][Blade|Wand|Halloween_Elisanne],!<hit10 & hit15 & hp100>,,attack:1178,force_strike:369,skill_1:1697,skill_2:718,skill_3:626,team_buff:332,dx:2229,ds:479
17040,Rena,5*,flame,blade,5256,[Resounding_Rendition+Elegant_Escort][Konohana_Sakuya][Agito][Wand|Serena|Marth],<0 burn res & hit10 & hp70>,,attack:3493,force_strike:431,skill_1:10443,s1_burn:2671
10976,_c_Rena,5*,flame,blade,5256,[Resounding_Rendition+Elegant_Escort][Konohana_Sakuya][Agito][Wand|Serena|Marth],!<0 burn res & hit10 & hp70>,,attack:2673,force_strike:331,skill_1:7970,s1_burn:0
10204,Renee,4*,water,dagger,4845,[Twinfold_Bonds+His_Clever_Brother][Siren][HDT2][Blade|Xander|Summer_Estelle],<100 bog res & hit10 & hit15>,,attack:1680,force_strike:114,skill_1:3921,skill_2:991,skill_3:1209,dx:1673,ds:613
8274,_c_Renee,4*,water,dagger,4845,[Twinfold_Bonds+His_Clever_Brother][Siren][HDT2][Blade|Xander|Summer_Estelle],!<100 bog res & hit10 & hit15>,,attack:1339,force_strike:91,skill_1:3084,skill_2:780,skill_3:951,dx:1542,ds:482
17315,Renelle,3*,flame,dagger,6762,[Twinfold_Bonds+Elegant_Escort][Dreadking_Rathalos][Agito][Blade|Wand|Marth],<0 burn res & hit15 & hit10>,,attack:2468,force_strike:3047,skill_1:3915,s1_burn:837,skill_2:1672,s2_burn:366,team_buff:103,dx:3879,ds_burn:316,ds:705
11901,_c_Renelle,3*,flame,dagger,6762,[Twinfold_Bonds+Elegant_Escort][Dreadking_Rathalos][Agito][Blade|Wand|Marth],!<0 burn res & hit15 & hit10>,,attack:1870,force_strike:2301,skill_1:2932,s1_burn:0,skill_2:1254,s2_burn:0,team_buff:103,dx:2909,ds:529
10636,Rex,3*,water,axe,6852,[Kung_Fu_Masters+His_Clever_Brother][Leviathan][HDT2][Blade|Xander|Dagger],<hp60 & hit10>,,attack:2932,force_strike:214,skill_1:2268,skill_2:766,skill_3:618,dx:3135,ds:700
9202,_c_Rex,3*,water,axe,6652,[Kung_Fu_Masters+His_Clever_Brother][Leviathan][HDT2][Blade|Xander|Dagger],!<hp60 & hit10>,,attack:2557,force_strike:188,skill_1:1955,skill_2:660,skill_3:533,dx:2702,ds:603
17710,Rodrigo,3*,shadow,sword,6129,[The_Shining_Overlord+The_Fires_of_Hate][Shinobi][Agito][Ieyasu|Wand|Cleo],<hp70 & hp60 & hp100>,,attack:3415,force_strike:1392,skill_1:7485,skill_2:3287,team_energy:416,dx:470,ds:1242
14563,_c_Rodrigo,3*,shadow,sword,4993,[The_Shining_Overlord+The_Fires_of_Hate][Shinobi][Agito][Ieyasu|Wand|Cleo],!<hp70 & hp60 & hp100>,,attack:2793,force_strike:1138,skill_1:6122,skill_2:2689,team_energy:416,dx:385,ds:1017
11344,Ryozen,4*,light,lance,7435,[Resounding_Rendition+Spirit_of_the_Season][Daikokuten][HDT2][Blade|Dagger|Halloween_Elisanne],<hp60 & hit10 & hit15 & hp70 & hp100>,,attack:2847,force_strike:537,skill_2:1638,skill_3:1197,team_buff:331,dx:4082,ds:708
7415,_c_Ryozen,4*,light,lance,6456,[Resounding_Rendition+Spirit_of_the_Season][Daikokuten][HDT2][Blade|Dagger|Halloween_Elisanne],!<hp60 & hit10 & hit15 & hp70 & hp100>,,attack:1849,force_strike:347,skill_2:1049,skill_3:767,team_buff:331,dx:2614,ds:454
13235,Summer_Celliera,5*,water,sword,5547,[Valiant_Crown+United_by_One_Vision][Siren][HDT2][Blade|Renee|Summer_Estelle],<100 bog res & hp70>,,attack:1813,force_strike:1336,skill_1:5265,skill_2:1486,skill_3:2057,team_buff:1274
12066,_c_Summer_Celliera,5*,water,sword,5005,[Valiant_Crown+United_by_One_Vision][Siren][HDT2][Blade|Renee|Summer_Estelle],!<100 bog res & hp70>,,attack:1636,force_strike:1206,skill_1:4750,skill_2:1341,skill_3:1856,team_buff:1274
12071,Summer_Estelle,4*,water,wand,5017,[Candy_Couriers+Primal_Crisis][Siren][HDT2][Blade|Renee|Xander],<buff all team & hit10 & hit15>,,attack:2989,skill_1:4833,skill_3:1884,team_buff:2363
7433,_c_Summer_Estelle,4*,water,wand,5017,[Candy_Couriers+Primal_Crisis][Siren][HDT2][Blade|Renee|Xander],!<buff all team & hit10 & hit15>,,attack:2172,skill_1:3476,skill_3:1363,team_buff:420
12139,Summer_Julietta,5*,water,axe,5349,[Kung_Fu_Masters+His_Clever_Brother][Siren][HDT2][Blade|Bow|Summer_Estelle],<buff all team & 100 bog res & hp60>,,attack:2918,skill_1:5146,skill_3:2008,team_buff:2065
9571,_c_Summer_Julietta,5*,water,axe,5046,[Kung_Fu_Masters+His_Clever_Brother][Siren][HDT2][Blade|Bow|Summer_Estelle],!<buff all team & 100 bog res & hp60>,,attack:2768,skill_1:4889,skill_3:1913
16693,Student_Maribelle,5*,flame,wand,5698,[Candy_Couriers+Elegant_Escort][Konohana_Sakuya][Agito][Blade|Marth|Serena],<hp100 & hit10>,,attack:3255,skill_1:7057,skill_2:4016,team_buff:394,dx:664,ds:1303
12486,_c_Student_Maribelle,5*,flame,wand,5698,[Candy_Couriers+Elegant_Escort][Konohana_Sakuya][Agito][Blade|Marth|Serena],!<hp100 & hit10>,,attack:2751,skill_1:5009,skill_2:2851,team_buff:394,dx:553,ds:925
9809,Summer_Ranzal,4*,water,blade,9220,[Resounding_Rendition+His_Clever_Brother][Leviathan][HDT2][Xander|Dagger|Summer_Estelle],<buff all team & 100 bog res & last offense & hit10 & hp70>,,attack:2531,skill_1:2316,skill_3:726,team_buff:540,dx:2889,ds:804
7613,_c_Summer_Ranzal,4*,water,blade,6585,[Resounding_Rendition+His_Clever_Brother][Leviathan][HDT2][Xander|Dagger|Summer_Estelle],!<buff all team & 100 bog res & last offense & hit10 & hp70>,,attack:2013,skill_1:1874,skill_3:618,dx:2431,ds:676
17052,Serena,4*,flame,sword,6470,[Primal_Crisis+Elegant_Escort][Dreadking_Rathalos][Agito][Blade|Halloween_Mym|Marth],<always connect hits & hit10 & hit15>,,attack:2979,force_strike:3493,skill_1:3441,skill_2:1806,dx:4522,ds_burn:297,ds:511
10335,_c_Serena,4*,flame,sword,6470,[Primal_Crisis+Elegant_Escort][Dreadking_Rathalos][Agito][Blade|Halloween_Mym|Marth],!<always connect hits & hit10 & hit15>,,attack:1840,force_strike:2155,skill_1:2112,skill_2:1098,dx:2653,ds_burn:174,ds:299
16553,Su_Fang,4*,wind,dagger,5104,[Twinfold_Bonds+The_Fires_of_Hate][Vayu][HDT2][Blade|Dragonyule_Xainfried|Lin_You],<hit10 & hit15 & hp100>,,attack:2782,force_strike:564,fs_poison:334,skill_1:8240,skill_3:2320,dx:630,ds:1680
12909,_c_Su_Fang,4*,wind,dagger,4899,[Twinfold_Bonds+The_Fires_of_Hate][Vayu][HDT2][Blade|Dragonyule_Xainfried|Lin_You],!<hit10 & hit15 & hp100>,,attack:2176,force_strike:440,fs_poison:261,skill_1:6413,skill_3:1816,dx:491,ds:1308
14385,Sylas,5*,wind,lance,5541,[Resounding_Rendition+The_Fires_of_Hate][Vayu][HDT2][Eleonora|Dragonyule_Xainfried|Lin_You],<0 poison res & hp70 & hit10 & hp100>,not consider skill haste for team,attack:2508,force_strike:235,skill_1:5588,s1_poison:1727,skill_3:1848,team_buff:524,dx:602,ds:1349
8211,_c_Sylas,5*,wind,lance,4492,[Resounding_Rendition+The_Fires_of_Hate][Vayu][HDT2][Eleonora|Dragonyule_Xainfried|Lin_You],!<0 poison res & hp70 & hit10 & hp100>,not consider skill haste for team,attack:1586,force_strike:150,skill_1:3579,s1_poison:0,skill_3:1144,team_buff:524,dx:375,ds:849
13270,Taro,3*,shadow,blade,5855,[Resounding_Rendition+The_Fires_of_Hate][Shinobi][Agito][Wand|Dagger|Cleo],<hp70 & hp100>,,attack:2578,skill_1:4430,skill_2:1711,team_energy:414,dx:2965,ds:1168
11280,_c_Taro,3*,shadow,blade,5204,[Resounding_Rendition+The_Fires_of_Hate][Shinobi][Agito][Wand|Dagger|Cleo],!<hp70 & hp100>,,attack:2179,skill_1:3744,skill_2:1446,team_energy:414,dx:2506,ds:987
13230,Valentines_Ezelith,4*,flame,bow,6627,[Dear_Diary+Elegant_Escort][Dreadking_Rathalos][Agito][Blade|Serena|Marth],<0 burn res & hit10 & hp30 every 180s & always connect hits>,,attack:1313,force_strike:3282,skill_1:2197,s1_burn:641,skill_2:871,team_buff:495,dx:3770,ds_burn:231,ds:426
9562,_c_Valentines_Ezelith,4*,flame,bow,6627,[Dear_Diary+Elegant_Escort][Dreadking_Rathalos][Agito][Blade|Serena|Marth],!<0 burn res & hit10 & hp30 every 180s & always connect hits>,,attack:1026,force_strike:2553,skill_1:1532,s1_burn:0,skill_2:680,team_buff:495,dx:2941,ds:332
14610,Valentines_Orion,3*,flame,sword,6555,[Mega_Friends+Elegant_Escort][Dreadking_Rathalos][Agito][Blade|Serena|Marth],<0 burn res & hit10>,,attack:2679,force_strike:3915,skill_1:3161,s1_burn:831,dx:3320,ds_burn:214,ds:488
10877,_c_Valentines_Orion,3*,flame,sword,6555,[Mega_Friends+Elegant_Escort][Dreadking_Rathalos][Agito][Blade|Serena|Marth],!<0 burn res & hit10>,,attack:2145,force_strike:3135,skill_1:2530,s1_burn:0,dx:2673,ds:392
14754,Vanessa,4*,flame,axe,9257,[Kung_Fu_Masters+Elegant_Escort][Dreadking_Rathalos][Agito][Blade|Serena|Marth],<last offense & hp60 & hit10>,,attack:4891,force_strike:2762,skill_1:4861,skill_2:1801,team_buff:437
11844,_c_Vanessa,4*,flame,axe,6857,[Kung_Fu_Masters+Elegant_Escort][Dreadking_Rathalos][Agito][Blade|Serena|Marth],!<last offense & hp60 & hit10>,,attack:3884,force_strike:2205,skill_1:3859,skill_2:1457,team_buff:437
39933,Veronica,5*,shadow,wand,7158,[Candy_Couriers+The_Plaguebringer][Shinobi][Agito][Ieyasu|Curran|Berserker],<hp<40 & hp=40%>,last destruction team DPS not considered,attack:4748,skill_1:27558,skill_2:5138,team_energy:415,dx:467,ds:1604
28407,_c_Veronica,5*,shadow,wand,5549,[Candy_Couriers+The_Plaguebringer][Shinobi][Agito][Ieyasu|Curran|Berserker],!<hp<40 & hp=40%>,last destruction team DPS not considered,attack:3681,skill_1:18720,skill_2:3983,team_energy:415,dx:362,ds:1243
38521,Vice,3*,shadow,dagger,5088,[Twinfold_Bonds+The_Fires_of_Hate][Shinobi][Agito][Wand|Gala_Alex|Heinwald],<0 poison res & hit15 & hp100>,,attack:3789,force_strike:257,fs_poison:363,skill_1:21913,skill_2:10038,team_energy:416,dx:478,ds:1264
25958,_c_Vice,3*,shadow,dagger,4885,[Twinfold_Bonds+The_Fires_of_Hate][Shinobi][Agito][Wand|Gala_Alex|Heinwald],!<0 poison res & hit15 & hp100>,,attack:2640,force_strike:186,fs_poison:0,skill_1:14486,skill_2:7037,team_energy:416,dx:327,ds:864
12197,Vida,3*,shadow,dagger,5115,[Twinfold_Bonds+The_Fires_of_Hate][Shinobi][Agito][Ieyasu|Wand|Cleo],<hit15 & hp100>,,attack:2589,force_strike:475,skill_1:4820,team_energy:414,dx:2760,ds:1136
10525,_c_Vida,3*,shadow,dagger,4910,[Twinfold_Bonds+The_Fires_of_Hate][Shinobi][Agito][Ieyasu|Wand|Cleo],!<hit15 & hp100>,,attack:2228,force_strike:410,skill_1:4131,team_energy:414,dx:2365,ds:974
13129,Wedding_Aoi,5*,wind,dagger,4893,[Twinfold_Bonds+The_Fires_of_Hate][Vayu][HDT2][Blade|Dragonyule_Xainfried|Lin_You],<big hitbox & 80 sleep res & hit10 & hit15 & hp100>,,attack:2014,force_strike:197,skill_1:4690,s1_hit1:717,s1_hit2:725,s1_hit3:725,s1_hit4:725,skill_3:1304,team_buff:239,dx:531,ds:1255
8033,_c_Wedding_Aoi,5*,wind,dagger,4697,[Twinfold_Bonds+The_Fires_of_Hate][Vayu][HDT2][Blade|Dragonyule_Xainfried|Lin_You],!<big hitbox & 80 sleep res & hit10 & hit15 & hp100>,,attack:1539,force_strike:151,skill_1:3433,s1_hit1:544,skill_3:996,dx:406,ds:960
17645,Wedding_Elisanne,5*,wind,sword,5636,[The_Shining_Overlord+The_Fires_of_Hate][Vayu][HDT2][Blade|Dragonyule_Xainfried|Lin_You],<hp60 & hit10 & hp100 & s2 defdown for 10s>,2in1,attack:2128,force_strike:1233,skill_1:6316,skill_2:2472,skill_3:1742,team_buff:1759,dx:606,ds:1385
11603,_c_Wedding_Elisanne,5*,wind,sword,4726,[The_Shining_Overlord+The_Fires_of_Hate][Vayu][HDT2][Blade|Dragonyule_Xainfried|Lin_You],!<hp60 & hit10 & hp100 & s2 defdown for 10s>,2in1,attack:1410,force_strike:848,skill_1:4582,skill_2:1473,skill_3:1878,dx:418,ds:988
7524,Waike,3*,water,bow,4757,[Forest_Bonds+His_Clever_Brother][Siren][HDT2][Blade|Xander|Thaniel],<100 bog res & hit10>,,attack:1065,force_strike:634,skill_1:2337,skill_2:901,skill_3:577,dx:1534,ds:473
6290,_c_Waike,3*,water,bow,4757,[Forest_Bonds+His_Clever_Brother][Siren][HDT2][Blade|Xander|Thaniel],!<100 bog res & hit10>,,attack:873,force_strike:515,skill_1:1900,skill_2:733,skill_3:469,dx:1413,ds:384
19524,Xainfried,5*,water,lance,5804,[Heralds_of_Hinomoto+His_Clever_Brother][Gaibhne_and_Creidhne][HDT2][Summer_Celliera|Pipple|Bow],<0 frostbite res>,,attack:1563,force_strike:22,skill_1:7386,s1_frostbite:1611,skill_2:2440,team_buff:4188,dx:2310
17912,_c_Xainfried,5*,water,lance,5804,[Heralds_of_Hinomoto+His_Clever_Brother][Gaibhne_and_Creidhne][HDT2][Summer_Celliera|Pipple|Bow],!<0 frostbite res>,,attack:1563,force_strike:22,skill_1:7386,s1_frostbite:0,skill_2:2440,team_buff:4188,dx:2310
13249,Xander,5*,water,sword,4600,[The_Shining_Overlord+Primal_Crisis][Siren][HDT2][Xainfried|Pipple|Dagger],<hit10 & hit15>,c2+fs,attack:1462,force_strike:1634,skill_1:4449,s1_boost:648,skill_2:2243,skill_3:1604,dx:543,ds:661
9984,_c_Xander,5*,water,sword,4600,[The_Shining_Overlord+Primal_Crisis][Siren][HDT2][Xainfried|Pipple|Dagger],!<hit10 & hit15>,c2+fs,attack:1113,force_strike:1239,skill_1:3409,s1_boost:510,skill_2:1672,skill_3:1158,dx:396,ds:482
20019,Xania,3*,flame,wand,7058,[Candy_Couriers+Elegant_Escort][Apollo][Agito][Blade|Marth|Joe],<0 burn res & hit10>,,attack:5851,skill_1:7944,s1_burn:1654,skill_2:3744,s2_burn:823
15826,_c_Xania,3*,flame,wand,7058,[Candy_Couriers+Elegant_Escort][Apollo][Agito][Blade|Marth|Joe],!<0 burn res & hit10>,,attack:5287,skill_1:7159,s1_burn:0,skill_2:3378,s2_burn:0
15068,Xiao_Lei,3*,light,wand,7318,[Candy_Couriers+Spirit_of_the_Season][Daikokuten][HDT2][Blade|Dagger|Halloween_Elisanne],<hit10 & hit15 & hp100>,,attack:3548,skill_1:4061,skill_3:1532,team_buff:1209,dx:3792,ds:923
10984,_c_Xiao_Lei,3*,light,wand,6672,[Candy_Couriers+Spirit_of_the_Season][Daikokuten][HDT2][Blade|Dagger|Halloween_Elisanne],!<hit10 & hit15 & hp100>,,attack:2522,skill_1:2856,skill_3:1078,team_buff:1209,dx:2667,ds:649
12655,Xuan_Zang,4*,flame,lance,6953,[Breakfast_at_Valerios+Elegant_Escort][Dreadking_Rathalos][Agito][Blade|Wand|Marth],<hp70 & hp60 & hit10 & hit15>,,attack:4310,force_strike:2194,skill_1:3972,s1_boost:632,team_buff:1546
9366,_c_Xuan_Zang,4*,flame,lance,6622,[Breakfast_at_Valerios+Elegant_Escort][Dreadking_Rathalos][Agito][Blade|Wand|Marth],!<hp70 & hp60 & hit10 & hit15>,,attack:3045,force_strike:1544,skill_1:2785,s1_boost:444,team_buff:1546
16460,Yachiyo,4*,light,blade,7061,[Mega_Friends+Spirit_of_the_Season][Daikokuten][HDT2][Malora|Dagger|Halloween_Elisanne],<0 paralysis res & hit10 & hit15 & hp100>,,attack:3633,force_strike:211,fs_boost:1582,skill_1:3635,s1_paralysis:710,skill_3:1361,team_buff:333,dx:4255,ds:737
10436,_c_Yachiyo,4*,light,blade,6438,[Mega_Friends+Spirit_of_the_Season][Daikokuten][HDT2][Malora|Dagger|Halloween_Elisanne],!<0 paralysis res & hit10 & hit15 & hp100>,,attack:2352,force_strike:131,fs_boost:982,skill_1:2285,s1_paralysis:0,skill_3:845,team_buff:333,dx:2985,ds:518
20727,Yaten,5*,shadow,sword,6017,[The_Shining_Overlord+The_Fires_of_Hate][Shinobi][Agito][Ieyasu|Wand|Bow],<hp60 & hp100>,,attack:3340,force_strike:1469,skill_1:10413,s1_boost:2535,team_energy:1166,dx:494,ds:1307
17926,_c_Yaten,5*,shadow,sword,5046,[The_Shining_Overlord+The_Fires_of_Hate][Shinobi][Agito][Ieyasu|Wand|Bow],!<hp60 & hp100>,,attack:2858,force_strike:1257,skill_1:8920,s1_boost:2189,team_energy:1166,dx:421,ds:1112
14098,Yue,4*,flame,axe,6700,[Primal_Crisis+Elegant_Escort][Dreadking_Rathalos][Agito][Blade|Marth|Halloween_Mym],<hit10 & hit15>,,attack:3969,force_strike:1835,skill_1:2990,dx:4497,ds_burn:295,ds:508
10518,_c_Yue,4*,flame,axe,6700,[Primal_Crisis+Elegant_Escort][Dreadking_Rathalos][Agito][Blade|Marth|Halloween_Mym],!<hit10 & hit15>,,attack:2986,force_strike:1371,skill_1:2239,dx:3326,ds_burn:218,ds:375
14016,Yuya,4*,flame,dagger,7424,[Twinfold_Bonds+Elegant_Escort][Dreadking_Rathalos][Agito][Blade|Wand|Marth],<hit10 & hit15 & hp60>,,attack:2354,force_strike:3537,skill_1:3117,dx:3887,ds_burn:411,ds:707
9000,_c_Yuya,4*,flame,dagger,5727,[Twinfold_Bonds+Elegant_Escort][Dreadking_Rathalos][Agito][Blade|Wand|Marth],!<hit10 & hit15 & hp60>,,attack:1517,force_strike:2274,skill_1:1998,dx:2492,ds_burn:263,ds:453
12670,Zace,3*,shadow,lance,5697,[Resounding_Rendition+The_Fires_of_Hate][Shinobi][Agito][Ieyasu|Wand|Dagger],<hp70 & hp100>,,attack:2048,force_strike:291,skill_1:4387,skill_2:1844,team_energy:416,dx:2575,ds:1106
10773,_c_Zace,3*,shadow,lance,5064,[Resounding_Rendition+The_Fires_of_Hate][Shinobi][Agito][Ieyasu|Wand|Dagger],!<hp70 & hp100>,,attack:1731,force_strike:246,skill_1:3708,skill_2:1559,team_energy:416,dx:2176,ds:935
12129,Zardin,3*,water,sword,4974,[The_Shining_Overlord+Primal_Crisis][Siren][HDT2][Xander|Dagger|Summer_Estelle],<hp100 & hp60 & hit10 & hit15>,,attack:1976,force_strike:895,skill_1:4654,skill_2:1856,skill_3:1604,dx:514,ds:626
8165,_c_Zardin,3*,water,sword,4458,[The_Shining_Overlord+Primal_Crisis][Siren][HDT2][Xander|Dagger|Summer_Estelle],!<hp100 & hp60 & hit10 & hit15>,,attack:1346,force_strike:607,skill_1:3122,skill_2:1212,skill_3:1126,dx:337,ds:411
17010,Chitose,4*,light,wand,5827,[A_Game_of_Cat_and_Boar+United_by_One_Vision][PopStar_Siren][HDT2][Tobias|Blade|Bow],<buff all team & hp70>,,attack:2880,skill_3:1315,team_buff:11841,team_energy:499,dx:473
6887,_c_Chitose,4*,light,wand,5298,[A_Game_of_Cat_and_Boar+United_by_One_Vision][PopStar_Siren][HDT2][Tobias|Blade|Bow],!<buff all team & hp70>,,attack:2618,skill_3:1195,team_buff:2142,team_energy:499,dx:430
14811,Hanabusa,4*,light,blade,7083,[Resounding_Rendition+Spirit_of_the_Season][Daikokuten][HDT2][Wand|Dagger|Halloween_Elisanne],<hit10 & hit15 & hp70 & hp100>,,attack:3461,skill_1:3423,skill_3:1304,team_buff:1757,dx:4046,ds:817
10626,_c_Hanabusa,4*,light,blade,6458,[Resounding_Rendition+Spirit_of_the_Season][Daikokuten][HDT2][Wand|Dagger|Halloween_Elisanne],!<hit10 & hit15 & hp70 & hp100>,,attack:2380,skill_1:2334,skill_3:877,team_buff:1757,dx:2724,ds:551
21306,Mitsuhide,5*,light,dagger,6485,[Twinfold_Bonds+Spirit_of_the_Season][Daikokuten][HDT2][Blade|Malora|Halloween_Elisanne],<0 paralysis res & hit15 & hit10 & hp100>,,attack:3370,force_strike:844,skill_1:3826,s1_paralysis:1428,skill_2:3367,skill_3:1948,team_buff:331,dx:5257,ds:931
12572,_c_Mitsuhide,5*,light,dagger,6282,[Twinfold_Bonds+Spirit_of_the_Season][Daikokuten][HDT2][Blade|Malora|Halloween_Elisanne],!<0 paralysis res & hit15 & hit10 & hp100>,,attack:2144,force_strike:537,skill_1:2385,s1_paralysis:0,skill_2:2099,skill_3:1214,team_buff:331,dx:3277,ds:580
22798,Nobunaga,5*,flame,blade,5357,[Primal_Crisis+Elegant_Escort][Konohana_Sakuya][Agito][Wand|Marth|Serena],<hit15 & hit10>,use s2 instead of fs to dispel when possible,attack:4955,force_strike:371,skill_1:5592,s1_boost:8038,skill_2:2954,s2_boost:886
13473,_c_Nobunaga,5*,flame,blade,5357,[Primal_Crisis+Elegant_Escort][Konohana_Sakuya][Agito][Wand|Marth|Serena],!<hit15 & hit10>,use s2 instead of fs to dispel when possible,attack:2985,force_strike:223,skill_1:3285,s1_boost:4722,skill_2:1735,s2_boost:520
22532,Kirsty,5*,wind,lance,5616,[Resounding_Rendition+The_Fires_of_Hate][Vayu][HDT2][Blade|Dragonyule_Xainfried|Akasha],<hp60 & hit10 & hp70 & hp100 & maintain Dauntless Strength>,no poison,attack:4394,skill_1:10027,skill_3:3080,team_buff:1479,dx:1088,ds:2461
12546,_c_Kirsty,5*,wind,lance,4992,[Resounding_Rendition+The_Fires_of_Hate][Vayu][HDT2][Blade|Dragonyule_Xainfried|Akasha],!<hp60 & hit10 & hp70 & hp100 & maintain Dauntless Strength>,no poison,attack:2378,skill_1:5361,skill_3:1554,team_buff:1479,dx:543,ds:1228
19296,Joachim,4*,wind,bow,5786,[Resounding_Rendition+The_Fires_of_Hate][Vayu][HDT2][Blade|Dragonyule_Xainfried|Lin_You],<0 poison res & hp70 & hit10 & hp100>,,attack:2651,skill_1:7553,s1_poison:3783,skill_3:2221,team_buff:995,dx:641,ds:1449
11252,_c_Joachim,4*,wind,bow,4788,[Resounding_Rendition+The_Fires_of_Hate][Vayu][HDT2][Blade|Dragonyule_Xainfried|Lin_You],!<0 poison res & hp70 & hit10 & hp100>,,attack:1874,skill_1:5343,s1_poison:0,skill_3:1566,team_buff:995,dx:451,ds:1020
29142,Ieyasu,5*,shadow,blade,6159,[Resounding_Rendition+The_Fires_of_Hate][Shinobi][Agito][Wand|Bow|Axe2],<hp70 & hp100>,,attack:3923,skill_1:12125,s1_bleed:10761,team_energy:415,dx:543,ds:1372
21125,_c_Ieyasu,5*,shadow,blade,5475,[Resounding_Rendition+The_Fires_of_Hate][Shinobi][Agito][Wand|Bow|Axe2],!<hp70 & hp100>,,attack:2816,skill_1:8750,s1_bleed:7765,team_energy:415,dx:390,ds:987
14263,Sinoa,4*,flame,wand,7238,[Primal_Crisis+Elegant_Escort][Dreadking_Rathalos][Agito][Blade|Serena|Marth],<hp100 & hit10 & hit15>,,attack:4146,force_strike:940,skill_2:1900,team_buff:1913,dx:4419,ds_burn:346,ds:595
9984,_c_Sinoa,4*,flame,wand,6678,[Primal_Crisis+Elegant_Escort][Dreadking_Rathalos][Agito][Blade|Serena|Marth],!<hp100 & hit10 & hit15>,,attack:2732,force_strike:612,skill_2:1241,team_buff:1913,dx:2870,ds_burn:226,ds:388
25484,Patia,4*,shadow,lance,9157,[Brothers_in_Arms+The_Fires_of_Hate][Fatalis][Agito][Blade|Bow|Tobias],<hp60 & hp100>,,attack:8799,skill_2:3309,s2_bleed:6467,team_buff:6907
23561,_c_Patia,4*,shadow,lance,8050,[Brothers_in_Arms+The_Fires_of_Hate][Fatalis][Agito][Blade|Bow|Tobias],!<hp60 & hp100>,,attack:7883,skill_2:2968,s2_bleed:5801,team_buff:6907
20897,Heinwald,5*,shadow,staff,8144,[Resounding_Rendition+The_Fires_of_Hate][Fatalis][Agito][Blade|Wand|Dagger],<buff all teammates & hp70 & hp100>,,attack:6458,skill_1:10897,team_buff:3541
12983,_c_Heinwald,5*,shadow,staff,7518,[Resounding_Rendition+The_Fires_of_Hate][Fatalis][Agito][Blade|Wand|Dagger],!<buff all teammates & hp70 & hp100>,,attack:5668,skill_1:7314
19530,Gala_Luca,5*,light,blade,7130,[The_Wyrmclan_Duo+Spirit_of_the_Season][Daikokuten][HDT2][Axe2|Dagger|Halloween_Elisanne],<hit15 & hit10 & hp70 & hp100>,,attack:4627,skill_1:6739,skill_3:1694,team_buff:332,dx:5229,ds:905
11861,_c_Gala_Luca,5*,light,blade,6501,[The_Wyrmclan_Duo+Spirit_of_the_Season][Daikokuten][HDT2][Axe2|Dagger|Halloween_Elisanne],!<hit15 & hit10 & hp70 & hp100>,,attack:2800,skill_1:4040,skill_3:994,team_buff:332,dx:3147,ds:546
11996,Aurien,3*,flame,staff,6350,[Breakfast_at_Valerios+Elegant_Escort][Apollo][Agito][Blade|Marth|Serena],<0 burn res & hp70 & hit10 & hit15>,no s1,attack:5489,skill_2:1084,s2_burn:355,team_buff:175,dx:3674,ds_burn:301,ds:914
7373,_c_Aurien,3*,flame,staff,6350,[Breakfast_at_Valerios+Elegant_Escort][Apollo][Agito][Blade|Marth|Serena],!<0 burn res & hp70 & hit10 & hit15>,no s1,attack:3801,skill_2:542,s2_burn:0,team_buff:175,dx:2433,ds:420
20733,Hunter_Berserker,5*,flame,sword,6925,[The_Lurker_in_the_Woods+Elegant_Escort][Dreadking_Rathalos][Agito][Blade|Grace|Halloween_Mym],<>,needs combo time from chain coability to keep combo & do c1 after s2,attack:192,force_strike:16829,skill_1:2790,team_buff:919
19627,Hunter_Vanessa,5*,light,lance,7279,[Resounding_Rendition+Spirit_of_the_Season][Daikokuten][HDT2][Blade|Dagger|Halloween_Elisanne],<0 paralysis res & hit10 & hit15 & hp70 & hp100>,,attack:3302,force_strike:1880,skill_1:3828,s1_paralysis:1037,skill_3:1286,team_buff:1295,dx:5943,ds:1053
12870,_c_Hunter_Vanessa,5*,light,lance,6637,[Resounding_Rendition+Spirit_of_the_Season][Daikokuten][HDT2][Blade|Dagger|Halloween_Elisanne],!<0 paralysis res & hit10 & hit15 & hp70 & hp100>,,attack:2167,force_strike:1254,skill_1:2553,s1_paralysis:0,skill_3:826,team_buff:1295,dx:4066,ds:706
19856,Hunter_Sarisse,5*,water,bow,5350,[Stellar_Show+Primal_Crisis][Dragonyule_Jeanne][HDT2][Dagger|Xander|Grace],<lance+ distance from HBH sized enemy & hit10 & hit15 & always connect hits>,fs hit count vary on distance and enemy size; needs combo time from chain coability to keep combo,attack:0,force_strike:13036,fs_extra_1:3911,skill_1:2908
11501,_c_Hunter_Sarisse,5*,water,bow,5350,[Stellar_Show+Primal_Crisis][Dragonyule_Jeanne][HDT2][Dagger|Xander|Grace],!<lance+ distance from HBH sized enemy & hit10 & hit15 & always connect hits>,fs hit count vary on distance and enemy size; needs combo time from chain coability to keep combo,attack:0,force_strike:9599,skill_1:1900
18977,Valentines_Melody,5*,wind,axe,6804,[Kung_Fu_Masters+The_Fires_of_Hate][Ariel][HDT2][Blade|Eleonora|Lin_You],<0 poison res & hit10 & hp100 & s1 defdown for 10s>,c4fsf c5 c4 s1,attack:5768,skill_1:3384,skill_2:2653,s2_poison:800,skill_3:2051,team_buff:4318
8583,_c_Valentines_Melody,5*,wind,axe,6185,[Kung_Fu_Masters+The_Fires_of_Hate][Ariel][HDT2][Blade|Eleonora|Lin_You],!<0 poison res & hit10 & hp100 & s1 defdown for 10s>,c4fsf c5 c4 s1,attack:4205,skill_1:2496,skill_2:1881,s2_poison:0
25878,Valentines_Addis,5*,shadow,bow,6494,[The_Plaguebringer+The_Fires_of_Hate][Shinobi][Agito][Wand|Curran|Berserker],<0 poison res & hp<40 & hp100 & hp=20%>,use s2 once,attack:4599,skill_1:15262,s1_poison:3677,team_energy:416,dx:603,ds:1318
11154,_c_Valentines_Addis,5*,shadow,bow,4474,[The_Plaguebringer+The_Fires_of_Hate][Shinobi][Agito][Wand|Curran|Berserker],!<0 poison res & hp<40 & hp100 & hp=20%>,use s2 once,attack:3215,skill_1:6176,s1_poison:0,team_energy:416,dx:422,ds:922
15149,Pipple,4*,water,wand,5821,[Primal_Crisis+His_Clever_Brother][Dragonyule_Jeanne][HDT2][Blade|Xander|Axe2],<hit10 & hit15>,,attack:14319,team_energy:829
11506,_c_Pipple,4*,water,wand,5821,[Primal_Crisis+His_Clever_Brother][Dragonyule_Jeanne][HDT2][Blade|Xander|Axe2],!<hit10 & hit15>,,attack:10675,team_energy:829
15108,Summer_Luca,4*,light,axe,7815,[Resounding_Rendition+Spirit_of_the_Season][Daikokuten][HDT2][Blade|Dagger|Halloween_Elisanne],<hp70 & hit10 & hit15 & hp100>,,attack:3834,force_strike:325,skill_1:3518,skill_3:1095,team_buff:332,dx:5203,ds:796
9913,_c_Summer_Luca,4*,light,axe,6729,[Resounding_Rendition+Spirit_of_the_Season][Daikokuten][HDT2][Blade|Dagger|Halloween_Elisanne],!<hp70 & hit10 & hit15 & hp100>,,attack:2519,force_strike:215,skill_1:2284,skill_3:704,team_buff:332,dx:3344,ds:512
22636,Natalie,5*,shadow,blade,6758,[Heralds_of_Hinomoto+The_Plaguebringer][Shinobi][Agito][Wand|Curran|Berserker],<hp<40 & hp=20%>,,attack:4891,skill_1:15404,team_energy:416,dx:545,ds:1378
13376,_c_Natalie,5*,shadow,blade,5239,[Heralds_of_Hinomoto+The_Plaguebringer][Shinobi][Agito][Wand|Curran|Berserker],!<hp<40 & hp=20%>,,attack:3847,skill_1:7597,team_energy:416,dx:429,ds:1085
19228,Mitsuba,5*,water,dagger,4880,[Twinfold_Bonds+His_Clever_Brother][Siren][HDT2][Blade|Xander|Summer_Estelle],<0 frostbite res & hit15 & hit10>,,attack:1750,skill_1:16884,team_inspiration:593
13386,_c_Mitsuba,5*,water,dagger,4880,[Twinfold_Bonds+His_Clever_Brother][Siren][HDT2][Blade|Xander|Summer_Estelle],!<0 frostbite res & hit15 & hit10>,,attack:1224,skill_1:11567,team_inspiration:593
24579,Tobias,5*,wind,blade,4215,[A_Dogs_Day+Castle_Cheer_Corps][Freyja][HDT2][Bow|Blade|Lin_You],<buff all team & hit10>,,attack:4773,team_buff:19805
4491,_c_Tobias,5*,wind,blade,4215,[A_Dogs_Day+Castle_Cheer_Corps][Freyja][HDT2][Bow|Blade|Lin_You],!<buff all team & hit10>,,attack:4491
11276,Templar_Hope,4*,wind,sword,6708,[The_Shining_Overlord+The_Fires_of_Hate][AC011_Garland][HDT2][Blade|Dragonyule_Xainfried|Lin_You],<maintain shield & hp60 & hit10 & hp100>,,attack:2456,force_strike:1703,skill_2:2090,skill_3:1726,dx:2623,ds:675
7622,_c_Templar_Hope,4*,wind,sword,5808,[The_Shining_Overlord+The_Fires_of_Hate][AC011_Garland][HDT2][Blade|Dragonyule_Xainfried|Lin_You],!<maintain shield & hp60 & hit10 & hp100>,,attack:1670,force_strike:1157,skill_2:1406,skill_3:1169,dx:1763,ds:453
47532,Gala_Alex,5*,shadow,sword,5677,[The_Shining_Overlord+The_Fires_of_Hate][Shinobi][Agito][Blade|Wand|Heinwald],<0 poison res & hp100>,no bk bonus in sim; s2 c4fs [s1 c4fs]*5 & use s1/s2 only when charge>=2,attack:5487,force_strike:1624,skill_1:32300,skill_2:2807,s2_poison:1184,team_buff:914,team_energy:416,dx:767,ds:2028
35421,_c_Gala_Alex,5*,shadow,sword,5046,[The_Shining_Overlord+The_Fires_of_Hate][Shinobi][Agito][Blade|Wand|Heinwald],!<0 poison res & hp100>,no bk bonus in sim; s2 c4fs [s1 c4fs]*5 & use s1/s2 only when charge>=2,attack:4158,force_strike:1240,skill_1:24487,skill_2:2191,s2_poison:0,team_buff:914,team_energy:416,dx:552,ds:1459
28826,Aldred,4*,shadow,blade,7803,[Heralds_of_Hinomoto+The_Plaguebringer][Shinobi][Agito][Wand|Berserker|Curran],<hp<40 & hp=1>,maintain dragondrive,attack:4324,skill_1:24460,dx:41
14143,_c_Aldred,4*,shadow,blade,6049,[Heralds_of_Hinomoto+The_Plaguebringer][Shinobi][Agito][Wand|Berserker|Curran],!<hp<40 & hp=1>,maintain dragondrive,attack:3443,skill_1:10668,dx:31
43234,Bellina,5*,shadow,dagger,10738,[Twinfold_Bonds+The_Plaguebringer][Fatalis][Agito][Ieyasu|Curran|Berserker],<hp<40 & hit15 & hp=30%>,,attack:21465,force_strike:317,skill_1:20021,skill_2:1364,dx:64
23000,_c_Bellina,5*,shadow,dagger,8324,[Twinfold_Bonds+The_Plaguebringer][Fatalis][Agito][Ieyasu|Curran|Berserker],!<hp<40 & hit15 & hp=30%>,,attack:10628,force_strike:231,skill_1:11596,skill_2:496,dx:46
12410,Gauld,4*,water,lance,4999,[Primal_Crisis+His_Clever_Brother][Siren][HDT2][Dagger|Xander|Summer_Estelle],<0 frostbite res & hp70 & hit10 & hit15>,,attack:2349,force_strike:287,skill_1:3705,s1_frostbite:3207,skill_3:1332,dx:760,ds:765
5949,_c_Gauld,4*,water,lance,4615,[Primal_Crisis+His_Clever_Brother][Siren][HDT2][Dagger|Xander|Summer_Estelle],!<0 frostbite res & hp70 & hit10 & hit15>,,attack:1551,force_strike:184,skill_1:2430,s1_frostbite:0,skill_3:828,dx:475,ds:478
16453,Lazry,5*,water,axe,6068,[Heralds_of_Hinomoto+His_Clever_Brother][Gaibhne_and_Creidhne][HDT2][Blade|Xander|Summer_Estelle],<0 frostbite res & hp70 & hit10>,,attack:4247,force_strike:613,skill_1:7271,s1_frostbite:1206,s2_high:607,team_buff:2507
11395,_c_Lazry,5*,water,axe,6068,[Heralds_of_Hinomoto+His_Clever_Brother][Gaibhne_and_Creidhne][HDT2][Blade|Xander|Summer_Estelle],!<0 frostbite res & hp70 & hit10>,,attack:3498,force_strike:507,skill_1:4536,s1_frostbite:0,s2_high:344,team_buff:2507
23785,Ezelith,5*,flame,dagger,6728,[Twinfold_Bonds+Elegant_Escort][Arctos][Agito][Halloween_Mym|Blade|Marth],<hit10 & hit15>,,attack:6485,force_strike:827,skill_1:7997,team_buff:552,dx:5391,ds:2531
19625,_c_Ezelith,5*,flame,dagger,6728,[Twinfold_Bonds+Elegant_Escort][Arctos][Agito][Halloween_Mym|Blade|Marth],!<hit10 & hit15>,,attack:5354,force_strike:682,skill_1:6557,team_buff:552,dx:4408,ds:2069
19049,Victor,5*,wind,blade,6261,[Resounding_Rendition+The_Fires_of_Hate][Vayu][HDT2][Akasha|Dragonyule_Xainfried|Lin_You],<hp70 & hit10 & hp100>,,attack:2857,skill_1:5171,s1_bleed:5602,skill_2:1783,skill_3:1521,dx:647,ds:1463
12887,_c_Victor,5*,wind,blade,5076,[Resounding_Rendition+The_Fires_of_Hate][Vayu][HDT2][Akasha|Dragonyule_Xainfried|Lin_You],!<hp70 & hit10 & hp100>,,attack:1870,skill_1:3260,s1_bleed:4119,skill_2:1125,skill_3:1169,dx:411,ds:930
15904,Summer_Cleo,5*,light,bow,6634,[Resounding_Rendition+Spirit_of_the_Season][Daikokuten][HDT2][Blade|Wand|Halloween_Elisanne],<buff all team & 0 paralysis res & hit10 & hit15 & hp70 & hp100>,nofs,attack:2802,s1_big_missile:2106,s1_boost:771,s1_missile:1263,s1_paralysis:1028,skill_3:1636,team_buff:1158,dx:4230,ds:905
8628,_c_Summer_Cleo,5*,light,bow,6049,[Resounding_Rendition+Spirit_of_the_Season][Daikokuten][HDT2][Blade|Wand|Halloween_Elisanne],!<buff all team & 0 paralysis res & hit10 & hit15 & hp70 & hp100>,nofs,attack:1948,s1_big_missile:1232,s1_boost:172,s1_missile:739,s1_paralysis:0,skill_3:858,team_buff:330,dx:2789,ds:557
18999,Addis,4*,wind,blade,5919,[Resounding_Rendition+The_Fires_of_Hate][Vayu][HDT2][Akasha|Dragonyule_Xainfried|Lin_You],<0 poison res & hit10 & hp70 & hp100>,s2 c2 s1 c5fsf c4fs s1; hold s2s1 until bleed under 3,attack:3260,force_strike:115,skill_1:6530,s1_bleed:5955,s1_poison:128,skill_3:855,dx:674,ds:1478
14552,_c_Addis,4*,wind,blade,5261,[Resounding_Rendition+The_Fires_of_Hate][Vayu][HDT2][Akasha|Dragonyule_Xainfried|Lin_You],!<0 poison res & hit10 & hp70 & hp100>,s2 c2 s1 c5fsf c4fs s1; hold s2s1 until bleed under 3,attack:2334,force_strike:68,skill_1:4324,s1_bleed:5584,s1_poison:0,skill_3:728,dx:470,ds:1041
16399,Sazanka,4*,shadow,axe,5738,[Kung_Fu_Masters+The_Fires_of_Hate][Shinobi][Agito][Blade|Wand|Dagger],<80 sleep res & hp100>,,attack:3685,force_strike:460,fs_boost:71,skill_1:5750,s1_bleed:4563,team_energy:416,dx:425,ds:1026
14813,_c_Sazanka,4*,shadow,axe,5100,[Kung_Fu_Masters+The_Fires_of_Hate][Shinobi][Agito][Blade|Wand|Dagger],!<80 sleep res & hp100>,,attack:3259,force_strike:409,fs_boost:63,skill_1:5056,s1_bleed:4321,team_energy:416,dx:377,ds:909
18361,Mega_Man,5*,flame,wand,6459,[Primal_Crisis+Elegant_Escort][Apollo][Agito][Blade|Marth|Serena],<hit10 & hit15>,16 hits leaf shield (max 32 hits),attack:6963,o_leaf_shield:6043,o_metal_blade:383,dx:4373,ds:596
13273,_c_Mega_Man,5*,flame,wand,6459,[Primal_Crisis+Elegant_Escort][Apollo][Agito][Blade|Marth|Serena],!<hit10 & hit15>,16 hits leaf shield (max 32 hits),attack:5141,o_leaf_shield:4447,o_metal_blade:249,dx:3021,ds:412
14589,Valerio,5*,water,blade,6140,[The_Wyrmclan_Duo+His_Clever_Brother][Dragonyule_Jeanne][HDT2][Axe2|Xander|Summer_Estelle],<0 frostbite res & hit10 & hp70>,,attack:6659,skill_1:5025,skill_3:1824,team_buff:570,team_inspiration:509
12593,_c_Valerio,5*,water,blade,6140,[The_Wyrmclan_Duo+His_Clever_Brother][Dragonyule_Jeanne][HDT2][Axe2|Xander|Summer_Estelle],!<0 frostbite res & hit10 & hp70>,,attack:5681,skill_1:4269,skill_3:1474,team_buff:569,team_inspiration:597
