9209,Aeleen,4*,wind,lance,6524,[Resounding_Rendition+Beautiful_Nothingness][AC011_Garland][HDT2][Blade|Dragonyule_Xainfried|Lin_You],<maintain shield & hit10 & hp70>,,attack:1643,force_strike:227,skill_1:1895,skill_3:553,dx:3849,ds:1040
6375,_c_Aeleen,4*,wind,lance,6116,[Resounding_Rendition+Beautiful_Nothingness][AC011_Garland][HDT2][Blade|Dragonyule_Xainfried|Lin_You],!<maintain shield & hit10 & hp70>,,attack:1190,force_strike:163,skill_1:1366,skill_3:366,dx:2588,ds:699
12805,Alain,3*,flame,lance,5252,[Primal_Crisis+Dragon_and_Tamer][Konohana_Sakuya][Agito][Blade|Wand|Marth],<0 burn res & hit10 & hit15>,82% burn uptime,attack:2139,force_strike:243,skill_1:4613,s1_burn:894,skill_2:2457,s2_burn:483,dx:202,ds:1769
8781,_c_Alain,3*,flame,lance,5252,[Primal_Crisis+Dragon_and_Tamer][Konohana_Sakuya][Agito][Blade|Wand|Marth],!<0 burn res & hit10 & hit15>,,attack:1680,force_strike:189,skill_1:3548,s1_burn:0,skill_2:1935,s2_burn:0,dx:146,ds:1279
17020,Albert,5*,light,sword,6415,[The_Shining_Overlord+Primal_Crisis][Daikokuten][HDT2][Blade|Dagger|Halloween_Elisanne],<big hitbox & 0 paralysis res & hit10 & hit15>,32% paralysis uptime,attack:1420,force_strike:1577,fs_paralysis:1029,skill_1:2076,s1_hit2:66,s1_hit3:66,s1_hit4:66,s1_hit5:66,s1_hit6:66,s1_s2boost:927,skill_3:467,team_buff:665,dx:7028,ds:1494
10636,_c_Albert,5*,light,sword,6415,[The_Shining_Overlord+Primal_Crisis][Daikokuten][HDT2][Blade|Dagger|Halloween_Elisanne],!<big hitbox & 0 paralysis res & hit10 & hit15>,,attack:970,force_strike:1074,fs_paralysis:0,skill_1:1412,s1_hit2:41,s1_hit3:41,s1_hit4:41,s1_s2boost:575,skill_3:301,team_buff:665,dx:4562,ds:950
14984,Alex,4*,shadow,dagger,7411,[Twinfold_Bonds+The_Plaguebringer][Fatalis][Agito][Blade|Wand|Gala_Alex],<0 poison res & hp100 & hit15>,not consider bk boost of her s2; 90% poison uptime,attack:4092,force_strike:554,skill_1:5956,s1_poison:1290,skill_2:2543,team_buff:547
8387,_c_Alex,4*,shadow,dagger,7411,[Twinfold_Bonds+The_Plaguebringer][Fatalis][Agito][Blade|Wand|Gala_Alex],!<0 poison res & hp100 & hit15>,not consider bk boost of her s2,attack:2813,force_strike:384,skill_1:3280,s1_poison:0,skill_2:1360,team_buff:547
22001,Alfonse,5*,light,sword,11406,[The_Shining_Overlord+Spirit_of_the_Season][Daikokuten][HDT2][Blade|Dagger|Halloween_Elisanne],<last offense & hp60 & hit10 & hit15 & hp100 & hp=80%>,73% paralysis uptime,attack:3275,force_strike:1242,skill_1:2757,s1_paralysis:1152,skill_2:1262,skill_3:1234,team_buff:664,dx:8429,ds:1982
14089,_c_Alfonse,5*,light,sword,6666,[The_Shining_Overlord+Spirit_of_the_Season][Daikokuten][HDT2][Blade|Dagger|Halloween_Elisanne],!<last offense & hp60 & hit10 & hit15 & hp100 & hp=80%>,73% paralysis uptime,attack:1970,force_strike:755,skill_1:1701,s1_paralysis:711,skill_2:768,skill_3:781,team_buff:664,dx:5444,ds:1289
30603,Althemia,3*,shadow,wand,6121,[Candy_Couriers+The_Fires_of_Hate][Shinobi][Agito][Blade|Delphi|Gala_Alex],<0 poison res & hp100>,85% poison uptime,attack:4068,skill_1:11920,s1_poison:1471,skill_2:8455,team_energy:832,dx:926,ds:2927
15902,_c_Althemia,3*,shadow,wand,5441,[Candy_Couriers+The_Fires_of_Hate][Shinobi][Agito][Blade|Delphi|Gala_Alex],!<0 poison res & hp100>,,attack:2778,skill_1:6953,s1_poison:0,skill_2:3124,team_energy:832,dx:607,ds:1605
14834,Amane,4*,light,wand,6947,[Candy_Couriers+Primal_Crisis][Daikokuten][HDT2][Blade|Raemond|Halloween_Elisanne],<hit10 & hit15>,,attack:2268,skill_1:2982,skill_3:853,team_buff:665,dx:6520,ds:1543
9376,_c_Amane,4*,light,wand,6947,[Candy_Couriers+Primal_Crisis][Daikokuten][HDT2][Blade|Raemond|Halloween_Elisanne],!<hit10 & hit15>,,attack:1440,skill_1:1926,skill_3:511,team_buff:665,dx:3906,ds:924
14427,Annelie,5*,light,lance,5970,[Resounding_Rendition+Breakfast_at_Valerios][Daikokuten][HDT2][Lucretia|Dagger|Halloween_Elisanne],<hp70 & hit10 & hit15>,1121,attack:1629,force_strike:184,skill_1:2883,skill_2:677,skill_3:735,team_buff:664,team_energy:166,dx:5672,ds:1812
8711,_c_Annelie,5*,light,lance,5970,[Resounding_Rendition+Breakfast_at_Valerios][Daikokuten][HDT2][Lucretia|Dagger|Halloween_Elisanne],!<hp70 & hit10 & hit15>,1121,attack:1083,force_strike:125,skill_1:1490,skill_2:333,skill_3:366,team_buff:664,team_energy:166,dx:3574,ds:906
14411,Aoi,3*,flame,blade,5551,[Breakfast_at_Valerios+Resounding_Rendition][Konohana_Sakuya][Agito][Wand|Marth|Joe],<0 burn res & hit10 & hp70 & hit15>,91% burn uptime,attack:2662,skill_1:5629,s1_burn:1242,skill_2:2243,s2_burn:468,dx:231,ds:1933
9600,_c_Aoi,3*,flame,blade,5551,[Breakfast_at_Valerios+Resounding_Rendition][Konohana_Sakuya][Agito][Wand|Marth|Joe],!<0 burn res & hit10 & hp70 & hit15>,,attack:2074,skill_1:4270,s1_burn:0,skill_2:1737,s2_burn:0,dx:162,ds:1355
14541,Audric,4*,shadow,sword,5391,[The_Shining_Overlord+Beautiful_Nothingness][Shinobi][Agito][Ieyasu|Wand|Cleo],<hp70>,,attack:1276,force_strike:522,skill_1:2671,skill_2:1455,team_energy:831,dx:5514,ds:2270
13487,_c_Audric,4*,shadow,sword,4976,[The_Shining_Overlord+Beautiful_Nothingness][Shinobi][Agito][Ieyasu|Wand|Cleo],!<hp70>,,attack:1177,force_strike:481,skill_1:2466,skill_2:1343,team_energy:831,dx:5090,ds:2095
14317,Beautician_Zardin,5*,light,blade,6499,[Resounding_Rendition+Breakfast_at_Valerios][Daikokuten][HDT2][Wand|Dagger|Halloween_Elisanne],<hp70 & hit10 & hit15>,no s2,attack:2219,skill_1:2524,skill_3:955,team_buff:820,dx:6052,ds:1744
8678,_c_Beautician_Zardin,5*,light,blade,6499,[Resounding_Rendition+Breakfast_at_Valerios][Daikokuten][HDT2][Wand|Dagger|Halloween_Elisanne],!<hp70 & hit10 & hit15>,no s2,attack:1500,skill_1:1243,skill_3:470,team_buff:820,dx:3784,ds:859
10109,Berserker,4*,shadow,sword,9588,[The_Shining_Overlord+Dear_Diary][Fatalis][Agito][Ieyasu|Wand|Dagger],<last offense & hp30 every 180s>,,attack:3620,force_strike:1549,skill_1:4939
8720,_c_Berserker,4*,shadow,sword,7375,[The_Shining_Overlord+Dear_Diary][Fatalis][Agito][Ieyasu|Wand|Dagger],!<last offense & hp30 every 180s>,,attack:3089,force_strike:1335,skill_1:4295
18874,Botan,4*,shadow,lance,5575,[Resounding_Rendition+Jewels_of_the_Sun][Shinobi][Agito][Blade|Wand|Dagger],<buff all team & hp70>,,attack:3065,skill_1:5487,s1_bleed:6884,team_buff:3437
15826,_c_Botan,4*,shadow,lance,5146,[Resounding_Rendition+Jewels_of_the_Sun][Shinobi][Agito][Blade|Wand|Dagger],!<buff all team & hp70>,,attack:2697,skill_1:4830,s1_bleed:6060,team_buff:2236
17743,Cassandra,5*,shadow,wand,9761,[Candy_Couriers+The_Plaguebringer][Fatalis][Agito][Curran|Berserker|Delphi],<0 poison res & hp30 every 180s & hp<40 & hp=80%>,85% poison uptime,attack:6107,skill_1:6201,s1_poison:1437,skill_2:3996
9214,_c_Cassandra,5*,shadow,wand,7567,[Candy_Couriers+The_Plaguebringer][Fatalis][Agito][Curran|Berserker|Delphi],!<0 poison res & hp30 every 180s & hp<40 & hp=80%>,,attack:3514,skill_1:3564,s1_poison:0,skill_2:2134
9986,Celliera,4*,water,blade,5378,[Resounding_Rendition+Breakfast_at_Valerios][Siren][HDT2][Dagger|Xander|Summer_Estelle],<hp70 & hit10 & hit15>,,attack:2911,skill_1:4802,skill_3:2272
6702,_c_Celliera,4*,water,blade,5042,[Resounding_Rendition+Breakfast_at_Valerios][Siren][HDT2][Dagger|Xander|Summer_Estelle],!<hp70 & hit10 & hit15>,,attack:1990,skill_1:3189,skill_3:1521
12831,Chelsea,5*,flame,bow,6538,[Mega_Friends+Dear_Diary][Dreadking_Rathalos][Agito][Blade|Grace|Serena],<hit10 & hp30 every 180s>,,attack:1170,force_strike:7812,skill_1:3848
11186,_c_Chelsea,5*,flame,bow,6538,[Mega_Friends+Dear_Diary][Dreadking_Rathalos][Agito][Blade|Grace|Serena],!<hit10 & hp30 every 180s>,,attack:1020,force_strike:6801,skill_1:3364
9524,Cibella,3*,water,lance,6647,[Resounding_Rendition+Breakfast_at_Valerios][Leviathan][HDT2][Blade|Xander|Dagger],<hit10 & hp70 & hit15>,,attack:1796,force_strike:243,skill_2:745,skill_3:899,dx:4449,ds:1389
6876,_c_Cibella,3*,water,lance,6647,[Resounding_Rendition+Breakfast_at_Valerios][Leviathan][HDT2][Blade|Xander|Dagger],!<hit10 & hp70 & hit15>,,attack:1329,force_strike:179,skill_2:534,skill_3:645,dx:3191,ds:996
18546,Curran,5*,shadow,axe,13017,[Kung_Fu_Masters+Flower_in_the_Fray][Fatalis][Agito][Blade|Wand|Bow],<last offense>,no fs,attack:6181,skill_1:8103,skill_2:3136,team_buff:1123
16611,_c_Curran,5*,shadow,axe,8135,[Kung_Fu_Masters+Flower_in_the_Fray][Fatalis][Agito][Blade|Wand|Bow],!<last offense>,no fs,attack:5382,skill_1:7490,skill_2:2614,team_buff:1123
10635,Dragonyule_Cleo,5*,water,dagger,4932,[Twinfold_Bonds+The_Prince_of_Dragonyule][Siren][HDT2][Hunter_Sarisse|Xander|Summer_Estelle],<hp70 & hit10 & hit15 & buff all team & always connect hits>,,attack:1824,force_strike:399,skill_1:3151,skill_2:1912,skill_3:1998,team_buff:937,team_energy:410
5936,_c_Dragonyule_Cleo,5*,water,dagger,4450,[Twinfold_Bonds+The_Prince_of_Dragonyule][Siren][HDT2][Hunter_Sarisse|Xander|Summer_Estelle],!<hp70 & hit10 & hit15 & buff all team & always connect hits>,,attack:1233,force_strike:267,skill_1:1974,skill_2:1257,skill_3:1202
16834,Dragonyule_Malora,5*,light,axe,6762,[The_Wyrmclan_Duo+Primal_Crisis][Daikokuten][HDT2][Blade|Dagger|Halloween_Elisanne],<hit10 & hit15 & hp70 & buff all team>,c4fsf c5 c4 s1,attack:4487,skill_1:1903,skill_2:2039,s2_boost:1631,team_buff:3266,dx:1961,ds:1542
6951,_c_Dragonyule_Malora,5*,light,axe,6762,[The_Wyrmclan_Duo+Primal_Crisis][Daikokuten][HDT2][Blade|Dagger|Halloween_Elisanne],!<hit10 & hit15 & hp70 & buff all team>,c4fsf c5 c4 s1,attack:2866,skill_1:1561,team_buff:662,dx:1041,ds:819
9735,Dragonyule_Nefaria,4*,water,bow,6425,[Forest_Bonds+Dear_Diary][Leviathan][HDT2][Blade|Xander|Thaniel],<hit10 & hp30 every 180s>,,attack:1118,force_strike:683,skill_1:1683,skill_3:554,dx:4032,ds:1661
7334,_c_Dragonyule_Nefaria,4*,water,bow,6425,[Forest_Bonds+Dear_Diary][Leviathan][HDT2][Blade|Xander|Thaniel],!<hit10 & hp30 every 180s>,,attack:855,force_strike:513,skill_1:1266,skill_3:417,dx:3031,ds:1249
12324,Dragonyule_Xainfried,4*,wind,wand,6268,[A_Dogs_Day+Primal_Crisis][Ariel][HDT2][Blade|Bow|Tobias],<buff all team & hit15>,,attack:3269,skill_2:1405,skill_3:509,team_buff:4725,dx:305,ds:2107
6395,_c_Dragonyule_Xainfried,4*,wind,wand,6268,[A_Dogs_Day+Primal_Crisis][Ariel][HDT2][Blade|Bow|Tobias],!<buff all team & hit15>,,attack:2767,skill_2:1176,skill_3:426,dx:256,ds:1768
8612,Dragonyule_Xander,4*,water,wand,5095,[Candy_Couriers+Primal_Crisis][Siren][HDT2][Summer_Celliera|Blade|Thaniel],<hit10 & hit15 & buff all team>,,attack:1448,skill_1:2399,skill_3:753,team_energy:82,dx:2695,ds:1232
6732,_c_Dragonyule_Xander,4*,water,wand,5095,[Candy_Couriers+Primal_Crisis][Siren][HDT2][Summer_Celliera|Blade|Thaniel],!<hit10 & hit15 & buff all team>,,attack:1102,skill_1:1755,skill_3:548,dx:2415,ds:909
18818,Delphi,5*,shadow,dagger,6013,[Mega_Friends+The_Fires_of_Hate][Fatalis][Agito][Blade|Gala_Alex|Heinwald],<0 poison res & hp100 & s1 defdown for 10s>,74% poison uptime,attack:3320,force_strike:3423,fs_boost:165,fs_poison:4723,skill_1:713,skill_2:733,s2_poison:3244,team_buff:2494
4542,_c_Delphi,5*,shadow,dagger,5369,[Mega_Friends+The_Fires_of_Hate][Fatalis][Agito][Blade|Gala_Alex|Heinwald],!<0 poison res & hp100 & s1 defdown for 10s>,,attack:1819,force_strike:1863,fs_boost:85,fs_poison:0,skill_1:460,skill_2:313,s2_poison:0
20426,Durant,4*,shadow,blade,9058,[Proper_Maintenance+Howling_to_the_Heavens][Fatalis][Agito][Dagger|Tobias|Axe2],<hp100 & hit15>,,attack:20425
15536,_c_Durant,4*,shadow,blade,7838,[Proper_Maintenance+Howling_to_the_Heavens][Fatalis][Agito][Dagger|Tobias|Axe2],!<hp100 & hit15>,,attack:15535
12221,Eleonora,4*,wind,bow,5387,[Resounding_Rendition+The_Fires_of_Hate][Vayu][HDT2][Blade|Dragonyule_Xainfried|Lin_You],<0 poison res & hp100 & hit10 & hp70>,83% poison uptime,attack:1196,force_strike:730,skill_1:2593,s1_poison:845,skill_2:1230,s2_poison:331,skill_3:2014,dx:1005,ds:2273
7139,_c_Eleonora,4*,wind,bow,4788,[Resounding_Rendition+The_Fires_of_Hate][Vayu][HDT2][Blade|Dragonyule_Xainfried|Lin_You],!<0 poison res & hit10 & hp70 & hp100>,,attack:792,force_strike:464,skill_1:1782,s1_poison:0,skill_2:768,s2_poison:0,skill_3:1265,dx:633,ds:1432
11546,Elias,4*,light,bow,8280,[Forest_Bonds+Dear_Diary][Daikokuten][HDT2][Blade|Lucretia|Halloween_Elisanne],<last offense & hit10 & hit15 & hp30 every 180s>,,attack:1285,force_strike:768,skill_1:1858,skill_3:534,team_buff:662,team_energy:165,dx:5044,ds:1226
8049,_c_Elias,4*,light,bow,5914,[Forest_Bonds+Dear_Diary][Daikokuten][HDT2][Blade|Lucretia|Halloween_Elisanne],!<last offense & hit10 & hit15 & hp30 every 180s>,,attack:810,force_strike:472,skill_1:1173,skill_3:374,team_buff:662,team_energy:165,dx:3531,ds:858
21032,Elisanne,4*,water,lance,5676,[Beach_Battle+Castle_Cheer_Corps][Gaibhne_and_Creidhne][HDT2][Tobias|Renee|Bow],<hp60>,no s2 or s3,attack:3590,force_strike:871,team_buff:16569
20961,_c_Elisanne,4*,water,lance,5511,[Beach_Battle+Castle_Cheer_Corps][Gaibhne_and_Creidhne][HDT2][Tobias|Renee|Bow],!<hp60>,no s2 or s3,attack:3534,force_strike:857,team_buff:16569
15331,Emma,4*,flame,lance,6639,[Castle_Cheer_Corps+From_Whence_He_Comes][Dreadking_Rathalos][Agito][Tobias|Blade|Marth],<buff all team & hit10>,,attack:3927,force_strike:1008,team_buff:10395
4620,_c_Emma,4*,flame,lance,6639,[Castle_Cheer_Corps+From_Whence_He_Comes][Dreadking_Rathalos][Agito][Tobias|Blade|Marth],!<buff all team & hit10>,,attack:3672,force_strike:947
16511,Erik,3*,shadow,axe,8034,[Kung_Fu_Masters+Flower_in_the_Fray][Fatalis][Agito][Blade|Wand|Dagger],<>,,attack:5001,force_strike:721,skill_1:7367,skill_2:3420
17679,Euden,4*,flame,sword,6884,[The_Shining_Overlord+Elegant_Escort][Dreadking_Rathalos][Agito][Blade|Joe|Yuya],<0 burn res>,95% burn uptime,attack:1645,force_strike:1582,skill_1:2928,s1_burn:700,skill_2:1063,team_buff:314,dx:7507,ds_burn:712,ds:1223
12748,_c_Euden,4*,flame,sword,6884,[The_Shining_Overlord+Elegant_Escort][Dreadking_Rathalos][Agito][Blade|Joe|Yuya],!<0 burn res>,,attack:1305,force_strike:1257,skill_1:2335,s1_burn:0,skill_2:818,team_buff:314,dx:5775,ds:941
17694,Fjorm,5*,water,lance,6948,[Resounding_Rendition+His_Clever_Brother][Siren][HDT2][Blade|Wand|Xander],<hit10 & hp70>,last bravery once at start; 100% frostbite uptime,attack:1743,force_strike:174,skill_1:4581,s1_frostbite:1221,skill_2:5952,skill_3:2521,team_buff:1499
15677,_c_Fjorm,5*,water,lance,6948,[Resounding_Rendition+His_Clever_Brother][Siren][HDT2][Blade|Wand|Xander],!<hit10 & hp70>,last bravery once at start; 100% frostbite uptime,attack:1500,force_strike:149,skill_1:3990,s1_frostbite:1066,skill_2:5228,skill_3:2241,team_buff:1499
19659,Fleur,4*,light,dagger,6436,[Twinfold_Bonds+Spirit_of_the_Season][Daikokuten][HDT2][Blade|Dragonyule_Malora|Halloween_Elisanne],<0 paralysis res & hp70 & hit10 & hit15 & hp100>,c4fs; 87% paralysis uptime,attack:3737,force_strike:1045,skill_1:6667,s1_paralysis:2253,skill_3:1456,team_buff:666,dx:2075,ds:1757
7123,_c_Fleur,4*,light,dagger,6235,[Twinfold_Bonds+Spirit_of_the_Season][Daikokuten][HDT2][Blade|Dragonyule_Malora|Halloween_Elisanne],!<0 paralysis res & hp70 & hit10 & hit15 & hp100>,c4fs,attack:1766,force_strike:515,skill_1:1638,s1_paralysis:0,skill_3:645,team_buff:665,dx:1024,ds:867
10675,Francesca,3*,wind,dagger,4633,[Twinfold_Bonds+Primal_Crisis][Vayu][HDT2][Blade|Dragonyule_Xainfried|Lin_You],<hit10 & hit15>,,attack:1375,force_strike:541,skill_1:2941,skill_2:926,skill_3:1681,team_buff:104,dx:923,ds:2181
7746,_c_Francesca,3*,wind,dagger,4633,[Twinfold_Bonds+Primal_Crisis][Vayu][HDT2][Blade|Dragonyule_Xainfried|Lin_You],!<hit10 & hit15>,,attack:1018,force_strike:398,skill_1:2104,skill_2:663,skill_3:1212,team_buff:104,dx:667,ds:1576
10278,Fritz,4*,light,dagger,6168,[Twinfold_Bonds+Levins_Champion][Daikokuten][HDT2][Blade|Wand|Halloween_Elisanne],<hit10 & hit15 & hp70>,,attack:3254,force_strike:421,fs_boost:440,skill_1:3301,skill_3:1752,team_buff:1107
7155,_c_Fritz,4*,light,dagger,6168,[Twinfold_Bonds+Levins_Champion][Daikokuten][HDT2][Blade|Wand|Halloween_Elisanne],!<hit10 & hit15 & hp70>,,attack:2175,force_strike:283,fs_boost:287,skill_1:2156,skill_3:1144,team_buff:1107
28670,Gala_Cleo,5*,shadow,wand,5279,[Candy_Couriers+Primal_Crisis][Shinobi][Agito][Blade|Bow|Dagger],<hit15 & always in a1>,(the true cleo is here),attack:4096,force_strike:0,skill_1:13805,skill_2:2082,team_buff:8685
14464,_c_Gala_Cleo,5*,shadow,wand,5279,[Candy_Couriers+Primal_Crisis][Shinobi][Agito][Blade|Bow|Dagger],!<hit15 & always in a1>,(the true cleo is here),attack:2670,force_strike:0,skill_1:8003,skill_2:1251,team_buff:2538
19643,Gala_Elisanne,5*,water,axe,5521,[Beach_Battle+From_Whence_He_Comes][Gaibhne_and_Creidhne][HDT2][Bow|Tobias|Renee],<buff all team>,,attack:4814,team_buff:14829
4814,_c_Gala_Elisanne,5*,water,axe,5521,[Beach_Battle+From_Whence_He_Comes][Gaibhne_and_Creidhne][HDT2][Bow|Tobias|Renee],!<buff all team>,,attack:4814
19654,Gala_Euden,5*,light,sword,6415,[The_Shining_Overlord+Primal_Crisis][Daikokuten][HDT2][Blade|Dagger|Cleo],<0 paralysis res & hit15 & s1 buff for 10s & draconic charge>,c2+fs,attack:707,force_strike:537,skill_1:491,skill_3:471,team_buff:2043,dx:13731,ds:1670
8898,_c_Gala_Euden,5*,light,sword,6415,[The_Shining_Overlord+Primal_Crisis][Daikokuten][HDT2][Blade|Dagger|Cleo],!<0 paralysis res & hit15 & s1 buff for 10s & draconic charge>,c2+fs,attack:1111,force_strike:824,skill_1:691,skill_3:643,team_buff:664,dx:4478,ds:483
14143,Gala_Mym,5*,flame,lance,5240,[Breakfast_at_Valerios+Resounding_Rendition][Konohana_Sakuya][Agito][Blade|Verica|Wand],<hp70 & hit15>,,attack:2371,force_strike:352,skill_1:4637,skill_2:1753,s2_boost:523,dx:1289,ds:3214
11151,_c_Gala_Mym,5*,flame,lance,5240,[Breakfast_at_Valerios+Resounding_Rendition][Konohana_Sakuya][Agito][Blade|Verica|Wand],!<hp70 & hit15>,,attack:1884,force_strike:281,skill_1:3641,skill_2:1375,s2_boost:413,dx:1017,ds:2536
13277,Gala_Ranzal,5*,wind,sword,6469,[The_Shining_Overlord+United_by_One_Vision][AC011_Garland][HDT2][Blade|Dragonyule_Xainfried|Lin_You],<maintain shield & hit10 & hp70>,no s2,attack:2159,force_strike:1173,skill_1:4274,s1_boost:1403,skill_3:1735,dx:1196,ds:1333
9610,_c_Gala_Ranzal,5*,wind,sword,5953,[The_Shining_Overlord+United_by_One_Vision][AC011_Garland][HDT2][Blade|Dragonyule_Xainfried|Lin_You],!<maintain shield & hit10 & hp70>,no s2,attack:1580,force_strike:860,skill_1:3096,s1_boost:1021,skill_3:1270,dx:842,ds:938
15901,Gala_Sarisse,5*,flame,bow,6523,[Forest_Bonds+Dear_Diary][Dreadking_Rathalos][Agito][Blade|Wand|Marth],<hit10 & hp30 every 180s & always connect hits>,20% burn uptime,attack:656,force_strike:3077,skill_1:7112,team_buff:854,dx:2979,ds_burn:465,ds:755
10033,_c_Gala_Sarisse,5*,flame,bow,6523,[Forest_Bonds+Dear_Diary][Dreadking_Rathalos][Agito][Blade|Wand|Marth],!<hit10 & hp30 every 180s & always connect hits>,19% burn uptime,attack:507,force_strike:2359,skill_1:3131,team_buff:844,dx:2455,ds_burn:270,ds:464
13409,Halloween_Edward,3*,light,blade,6838,[Resounding_Rendition+Breakfast_at_Valerios][Daikokuten][HDT2][Wand|Dagger|Halloween_Elisanne],<hp100 & hit10 & hit15 & hp70>,,attack:2063,skill_1:1915,skill_2:542,skill_3:773,team_buff:664,dx:6025,ds:1423
8356,_c_Halloween_Edward,3*,light,blade,6424,[Resounding_Rendition+Breakfast_at_Valerios][Daikokuten][HDT2][Wand|Dagger|Halloween_Elisanne],!<hp100 & hit10 & hit15 & hp70>,,attack:1330,skill_1:1140,skill_2:323,skill_3:460,team_buff:664,dx:3588,ds:847
14994,Halloween_Elisanne,5*,light,lance,6567,[Resounding_Rendition+Breakfast_at_Valerios][Daikokuten][HDT2][Blade|Dagger|Bow],<hit10 & hit15 & hp70>,,attack:1381,force_strike:202,skill_1:2481,skill_2:681,skill_3:679,team_buff:1655,dx:6304,ds:1608
10112,_c_Halloween_Elisanne,5*,light,lance,6567,[Resounding_Rendition+Breakfast_at_Valerios][Daikokuten][HDT2][Blade|Dagger|Bow],!<hit10 & hit15 & hp70>,,attack:930,force_strike:136,skill_1:1555,skill_2:430,skill_3:429,team_buff:1655,dx:3957,ds:1016
15174,Halloween_Mym,5*,flame,axe,7292,[Kung_Fu_Masters+Jewels_of_the_Sun][Dreadking_Rathalos][Agito][Blade|Yuya|Serena],<hit10 & hp70 & s1 defdown for 10s & buff all team>,,attack:3774,force_strike:958,skill_1:1028,team_buff:2187,dx:5766,ds:1457
10887,_c_Halloween_Mym,5*,flame,axe,6850,[Kung_Fu_Masters+Jewels_of_the_Sun][Dreadking_Rathalos][Agito][Blade|Yuya|Serena],!<hit10 & hp70 & s1 defdown for 10s & buff all team>,,attack:2994,force_strike:785,skill_1:883,dx:4967,ds:1256
13799,Halloween_Odetta,4*,water,sword,5502,[Mega_Friends+Primal_Crisis][Dragonyule_Jeanne][HDT2][Axe2|Xander|Dagger],<buff all team & hit10 & hit15>,,attack:2645,force_strike:2739,skill_1:3283,skill_3:1422,team_buff:3707
8075,_c_Halloween_Odetta,4*,water,sword,5502,[Mega_Friends+Primal_Crisis][Dragonyule_Jeanne][HDT2][Axe2|Xander|Dagger],!<buff all team & hit10 & hit15>,,attack:1988,force_strike:2058,skill_1:2454,skill_3:1048,team_buff:524
29278,Hawk,5*,wind,bow,5662,[The_Chocolatiers+The_Fires_of_Hate][Vayu][HDT2][Blade|Dragonyule_Xainfried|Sylas],<0 poison res & 80 stun res & hp100>,81% poison uptime; 11% stun uptime,attack:2030,force_strike:1119,fs_poison:428,skill_1:23130,skill_2:2570
6981,_c_Hawk,5*,wind,bow,5033,[The_Chocolatiers+The_Fires_of_Hate][Vayu][HDT2][Blade|Dragonyule_Xainfried|Sylas],!<0 poison res & 80 stun res & hp100>,,attack:1178,force_strike:524,fs_poison:0,skill_1:4398,skill_2:879
12361,Irfan,3*,light,dagger,6143,[Twinfold_Bonds+Levins_Champion][Daikokuten][HDT2][Blade|Wand|Halloween_Elisanne],<hit10 & hit15 & hp70>,,attack:1849,force_strike:230,skill_1:1880,skill_2:798,skill_3:568,team_buff:664,dx:5010,ds:1358
8361,_c_Irfan,3*,light,dagger,6143,[Twinfold_Bonds+Levins_Champion][Daikokuten][HDT2][Blade|Wand|Halloween_Elisanne],!<hit10 & hit15 & hp70>,,attack:1257,force_strike:158,skill_1:1227,skill_2:521,skill_3:371,team_buff:664,dx:3272,ds:887
9333,Jakob,3*,water,lance,6647,[Resounding_Rendition+Breakfast_at_Valerios][Leviathan][HDT2][Blade|Xander|Dagger],<100 bog res & hit10 & hp70 & hit15>,,attack:1606,force_strike:248,skill_1:1389,skill_3:892,dx:3817,ds:1378
6798,_c_Jakob,3*,water,lance,6647,[Resounding_Rendition+Breakfast_at_Valerios][Leviathan][HDT2][Blade|Xander|Dagger],!<100 bog res & hit10 & hp70 & hit15>,,attack:1200,force_strike:178,skill_1:1052,skill_3:639,dx:2738,ds:988
13220,Joe,3*,flame,bow,6748,[Mega_Friends+Dear_Diary][Dreadking_Rathalos][Agito][Blade|Wand|Marth],<0 burn res & hp100 & hit10 & hp30 every 180s>,86% burn uptime,attack:1176,force_strike:5197,skill_1:3960,s1_burn:997,skill_2:1405,s2_burn:482
9817,_c_Joe,3*,flame,bow,6748,[Mega_Friends+Dear_Diary][Dreadking_Rathalos][Agito][Blade|Wand|Marth],!<0 burn res & hit10 & hp30 every 180s>,,attack:985,force_strike:4341,skill_1:3310,s1_burn:0,skill_2:1179,s2_burn:0
10921,Johanna,3*,wind,axe,5363,[Kung_Fu_Masters+Crystalian_Envoy][Vayu][HDT2][Blade|Dragonyule_Xainfried|Lin_You],<hit10 & hp70>,,attack:1916,force_strike:215,skill_1:2950,skill_2:1327,skill_3:1297,dx:1282,ds:1930
8831,_c_Johanna,3*,wind,axe,4839,[Kung_Fu_Masters+Crystalian_Envoy][Vayu][HDT2][Blade|Dragonyule_Xainfried|Lin_You],!<hit10 & hp70>,,attack:1572,force_strike:177,skill_1:2367,skill_2:1064,skill_3:1046,dx:1038,ds:1563
13102,Julietta,5*,light,axe,6637,[Resounding_Rendition+Breakfast_at_Valerios][Daikokuten][HDT2][Blade|Dagger|Halloween_Elisanne],<hit10 & hit15 & hp70>,no fs & no s2,attack:2288,skill_1:2191,skill_3:711,team_buff:665,dx:6008,ds:1234
8740,_c_Julietta,5*,light,axe,6637,[Resounding_Rendition+Breakfast_at_Valerios][Daikokuten][HDT2][Blade|Dagger|Halloween_Elisanne],!<hit10 & hit15 & hp70>,no fs & no s2,attack:1611,skill_1:1483,skill_3:445,team_buff:665,dx:3761,ds:772
9160,Jurota,3*,water,blade,5193,[Resounding_Rendition+Breakfast_at_Valerios][Siren][HDT2][Wand|Xander|Dagger],<hit10 & hp70 & hit15>,,attack:1630,skill_1:2595,skill_3:902,dx:2841,ds:1189
6875,_c_Jurota,3*,water,blade,5193,[Resounding_Rendition+Breakfast_at_Valerios][Siren][HDT2][Wand|Xander|Dagger],!<hit10 & hp70 & hit15>,,attack:1205,skill_1:1883,skill_3:624,dx:2339,ds:822
9165,Karina,4*,water,axe,4699,[Kung_Fu_Masters+Breakfast_at_Valerios][Siren][HDT2][Dagger|Xander|Wand],<hp60 & hit10 & hp70 & hit15>,,attack:1682,force_strike:154,skill_1:3138,s1_boost:85,skill_2:1415,skill_3:717,dx:933,ds:1037
7523,_c_Karina,4*,water,axe,4476,[Kung_Fu_Masters+Breakfast_at_Valerios][Siren][HDT2][Dagger|Xander|Wand],!<hp60 & hit10 & hp70 & hit15>,,attack:1395,force_strike:127,skill_1:2790,s1_boost:81,skill_2:1100,skill_3:604,dx:673,ds:749
17933,Karl,4*,flame,sword,7777,[Primal_Crisis+The_Lurker_in_the_Woods][Dreadking_Rathalos][Agito][Blade|Dagger|Tobias],<hit15 & hp70 & hit10>,20% burn uptime,attack:4029,force_strike:5179,team_buff:3551,dx:4363,ds_burn:297,ds:511
13559,_c_Karl,4*,flame,sword,7091,[Primal_Crisis+The_Lurker_in_the_Woods][Dreadking_Rathalos][Agito][Blade|Dagger|Tobias],!<hit15 & hp70 & hit10>,20% burn uptime,attack:2825,force_strike:3617,team_buff:3551,dx:3004,ds_burn:205,ds:353
14443,Kleimann,4*,shadow,wand,5246,[Candy_Couriers+Primal_Crisis][Shinobi][Agito][Ieyasu|Bow|Dagger],<hit15>,,attack:2604,skill_1:6107,skill_2:2108,team_energy:826,dx:722,ds:2073
11825,_c_Kleimann,4*,shadow,wand,5246,[Candy_Couriers+Primal_Crisis][Shinobi][Agito][Ieyasu|Bow|Dagger],!<hit15>,,attack:2132,skill_1:4917,skill_2:1697,team_energy:826,dx:581,ds:1669
11752,Ku_Hai,4*,wind,sword,6150,[The_Lurker_in_the_Woods+The_Shining_Overlord][AC011_Garland][HDT2][Blade|Dragonyule_Xainfried|Akasha],<maintain shield & hp70 & hit10 & big hitbox>,c2+fs during s2,attack:1676,force_strike:3039,skill_1:3154,skill_3:1165,dx:1540,ds:1175
7605,_c_Ku_Hai,4*,wind,sword,6150,[The_Lurker_in_the_Woods+The_Shining_Overlord][AC011_Garland][HDT2][Blade|Dragonyule_Xainfried|Akasha],!<maintain shield & hp70 & hit10 & big hitbox>,c2+fs during s2,attack:1220,force_strike:1506,skill_1:2236,skill_3:788,dx:1050,ds:801
8845,Laranoa,5*,water,bow,5291,[The_Wyrmclan_Duo+Primal_Crisis][Dragonyule_Jeanne][HDT2][Renee|Xander|Summer_Estelle],<buff all team & hit10 & hp70 & hit15>,doesn't count spbuff for teammates,attack:2332,force_strike:661,skill_1:4708,skill_3:754,team_buff:388
5824,_c_Laranoa,5*,water,bow,5291,[The_Wyrmclan_Duo+Primal_Crisis][Dragonyule_Jeanne][HDT2][Renee|Xander|Summer_Estelle],!<buff all team & hit10 & hp70 & hit15>,doesn't count spbuff for teammates,attack:1625,force_strike:454,skill_1:3222,skill_3:520
29016,Lathna,5*,shadow,lance,6886,[Resounding_Rendition+An_Ancient_Oath][Chthonius][Agito][Ieyasu|Gala_Alex|Cleo],<hp70>,no poison; 61% poison uptime,attack:1443,skill_1:2725,skill_2:1465,dx:19344,ds_poison:488,ds:3547
27497,_c_Lathna,5*,shadow,lance,6886,[Resounding_Rendition+An_Ancient_Oath][Chthonius][Agito][Ieyasu|Gala_Alex|Cleo],!<hp70>,no poison; 61% poison uptime,attack:1368,skill_1:2582,skill_2:1388,dx:18332,ds_poison:462,ds:3362
11429,Laxi,4*,flame,blade,6893,[Breakfast_at_Valerios+Resounding_Rendition][Dreadking_Rathalos][Agito][Dagger|Marth|Serena],<hit10 & hp70 & hit15>,a1 proc at 0s; 28% burn uptime,attack:1636,force_strike:1034,skill_1:759,s1_boost:549,dx:5914,ds_burn:428,ds:1105
7941,_c_Laxi,4*,flame,blade,6893,[Breakfast_at_Valerios+Resounding_Rendition][Dreadking_Rathalos][Agito][Dagger|Marth|Serena],!<hit10 & hp70 & hit15>,a1 proc at 0s; 28% burn uptime,attack:1175,force_strike:744,skill_1:518,s1_boost:378,dx:4069,ds_burn:295,ds:760
13668,Lea,5*,flame,sword,6675,[The_Shining_Overlord+Elegant_Escort][Dreadking_Rathalos][Agito][Blade|Wand|Marth],<0 burn res & hit10>,94% burn uptime,attack:1330,force_strike:2072,skill_1:3289,s1_burn:1188,dx:4288,ds_burn:330,ds:1167
8663,_c_Lea,5*,flame,sword,6675,[The_Shining_Overlord+Elegant_Escort][Dreadking_Rathalos][Agito][Blade|Wand|Marth],!<0 burn res & hit10>,,attack:965,force_strike:1504,skill_1:2363,s1_burn:0,dx:3009,ds:819
10947,Lily,5*,water,wand,8111,[Candy_Couriers+Seaside_Princess][Leviathan][HDT2][Blade|Dagger|Xainfried],<hp100>,,attack:1486,skill_1:1807,skill_2:1232,skill_3:585,dx:4062,ds:1771
8999,_c_Lily,5*,water,wand,6831,[Candy_Couriers+Seaside_Princess][Leviathan][HDT2][Blade|Dagger|Xainfried],!<hp100>,,attack:1222,skill_1:1486,skill_2:1012,skill_3:481,dx:3339,ds:1456
13423,Linus,3*,light,axe,6766,[Resounding_Rendition+Breakfast_at_Valerios][Daikokuten][HDT2][Blade|Dagger|Halloween_Elisanne],<hp60 & hit10 & hit15 & hp70>,,attack:2107,force_strike:159,skill_1:1835,skill_2:594,skill_3:721,team_buff:664,dx:6089,ds:1251
8721,_c_Linus,3*,light,axe,6569,[Resounding_Rendition+Breakfast_at_Valerios][Daikokuten][HDT2][Blade|Dagger|Halloween_Elisanne],!<hp60 & hit10 & hit15 & hp70>,,attack:1452,force_strike:114,skill_1:1209,skill_2:362,skill_3:439,team_buff:664,dx:3713,ds:762
21951,Lin_You,5*,wind,axe,5204,[The_Wyrmclan_Duo+Primal_Crisis][Vayu][HDT2][Blade|Dragonyule_Xainfried|Axe2],<hp70 & hit25 & hit50 & hit10 & hit15>,2in1 ,attack:3809,force_strike:220,skill_1:9415,s1_powerup:1795,skill_3:1680,dx:1529,ds:3500
10602,_c_Lin_You,5*,wind,axe,5204,[The_Wyrmclan_Duo+Primal_Crisis][Vayu][HDT2][Blade|Dragonyule_Xainfried|Axe2],!<hp70 & hit25 & hit50 & hit10 & hit15>,2in1 ,attack:2013,force_strike:114,skill_1:4580,s1_powerup:817,skill_3:765,dx:708,ds:1601
12028,Louise,5*,wind,bow,5368,[Resounding_Rendition+The_Fires_of_Hate][Vayu][HDT2][Blade|Dragonyule_Xainfried|Lin_You],<0 poison res & hit10 & hp70 & hp100>,no fs; 83% poison uptime,attack:1693,skill_1:3021,s1_poison:929,skill_2:2115,skill_3:806,dx:1061,ds:2399
6810,_c_Louise,5*,wind,bow,4771,[Resounding_Rendition+The_Fires_of_Hate][Vayu][HDT2][Blade|Dragonyule_Xainfried|Lin_You],!<0 poison res & hit10 & hp70 & hp100>,no fs,attack:1126,skill_1:2084,s1_poison:0,skill_2:897,skill_3:504,dx:673,ds:1522
12392,Luca,4*,light,bow,6480,[Forest_Bonds+Dear_Diary][Daikokuten][HDT2][Blade|Wand|Halloween_Elisanne],<0 paralysis res & hp100 & hit10 & hit15 & hp30 every 180s>,58% paralysis uptime,attack:1304,force_strike:417,skill_1:1568,s1_paralysis:538,skill_2:526,skill_3:579,team_buff:661,dx:5464,ds:1329
7991,_c_Luca,4*,light,bow,5979,[Forest_Bonds+Dear_Diary][Daikokuten][HDT2][Blade|Wand|Halloween_Elisanne],!<0 paralysis res & hp100 & hit10 & hit15 & hp30 every 180s>,,attack:873,force_strike:272,skill_1:1024,s1_paralysis:0,skill_2:344,skill_3:378,team_buff:661,dx:3568,ds:867
13248,Lucretia,5*,light,wand,7094,[Candy_Couriers+Primal_Crisis][Daikokuten][HDT2][Blade|Dagger|Halloween_Elisanne],<hit10 & hit15>,,attack:3017,skill_1:3078,skill_3:845,team_buff:648,team_energy:324,dx:4020,ds:1312
9036,_c_Lucretia,5*,light,wand,7094,[Candy_Couriers+Primal_Crisis][Daikokuten][HDT2][Blade|Dagger|Halloween_Elisanne],!<hit10 & hit15>,,attack:2030,skill_1:1989,skill_3:544,team_buff:648,team_energy:324,dx:2629,ds:868
9301,Luther,4*,water,dagger,4861,[Twinfold_Bonds+The_Prince_of_Dragonyule][Siren][HDT2][Blade|Xander|Wand],<hit15 & hit10>,,attack:1282,force_strike:129,skill_1:2894,skill_2:509,skill_3:826,team_buff:52,dx:2368,ds:1237
6711,_c_Luther,4*,water,dagger,4861,[Twinfold_Bonds+The_Prince_of_Dragonyule][Siren][HDT2][Blade|Xander|Wand],!<hit15 & hit10>,,attack:905,force_strike:94,skill_1:1931,skill_2:339,skill_3:551,team_buff:52,dx:2009,ds:826
13065,Malka,3*,light,lance,6499,[Resounding_Rendition+Breakfast_at_Valerios][Daikokuten][HDT2][Blade|Dagger|Halloween_Elisanne],<hit10 & hit15 & hp70>,,attack:2048,force_strike:264,skill_1:1894,skill_3:548,team_buff:1162,dx:5901,ds:1244
8698,_c_Malka,3*,light,lance,6499,[Resounding_Rendition+Breakfast_at_Valerios][Daikokuten][HDT2][Blade|Dagger|Halloween_Elisanne],!<hit10 & hit15 & hp70>,,attack:1344,force_strike:175,skill_1:1188,skill_3:346,team_buff:1162,dx:3697,ds:782
11601,Malora,3*,light,bow,6158,[Resounding_Rendition+Breakfast_at_Valerios][Daikokuten][HDT2][Blade|Wand|Halloween_Elisanne],<hit10 & hit15 & hp70>,,attack:1358,force_strike:418,skill_1:1962,skill_2:416,skill_3:555,team_buff:804,dx:4861,ds:1223
7545,_c_Malora,3*,light,bow,6158,[Resounding_Rendition+Breakfast_at_Valerios][Daikokuten][HDT2][Blade|Wand|Halloween_Elisanne],!<hit10 & hit15 & hp70>,,attack:875,force_strike:260,skill_1:1219,skill_2:258,skill_3:345,team_buff:804,dx:3021,ds:760
13756,Maribelle,5*,wind,wand,6619,[Candy_Couriers+Primal_Crisis][AC011_Garland][HDT2][Blade|Akasha|Lin_You],<maintain shield & hp100 & hit10 & hit15>,,attack:2612,skill_1:4341,skill_2:1846,skill_3:1692,team_buff:350,dx:1336,ds:1576
7342,_c_Maribelle,5*,wind,wand,6619,[Candy_Couriers+Primal_Crisis][AC011_Garland][HDT2][Blade|Akasha|Lin_You],!<maintain shield & hp100 & hit10 & hit15>,,attack:1562,skill_1:2185,skill_2:890,skill_3:886,team_buff:350,dx:765,ds:702
24483,Marth,5*,flame,sword,6975,[The_Shining_Overlord+Elegant_Escort][Dreadking_Rathalos][Agito][Blade|Serena|Gala_Sarisse],<hit10 & always connect hits>,last boost once at start (team DPS not considered); 92% burn uptime,attack:2082,force_strike:2001,skill_1:5033,s1_burn:1319,skill_2:3491,team_buff:1751,dx:7086,ds_burn:464,ds:1250
19175,_c_Marth,5*,flame,sword,6975,[The_Shining_Overlord+Elegant_Escort][Dreadking_Rathalos][Agito][Blade|Serena|Gala_Sarisse],!<hit10 & always connect hits>,last boost once at start (team DPS not considered); 92% burn uptime,attack:1644,force_strike:1581,skill_1:3622,s1_burn:952,skill_2:2793,team_buff:1751,dx:5499,ds_burn:359,ds:969
11120,Marty,3*,flame,sword,6720,[Resounding_Rendition+The_Lurker_in_the_Woods][Dreadking_Rathalos][Agito][Blade|Serena|Marth],<hit10 & hp70>,,attack:2715,force_strike:4231,skill_1:4172
8869,_c_Marty,3*,flame,sword,6720,[Resounding_Rendition+The_Lurker_in_the_Woods][Dreadking_Rathalos][Agito][Blade|Serena|Marth],!<hit10 & hp70>,,attack:2173,force_strike:3386,skill_1:3308
13865,Melody,3*,wind,blade,6253,[A_Dogs_Day+From_Whence_He_Comes][Ariel][HDT2][Bow|Tobias|Lin_You],<hp100 & hit10>,,attack:3922,force_strike:420,team_buff:9521
13329,_c_Melody,3*,wind,blade,6253,[A_Dogs_Day+From_Whence_He_Comes][Ariel][HDT2][Bow|Tobias|Lin_You],!<hp100 & hit10>,,attack:3440,force_strike:366,team_buff:9521
11666,Melsa,4*,flame,dagger,6744,[Twinfold_Bonds+The_Lurker_in_the_Woods][Dreadking_Rathalos][Agito][Blade|Wand|Marth],<hit15 & hit10>,24% burn uptime,attack:1104,force_strike:2185,skill_1:2135,skill_2:996,dx:3896,ds_burn:303,ds:1043
9163,_c_Melsa,4*,flame,dagger,6744,[Twinfold_Bonds+The_Lurker_in_the_Woods][Dreadking_Rathalos][Agito][Blade|Wand|Marth],!<hit15 & hit10>,24% burn uptime,attack:884,force_strike:1734,skill_1:1663,skill_2:779,dx:3048,ds_burn:237,ds:816
19002,Mikoto,5*,flame,blade,6506,[Resounding_Rendition+Breakfast_at_Valerios][Arctos][Agito][Yuya|Halloween_Mym|Marth],<hp70 & hit10 & hit15>,,attack:3429,skill_1:1908,dx:10964,ds:2699
11780,_c_Mikoto,5*,flame,blade,6506,[Resounding_Rendition+Breakfast_at_Valerios][Arctos][Agito][Yuya|Halloween_Mym|Marth],!<hp70 & hit10 & hit15>,,attack:2194,skill_1:1167,dx:6753,ds:1664
14476,Musashi,4*,wind,blade,8027,[Resounding_Rendition+The_Fires_of_Hate][Vayu][HDT2][Eleonora|Dragonyule_Xainfried|Lin_You],<0 poison res & last offense & hit10 & hp70 & hp100>,89% poison uptime,attack:2635,skill_1:6150,s1_poison:1500,skill_3:753,dx:1053,ds:2381
8181,_c_Musashi,4*,wind,blade,5096,[Resounding_Rendition+The_Fires_of_Hate][Vayu][HDT2][Eleonora|Dragonyule_Xainfried|Lin_You],!<0 poison res & last offense & hit10 & hp70 & hp100>,,attack:1576,skill_1:3782,s1_poison:0,skill_3:531,dx:702,ds:1588
15110,Naveed,5*,flame,sword,5711,[Primal_Crisis+The_Shining_Overlord][Konohana_Sakuya][Agito][Blade|Wand|Gala_Sarisse],<hit15 & hp60 & always connect hits>,,attack:2698,force_strike:735,skill_1:6425,s1_boost:5250
11085,_c_Naveed,5*,flame,sword,5388,[Primal_Crisis+The_Shining_Overlord][Konohana_Sakuya][Agito][Blade|Wand|Gala_Sarisse],!<hit15 & hp60 & always connect hits>,,attack:1993,force_strike:531,skill_1:4785,s1_boost:3774
33897,Nefaria,5*,shadow,bow,5205,[Resounding_Rendition+The_Fires_of_Hate][Shinobi][Agito][Wand|Gala_Alex|Heinwald],<0 poison res & 80 blind res & hp100 & hp70>,s2 fs(precharge) s1 s1; 89% poison uptime; 26% blind uptime,attack:3240,force_strike:1885,skill_1:19340,s1_poison:4665,team_energy:831,dx:1115,ds:2818
8571,_c_Nefaria,5*,shadow,bow,4627,[Resounding_Rendition+The_Fires_of_Hate][Shinobi][Agito][Wand|Gala_Alex|Heinwald],!<0 poison res & 80 blind res & hp70 & hp100>,s2 fs(precharge) s1 s1,attack:1465,force_strike:616,skill_1:3955,s1_poison:0,team_energy:831,dx:482,ds:1219
13140,Nicolas,3*,wind,wand,5239,[Candy_Couriers+Primal_Crisis][Vayu][HDT2][Blade|Ku_Hai|Lin_You],<hit10 & hit15>,,attack:2243,skill_1:4592,skill_2:1424,skill_3:1719,dx:939,ds:2219
8614,_c_Nicolas,3*,wind,wand,5239,[Candy_Couriers+Primal_Crisis][Vayu][HDT2][Blade|Ku_Hai|Lin_You],!<hit10 & hit15>,,attack:1511,skill_1:2993,skill_2:928,skill_3:1121,dx:612,ds:1446
19107,Noelle,4*,wind,wand,6268,[A_Dogs_Day+Primal_Crisis][Ariel][HDT2][Blade|Tobias|Bow],<buff all team & hit15>,use Freyja & Castle Cheer Corps in 4DPS team,attack:4269,skill_2:2357,skill_3:1791,team_buff:10688
6984,_c_Noelle,4*,wind,wand,6268,[A_Dogs_Day+Primal_Crisis][Ariel][HDT2][Blade|Tobias|Bow],!<buff all team & hit15>,use Freyja & Castle Cheer Corps in 4DPS team,attack:3559,skill_2:1945,skill_3:1478
11989,Norwin,4*,shadow,bow,4906,[Resounding_Rendition+Breakfast_at_Valerios][Shinobi][Agito][Ieyasu|Wand|Cleo],<80 blind res & hp70 & hit15>,,attack:1266,skill_1:3396,team_buff:224,team_energy:832,dx:4313,ds:1955
9089,_c_Norwin,4*,shadow,bow,4906,[Resounding_Rendition+Breakfast_at_Valerios][Shinobi][Agito][Ieyasu|Wand|Cleo],!<80 blind res & hp70 & hit15>,,attack:970,skill_1:2542,team_energy:832,dx:3286,ds:1456
17882,Odetta,4*,light,sword,7119,[The_Shining_Overlord+Primal_Crisis][Daikokuten][HDT2][Blade|Dagger|Halloween_Elisanne],<buff all team & hp70 & hp60 & hit10 & hit15>,c2+fs,attack:1684,force_strike:1249,skill_1:2152,skill_3:1191,team_buff:2535,dx:7412,ds:1655
10395,_c_Odetta,4*,light,sword,6369,[The_Shining_Overlord+Primal_Crisis][Daikokuten][HDT2][Blade|Dagger|Halloween_Elisanne],!<buff all team & hp70 & hp60 & hit10 & hit15>,c2+fs,attack:1057,force_strike:784,skill_1:1346,skill_3:716,team_buff:1020,dx:4464,ds:1003
13440,Orion,4*,shadow,dagger,4930,[Twinfold_Bonds+Howling_to_the_Heavens][Shinobi][Agito][Ieyasu|Wand|Axe2],<hit15>,,attack:1574,force_strike:182,skill_1:3071,skill_2:1143,team_energy:829,dx:4521,ds:2116
10083,_c_Orion,4*,shadow,dagger,4930,[Twinfold_Bonds+Howling_to_the_Heavens][Shinobi][Agito][Ieyasu|Wand|Axe2],!<hit15>,,attack:1179,force_strike:131,skill_1:2322,skill_2:826,team_energy:829,dx:3265,ds:1528
11852,Orsem,4*,water,dagger,6552,[Twinfold_Bonds+The_Prince_of_Dragonyule][Leviathan][HDT2][Blade|Xander|Wand],<hit15 & hp70 & hit10>,,attack:1442,force_strike:496,skill_1:2193,skill_2:468,skill_3:678,dx:4688,ds:1885
7878,_c_Orsem,4*,water,dagger,6552,[Twinfold_Bonds+The_Prince_of_Dragonyule][Leviathan][HDT2][Blade|Xander|Wand],!<hit15 & hp70 & hit10>,,attack:1002,force_strike:340,skill_1:1445,skill_2:308,skill_3:446,dx:3090,ds:1242
9947,Philia,3*,wind,bow,5152,[Forest_Bonds+Primal_Crisis][Vayu][HDT2][Blade|Dragonyule_Xainfried|Lin_You],<0 paralysis res & hp100 & hit10 & hit15>,38% paralysis uptime,attack:1715,skill_1:2888,skill_2:1110,s2_paralysis:262,skill_3:758,dx:955,ds:2256
6485,_c_Philia,3*,wind,bow,4755,[Forest_Bonds+Primal_Crisis][Vayu][HDT2][Blade|Dragonyule_Xainfried|Lin_You],!<0 paralysis res & hp100 & hit10 & hit15>,,attack:1163,skill_1:1923,skill_2:738,s2_paralysis:0,skill_3:502,dx:641,ds:1515
9208,Pia,4*,wind,lance,6457,[Resounding_Rendition+Beautiful_Nothingness][AC011_Garland][HDT2][Blade|Dragonyule_Xainfried|Lin_You],<maintain shield & hit10 & hp70>,,attack:1515,force_strike:224,skill_1:1915,skill_3:547,team_energy:166,dx:3809,ds:1029
6430,_c_Pia,4*,wind,lance,6053,[Resounding_Rendition+Beautiful_Nothingness][AC011_Garland][HDT2][Blade|Dragonyule_Xainfried|Lin_You],!<maintain shield & hit10 & hp70>,,attack:1103,force_strike:161,skill_1:1381,skill_3:362,team_energy:166,dx:2561,ds:692
8182,Pietro,3*,water,axe,4903,[Kung_Fu_Masters+Breakfast_at_Valerios][Siren][HDT2][Blade|Xander|Dagger],<hit10 & hp70 & hit15>,,attack:1427,force_strike:175,skill_1:2346,dx:3259,ds:973
6859,_c_Pietro,3*,water,axe,4903,[Kung_Fu_Masters+Breakfast_at_Valerios][Siren][HDT2][Blade|Xander|Dagger],!<hit10 & hp70 & hit15>,,attack:1183,force_strike:143,skill_1:1845,dx:2952,ds:733
14784,Raemond,3*,light,sword,6344,[The_Shining_Overlord+Primal_Crisis][Daikokuten][HDT2][Blade|Dagger|Halloween_Elisanne],<hit10 & hit15>,,attack:2033,force_strike:937,skill_1:1936,skill_2:836,skill_3:1013,team_buff:664,dx:5947,ds:1415
9421,_c_Raemond,3*,light,sword,6344,[The_Shining_Overlord+Primal_Crisis][Daikokuten][HDT2][Blade|Dagger|Halloween_Elisanne],!<hit10 & hit15>,,attack:1306,force_strike:600,skill_1:1233,skill_2:505,skill_3:612,team_buff:664,dx:3631,ds:865
16365,Ramona,5*,flame,axe,5670,[Breakfast_at_Valerios+Resounding_Rendition][Konohana_Sakuya][Agito][Blade|Wand|Marth],<hp60 & hit10 & hp70 & hit15>,,attack:1874,skill_1:11035,dx:1323,ds:2132
11817,_c_Ramona,5*,flame,axe,5349,[Breakfast_at_Valerios+Resounding_Rendition][Konohana_Sakuya][Agito][Blade|Wand|Marth],!<hp60 & hit10 & hp70 & hit15>,,attack:1454,skill_1:8003,dx:903,ds:1456
9696,Ranzal,4*,wind,axe,5519,[Kung_Fu_Masters+United_by_One_Vision][Vayu][HDT2][Blade|Dragonyule_Xainfried|Lin_You],<hp60 & hit10 & hp70>,do not use fs,attack:2211,skill_1:3658,skill_3:945,dx:912,ds:1967
7657,_c_Ranzal,4*,wind,axe,4835,[Kung_Fu_Masters+United_by_One_Vision][Vayu][HDT2][Blade|Dragonyule_Xainfried|Lin_You],!<hp60 & hit10 & hp70>,do not use fs,attack:1770,skill_1:2864,skill_3:744,dx:721,ds:1556
10067,Rawn,4*,light,bow,6006,[Forest_Bonds+Dear_Diary][Daikokuten][HDT2][Blade|Wand|Halloween_Elisanne],<hit10 & hit15 & hp30 every 180s>,,attack:1480,force_strike:567,skill_1:1957,skill_2:931,skill_3:542,team_buff:661,dx:3304,ds:622
7269,_c_Rawn,4*,light,bow,6006,[Forest_Bonds+Dear_Diary][Daikokuten][HDT2][Blade|Wand|Halloween_Elisanne],!<hit10 & hit15 & hp30 every 180s>,,attack:1059,force_strike:397,skill_1:1370,skill_2:652,skill_3:379,team_buff:661,dx:2313,ds:435
16756,Rena,5*,flame,blade,5256,[Resounding_Rendition+Elegant_Escort][Konohana_Sakuya][Agito][Wand|Serena|Marth],<0 burn res & hit10 & hp70>,85% burn uptime,attack:3283,force_strike:394,skill_1:10417,s1_burn:2660
7248,_c_Rena,5*,flame,blade,5256,[Resounding_Rendition+Elegant_Escort][Konohana_Sakuya][Agito][Wand|Serena|Marth],!<0 burn res & hit10 & hp70>,,attack:2036,force_strike:240,skill_1:4971,s1_burn:0
9093,Renee,4*,water,dagger,4861,[Twinfold_Bonds+The_Prince_of_Dragonyule][Siren][HDT2][Blade|Xander|Summer_Estelle],<100 bog res & hit10 & hit15>,,attack:1369,force_strike:124,skill_1:3014,skill_2:553,skill_3:761,dx:2110,ds:1159
6924,_c_Renee,4*,water,dagger,4861,[Twinfold_Bonds+The_Prince_of_Dragonyule][Siren][HDT2][Blade|Xander|Summer_Estelle],!<100 bog res & hit10 & hit15>,,attack:1032,force_strike:94,skill_1:2201,skill_2:396,skill_3:546,dx:1821,ds:831
16808,Renelle,3*,flame,dagger,6762,[Twinfold_Bonds+Elegant_Escort][Dreadking_Rathalos][Agito][Blade|Wand|Marth],<0 burn res & hit15 & hit10>,83% burn uptime,attack:1669,force_strike:2062,skill_1:2484,s1_burn:749,skill_2:1313,s2_burn:338,team_buff:104,dx:6135,ds_burn:523,ds:1426
9284,_c_Renelle,3*,flame,dagger,6762,[Twinfold_Bonds+Elegant_Escort][Dreadking_Rathalos][Agito][Blade|Wand|Marth],!<0 burn res & hit15 & hit10>,,attack:1070,force_strike:1332,skill_1:1605,s1_burn:0,skill_2:778,s2_burn:0,team_buff:104,dx:3565,ds:827
11237,Rex,3*,water,axe,6877,[Resounding_Rendition+Breakfast_at_Valerios][Leviathan][HDT2][Blade|Xander|Dagger],<hp60 & hit10 & hp70 & hit15>,,attack:1945,force_strike:148,skill_1:1680,skill_2:523,skill_3:634,dx:4868,ds:1436
8023,_c_Rex,3*,water,axe,6677,[Resounding_Rendition+Breakfast_at_Valerios][Leviathan][HDT2][Blade|Xander|Dagger],!<hp60 & hit10 & hp70 & hit15>,,attack:1466,force_strike:115,skill_1:1220,skill_2:366,skill_3:443,dx:3405,ds:1004
15395,Rodrigo,3*,shadow,sword,5894,[The_Shining_Overlord+Beautiful_Nothingness][Shinobi][Agito][Ieyasu|Wand|Cleo],<hp70 & hp60>,,attack:2641,force_strike:1054,skill_1:5570,skill_2:2461,team_energy:831,dx:778,ds:2057
13180,_c_Rodrigo,3*,shadow,sword,4976,[The_Shining_Overlord+Beautiful_Nothingness][Shinobi][Agito][Ieyasu|Wand|Cleo],!<hp70 & hp60>,,attack:2238,force_strike:893,skill_1:4721,skill_2:2087,team_energy:831,dx:660,ds:1746
12218,Ryozen,4*,light,lance,6779,[Resounding_Rendition+Breakfast_at_Valerios][Daikokuten][HDT2][Blade|Dagger|Halloween_Elisanne],<hp60 & hit10 & hit15 & hp70>,,attack:1996,force_strike:431,skill_2:978,skill_3:1073,team_buff:663,dx:5802,ds:1270
7654,_c_Ryozen,4*,light,lance,6456,[Resounding_Rendition+Breakfast_at_Valerios][Daikokuten][HDT2][Blade|Dagger|Halloween_Elisanne],!<hp60 & hit10 & hit15 & hp70>,,attack:1257,force_strike:268,skill_2:586,skill_3:642,team_buff:663,dx:3474,ds:760
11453,Summer_Celliera,5*,water,sword,5436,[Valiant_Crown+Jewels_of_the_Sun][Siren][HDT2][Blade|Renee|Summer_Estelle],<100 bog res & hp70>,,attack:1680,force_strike:1225,skill_1:4988,skill_2:1418,skill_3:1645,team_buff:493
10610,_c_Summer_Celliera,5*,water,sword,5018,[Valiant_Crown+Jewels_of_the_Sun][Siren][HDT2][Blade|Renee|Summer_Estelle],!<100 bog res & hp70>,,attack:1551,force_strike:1131,skill_1:4604,skill_2:1309,skill_3:1518,team_buff:493
11216,Summer_Estelle,4*,water,wand,5017,[Candy_Couriers+Primal_Crisis][Siren][HDT2][Blade|Renee|Xander],<buff all team & hit10 & hit15>,,attack:2931,skill_1:4762,skill_3:1875,team_buff:1646
7279,_c_Summer_Estelle,4*,water,wand,5017,[Candy_Couriers+Primal_Crisis][Siren][HDT2][Blade|Renee|Xander],!<buff all team & hit10 & hit15>,,attack:2149,skill_1:3420,skill_3:1356,team_buff:352
10291,Summer_Julietta,5*,water,axe,5814,[Kung_Fu_Masters+Jewels_of_the_Sun][Siren][HDT2][Blade|Bow|Summer_Estelle],<buff all team & 100 bog res & hp60 & hp70>,,attack:2655,skill_1:4282,skill_3:1743,team_buff:1609
7614,_c_Summer_Julietta,5*,water,axe,5063,[Kung_Fu_Masters+Jewels_of_the_Sun][Siren][HDT2][Blade|Bow|Summer_Estelle],!<buff all team & 100 bog res & hp60 & hp70>,,attack:2325,skill_1:3758,skill_3:1529
13449,Student_Maribelle,5*,flame,wand,5699,[Candy_Couriers+Primal_Crisis][Konohana_Sakuya][Agito][Blade|Marth|Serena],<hp100 & hit10 & hit15>,,attack:2554,skill_1:5156,skill_2:1604,team_buff:348,dx:1270,ds:2513
8817,_c_Student_Maribelle,5*,flame,wand,5699,[Candy_Couriers+Primal_Crisis][Konohana_Sakuya][Agito][Blade|Marth|Serena],!<hp100 & hit10 & hit15>,,attack:1861,skill_1:2949,skill_2:1366,team_buff:348,dx:853,ds:1437
11242,Summer_Ranzal,4*,water,blade,9254,[Resounding_Rendition+Breakfast_at_Valerios][Leviathan][HDT2][Xander|Dagger|Summer_Estelle],<buff all team & 100 bog res & last offense & hit10 & hp70 & hit15>,,attack:2085,skill_1:1800,skill_3:659,team_buff:543,dx:4493,ds:1659
7410,_c_Summer_Ranzal,4*,water,blade,6610,[Resounding_Rendition+Breakfast_at_Valerios][Leviathan][HDT2][Xander|Dagger|Summer_Estelle],!<buff all team & 100 bog res & last offense & hit10 & hp70 & hit15>,,attack:1341,skill_1:1154,skill_3:473,dx:3244,ds:1196
14895,Serena,4*,flame,sword,6472,[Primal_Crisis+Mega_Friends][Dreadking_Rathalos][Agito][Blade|Halloween_Mym|Marth],<always connect hits & hit10 & hit15>,35% burn uptime,attack:1540,force_strike:2282,skill_1:1895,skill_2:921,dx:6793,ds_burn:474,ds:985
9338,_c_Serena,4*,flame,sword,6472,[Primal_Crisis+Mega_Friends][Dreadking_Rathalos][Agito][Blade|Halloween_Mym|Marth],!<always connect hits & hit10 & hit15>,35% burn uptime,attack:1020,force_strike:1510,skill_1:1255,skill_2:576,dx:4089,ds_burn:289,ds:596
14896,Su_Fang,4*,wind,dagger,5104,[Twinfold_Bonds+The_Fires_of_Hate][Vayu][HDT2][Blade|Dragonyule_Xainfried|Lin_You],<hit10 & hit15 & hp100>,48% poison uptime,attack:2096,force_strike:408,fs_poison:198,skill_1:4598,skill_3:2528,dx:1360,ds:3704
11621,_c_Su_Fang,4*,wind,dagger,4899,[Twinfold_Bonds+The_Fires_of_Hate][Vayu][HDT2][Blade|Dragonyule_Xainfried|Lin_You],!<hit10 & hit15 & hp100>,48% poison uptime,attack:1644,force_strike:318,fs_poison:154,skill_1:3559,skill_3:1960,dx:1069,ds:2912
13699,Sylas,5*,wind,lance,5541,[Resounding_Rendition+The_Fires_of_Hate][Vayu][HDT2][Eleonora|Dragonyule_Xainfried|Lin_You],<0 poison res & hp70 & hit10 & hp100>,not consider skill haste for team; 90% poison uptime,attack:2182,force_strike:156,skill_1:4141,s1_poison:1404,skill_3:1843,team_buff:348,dx:1118,ds:2503
6844,_c_Sylas,5*,wind,lance,4492,[Resounding_Rendition+The_Fires_of_Hate][Vayu][HDT2][Eleonora|Dragonyule_Xainfried|Lin_You],!<0 poison res & hp70 & hit10 & hp100>,not consider skill haste for team,attack:1202,force_strike:90,skill_1:2275,s1_poison:0,skill_3:951,team_buff:348,dx:605,ds:1368
12365,Taro,3*,shadow,blade,5619,[Resounding_Rendition+Beautiful_Nothingness][Shinobi][Agito][Wand|Dagger|Cleo],<hp70>,,attack:1568,skill_1:2485,skill_2:1273,team_energy:829,dx:4280,ds:1927
10970,_c_Taro,3*,shadow,blade,5187,[Resounding_Rendition+Beautiful_Nothingness][Shinobi][Agito][Wand|Dagger|Cleo],!<hp70>,,attack:1378,skill_1:2185,skill_2:1119,team_energy:829,dx:3763,ds:1694
12559,Valentines_Ezelith,4*,flame,bow,6627,[Dear_Diary+Elegant_Escort][Dreadking_Rathalos][Agito][Blade|Serena|Marth],<0 burn res & hit10 & hp30 every 180s & always connect hits>,68% burn uptime,attack:938,force_strike:2554,skill_1:833,s1_burn:287,skill_2:439,team_buff:333,dx:5795,ds_burn:352,ds:1024
7676,_c_Valentines_Ezelith,4*,flame,bow,6627,[Dear_Diary+Elegant_Escort][Dreadking_Rathalos][Agito][Blade|Serena|Marth],!<0 burn res & hit10 & hp30 every 180s & always connect hits>,,attack:624,force_strike:1642,skill_1:565,s1_burn:0,skill_2:263,team_buff:333,dx:3732,ds:515
14492,Valentines_Orion,3*,flame,sword,6555,[Mega_Friends+Elegant_Escort][Dreadking_Rathalos][Agito][Blade|Serena|Marth],<0 burn res & hit10>,88% burn uptime,attack:1883,force_strike:2718,skill_1:2298,s1_burn:786,dx:5427,ds_burn:359,ds:1019
8447,_c_Valentines_Orion,3*,flame,sword,6555,[Mega_Friends+Elegant_Escort][Dreadking_Rathalos][Agito][Blade|Serena|Marth],!<0 burn res & hit10>,,attack:1215,force_strike:1766,skill_1:1528,s1_burn:0,dx:3331,ds:603
11944,Vanessa,4*,flame,axe,9259,[Kung_Fu_Masters+Mega_Friends][Dreadking_Rathalos][Agito][Blade|Serena|Marth],<last offense & hp60 & hit10>,,attack:3840,force_strike:2427,skill_1:4036,skill_2:1290,team_buff:349
9429,_c_Vanessa,4*,flame,axe,6859,[Kung_Fu_Masters+Mega_Friends][Dreadking_Rathalos][Agito][Blade|Serena|Marth],!<last offense & hp60 & hit10>,,attack:2994,force_strike:1908,skill_1:3132,skill_2:1044,team_buff:349
29909,Veronica,5*,shadow,wand,7167,[Candy_Couriers+Primal_Crisis][Shinobi][Agito][Ieyasu|Curran|Berserker],<hp<40 & hit15 & hp=86%>,last destruction team DPS not considered,attack:4253,skill_1:17185,skill_2:4237,team_energy:832,dx:933,ds:2467
19142,_c_Veronica,5*,shadow,wand,5556,[Candy_Couriers+Primal_Crisis][Shinobi][Agito][Ieyasu|Curran|Berserker],!<hp<40 & hit15 & hp=86%>,last destruction team DPS not considered,attack:2671,skill_1:10890,skill_2:2633,team_energy:832,dx:580,ds:1533
31618,Vice,3*,shadow,dagger,5088,[Twinfold_Bonds+The_Fires_of_Hate][Shinobi][Agito][Wand|Gala_Alex|Heinwald],<0 poison res & hit15 & hp100>,64% poison uptime,attack:3087,force_strike:242,fs_poison:191,skill_1:17606,skill_2:6218,team_energy:819,dx:947,ds:2503
15551,_c_Vice,3*,shadow,dagger,4885,[Twinfold_Bonds+The_Fires_of_Hate][Shinobi][Agito][Wand|Gala_Alex|Heinwald],!<0 poison res & hit15 & hp100>,,attack:2050,force_strike:164,fs_poison:0,skill_1:7670,skill_2:2888,team_energy:819,dx:537,ds:1419
12411,Vida,3*,shadow,dagger,4910,[Twinfold_Bonds+Howling_to_the_Heavens][Shinobi][Agito][Ieyasu|Wand|Cleo],<hit15>,,attack:1677,force_strike:304,skill_1:3195,team_energy:829,dx:4353,ds:2049
10246,_c_Vida,3*,shadow,dagger,4910,[Twinfold_Bonds+Howling_to_the_Heavens][Shinobi][Agito][Ieyasu|Wand|Cleo],!<hit15>,,attack:1386,force_strike:254,skill_1:2588,team_energy:829,dx:3526,ds:1660
13244,Wedding_Aoi,5*,wind,dagger,4684,[Twinfold_Bonds+Primal_Crisis][Vayu][HDT2][Blade|Dragonyule_Xainfried|Lin_You],<big hitbox & 80 sleep res & hit10 & hit15>,,attack:1668,force_strike:171,skill_1:4290,s1_hit1:724,s1_hit2:738,s1_hit3:738,s1_hit4:738,skill_3:643,team_buff:379,dx:937,ds:2211
7465,_c_Wedding_Aoi,5*,wind,dagger,4684,[Twinfold_Bonds+Primal_Crisis][Vayu][HDT2][Blade|Dragonyule_Xainfried|Lin_You],!<big hitbox & 80 sleep res & hit10 & hit15>,,attack:1212,force_strike:127,skill_1:2875,s1_hit1:516,skill_3:458,dx:676,ds:1598
14940,Wedding_Elisanne,5*,wind,sword,5536,[The_Shining_Overlord+United_by_One_Vision][Vayu][HDT2][Blade|Dragonyule_Xainfried|Lin_You],<hp60 & hit10 & hp70 & s2 defdown for 10s>,2in1,attack:1524,force_strike:868,skill_1:5160,skill_2:2127,skill_3:1097,team_buff:1174,dx:888,ds:2098
10352,_c_Wedding_Elisanne,5*,wind,sword,4712,[The_Shining_Overlord+United_by_One_Vision][Vayu][HDT2][Blade|Dragonyule_Xainfried|Lin_You],!<hp60 & hit10 & hp70 & s2 defdown for 10s>,2in1,attack:1015,force_strike:648,skill_1:3407,skill_2:1630,skill_3:1346,dx:685,ds:1619
7487,Waike,3*,water,bow,4775,[Forest_Bonds+Dear_Diary][Siren][HDT2][Blade|Xander|Thaniel],<100 bog res & hit10 & hp30 every 180s>,,attack:855,force_strike:507,skill_1:1796,skill_2:448,skill_3:574,dx:2363,ds:941
5841,_c_Waike,3*,water,bow,4775,[Forest_Bonds+Dear_Diary][Siren][HDT2][Blade|Xander|Thaniel],!<100 bog res & hit10 & hp30 every 180s>,,attack:654,force_strike:381,skill_1:1350,skill_2:337,skill_3:431,dx:1977,ds:707
15489,Xainfried,5*,water,lance,4803,[Heralds_of_Hinomoto+His_Clever_Brother][Siren][HDT2][Summer_Celliera|Pipple|Bow],<0 frostbite res>,95% frostbite uptime,attack:1332,force_strike:226,skill_1:6230,s1_frostbite:1446,skill_2:835,team_buff:1303,dx:1900,ds:2213
10787,_c_Xainfried,5*,water,lance,4803,[Heralds_of_Hinomoto+His_Clever_Brother][Siren][HDT2][Summer_Celliera|Pipple|Bow],!<0 frostbite res>,,attack:1130,force_strike:193,skill_1:4035,s1_frostbite:0,skill_2:696,team_buff:1303,dx:1583,ds:1844
12383,Xander,5*,water,sword,4600,[The_Shining_Overlord+Primal_Crisis][Siren][HDT2][Xainfried|Pipple|Dagger],<hit10 & hit15>,c2+fs,attack:1234,force_strike:1367,skill_1:3633,s1_boost:438,skill_2:1970,skill_3:1340,dx:1081,ds:1317
9564,_c_Xander,5*,water,sword,4600,[The_Shining_Overlord+Primal_Crisis][Siren][HDT2][Xainfried|Pipple|Dagger],!<hit10 & hit15>,c2+fs,attack:1005,force_strike:1096,skill_1:2767,s1_boost:340,skill_2:1428,skill_3:1175,dx:789,ds:960
17886,Xania,3*,flame,wand,7059,[Candy_Couriers+Primal_Crisis][Apollo][Agito][Blade|Marth|Joe],<0 burn res & hit10 & hit15>,90% burn uptime,attack:5354,skill_1:6926,s1_burn:1674,skill_2:3097,s2_burn:833
9734,_c_Xania,3*,flame,wand,7059,[Candy_Couriers+Primal_Crisis][Apollo][Agito][Blade|Marth|Joe],!<0 burn res & hit10 & hit15>,,attack:3432,skill_1:4378,s1_burn:0,skill_2:1922,s2_burn:0
15123,Xiao_Lei,3*,light,wand,6654,[Candy_Couriers+Primal_Crisis][Daikokuten][HDT2][Blade|Dagger|Halloween_Elisanne],<hit10 & hit15>,,attack:2427,skill_1:2406,skill_3:924,team_buff:1245,dx:6319,ds:1799
10187,_c_Xiao_Lei,3*,light,wand,6654,[Candy_Couriers+Primal_Crisis][Daikokuten][HDT2][Blade|Dagger|Halloween_Elisanne],!<hit10 & hit15>,,attack:1627,skill_1:1537,skill_3:595,team_buff:1245,dx:4036,ds:1144
10804,Xuan_Zang,4*,flame,lance,6971,[Breakfast_at_Valerios+Resounding_Rendition][Dreadking_Rathalos][Agito][Blade|Wand|Marth],<hp70 & hp60 & hit10 & hit15>,,attack:3352,force_strike:1713,skill_1:4047,s1_boost:547,team_buff:1141
7666,_c_Xuan_Zang,4*,flame,lance,6639,[Breakfast_at_Valerios+Resounding_Rendition][Dreadking_Rathalos][Agito][Blade|Wand|Marth],!<hp70 & hp60 & hit10 & hit15>,,attack:2283,force_strike:1157,skill_1:2714,s1_boost:368,team_buff:1141
17541,Yachiyo,4*,light,blade,7061,[Mega_Friends+Spirit_of_the_Season][Daikokuten][HDT2][Malora|Dagger|Halloween_Elisanne],<0 paralysis res & hit10 & hit15 & hp100>,74% paralysis uptime,attack:2440,force_strike:137,fs_boost:1027,skill_1:2583,s1_paralysis:514,skill_3:903,team_buff:663,dx:7609,ds:1662
8865,_c_Yachiyo,4*,light,blade,6438,[Mega_Friends+Spirit_of_the_Season][Daikokuten][HDT2][Malora|Dagger|Halloween_Elisanne],!<0 paralysis res & hit10 & hit15 & hp100>,,attack:1375,force_strike:74,fs_boost:559,skill_1:1300,s1_paralysis:0,skill_3:400,team_buff:663,dx:3754,ds:737
18308,Yaten,5*,shadow,sword,5911,[The_Shining_Overlord+United_by_One_Vision][Shinobi][Agito][Ieyasu|Wand|Dagger],<hp60 & hp70>,,attack:2615,force_strike:1137,skill_1:7096,s1_boost:1840,team_energy:1829,dx:961,ds:2825
16164,_c_Yaten,5*,shadow,sword,5031,[The_Shining_Overlord+United_by_One_Vision][Shinobi][Agito][Ieyasu|Wand|Dagger],!<hp60 & hp70>,,attack:2261,force_strike:983,skill_1:6173,s1_boost:1617,team_energy:1829,dx:837,ds:2460
11339,Yue,4*,flame,axe,6734,[Breakfast_at_Valerios+Resounding_Rendition][Dreadking_Rathalos][Agito][Blade|Marth|Halloween_Mym],<hit10 & hp70 & hit15>,20% burn uptime,attack:2976,force_strike:1303,skill_1:2651,dx:3576,ds_burn:305,ds:525
8166,_c_Yue,4*,flame,axe,6734,[Breakfast_at_Valerios+Resounding_Rendition][Dreadking_Rathalos][Agito][Blade|Marth|Halloween_Mym],!<hit10 & hp70 & hit15>,20% burn uptime,attack:2169,force_strike:939,skill_1:1915,dx:2549,ds_burn:217,ds:374
13335,Yuya,4*,flame,dagger,7725,[Twinfold_Bonds+The_Lurker_in_the_Woods][Dreadking_Rathalos][Agito][Blade|Wand|Marth],<hit10 & hit15 & hp60>,38% burn uptime,attack:1305,force_strike:2528,skill_1:1592,dx:6225,ds_burn:549,ds:1132
8575,_c_Yuya,4*,flame,dagger,5959,[Twinfold_Bonds+The_Lurker_in_the_Woods][Dreadking_Rathalos][Agito][Blade|Wand|Marth],!<hit10 & hit15 & hp60>,38% burn uptime,attack:850,force_strike:1634,skill_1:1021,dx:3991,ds_burn:352,ds:726
11603,Zace,3*,shadow,lance,5468,[Resounding_Rendition+Beautiful_Nothingness][Shinobi][Agito][Ieyasu|Wand|Dagger],<hp70>,,attack:1242,force_strike:119,skill_1:2604,skill_2:1010,team_energy:829,dx:3977,ds:1818
10300,_c_Zace,3*,shadow,lance,5047,[Resounding_Rendition+Beautiful_Nothingness][Shinobi][Agito][Ieyasu|Wand|Dagger],!<hp70>,,attack:1092,force_strike:105,skill_1:2289,skill_2:888,team_energy:829,dx:3496,ds:1598
11645,Zardin,3*,water,sword,4974,[The_Shining_Overlord+Primal_Crisis][Siren][HDT2][Xander|Dagger|Summer_Estelle],<hp100 & hp60 & hit10 & hit15>,,attack:1662,force_strike:732,skill_1:4035,skill_2:1678,skill_3:1253,dx:1029,ds:1253
8042,_c_Zardin,3*,water,sword,4458,[The_Shining_Overlord+Primal_Crisis][Siren][HDT2][Xander|Dagger|Summer_Estelle],!<hp100 & hp60 & hit10 & hit15>,,attack:1205,force_strike:531,skill_1:2804,skill_2:1187,skill_3:815,dx:675,ds:822
15223,Chitose,4*,light,wand,5827,[A_Game_of_Cat_and_Boar+United_by_One_Vision][PopStar_Siren][HDT2][Tobias|Blade|Bow],<buff all team & hp70>,,attack:2155,skill_3:459,team_buff:10614,team_energy:998,dx:994
8282,_c_Chitose,4*,light,wand,5298,[A_Game_of_Cat_and_Boar+United_by_One_Vision][PopStar_Siren][HDT2][Tobias|Blade|Bow],!<buff all team & hp70>,,attack:1959,skill_3:417,team_buff:4002,team_energy:998,dx:903
14521,Hanabusa,4*,light,blade,6458,[Resounding_Rendition+Breakfast_at_Valerios][Daikokuten][HDT2][Wand|Dagger|Halloween_Elisanne],<hit10 & hit15 & hp70>,,attack:2303,skill_1:1881,skill_3:736,team_buff:1702,dx:6452,ds:1445
9969,_c_Hanabusa,4*,light,blade,6458,[Resounding_Rendition+Breakfast_at_Valerios][Daikokuten][HDT2][Wand|Dagger|Halloween_Elisanne],!<hit10 & hit15 & hp70>,,attack:1556,skill_1:1267,skill_3:460,team_buff:1702,dx:4071,ds:911
22621,Mitsuhide,5*,light,dagger,6485,[Twinfold_Bonds+Spirit_of_the_Season][Daikokuten][HDT2][Blade|Dragonyule_Malora|Halloween_Elisanne],<0 paralysis res & hit15 & hit10 & hp100>,73% paralysis uptime,attack:2486,force_strike:544,skill_1:3059,s1_paralysis:958,skill_2:2412,skill_3:873,team_buff:666,dx:9532,ds:2087
9228,_c_Mitsuhide,5*,light,dagger,6282,[Twinfold_Bonds+Spirit_of_the_Season][Daikokuten][HDT2][Blade|Dragonyule_Malora|Halloween_Elisanne],!<0 paralysis res & hit15 & hit10 & hp100>,,attack:1209,force_strike:279,skill_1:1162,s1_paralysis:0,skill_2:1125,skill_3:325,team_buff:666,dx:3680,ds:778
18933,Nobunaga,5*,flame,blade,5384,[Resounding_Rendition+Breakfast_at_Valerios][Konohana_Sakuya][Agito][Wand|Marth|Serena],<hit15 & hit10 & hp70>,use s2 instead of fs to dispel when possible,attack:3812,force_strike:331,skill_1:5178,s1_boost:6766,skill_2:2188,s2_boost:656
10908,_c_Nobunaga,5*,flame,blade,5384,[Resounding_Rendition+Breakfast_at_Valerios][Konohana_Sakuya][Agito][Wand|Marth|Serena],!<hit15 & hit10 & hp70>,use s2 instead of fs to dispel when possible,attack:2275,force_strike:196,skill_1:2953,s1_boost:3859,skill_2:1248,s2_boost:374
14759,Kirsty,5*,wind,lance,5389,[Resounding_Rendition+Beautiful_Nothingness][Vayu][HDT2][Blade|Dragonyule_Xainfried|Akasha],<hp60 & hit10 & hp70 & maintain Dauntless Strength>,no poison,attack:2390,skill_1:4840,skill_3:2403,team_buff:990,dx:1233,ds:2900
9140,_c_Kirsty,5*,wind,lance,4975,[Resounding_Rendition+Beautiful_Nothingness][Vayu][HDT2][Blade|Dragonyule_Xainfried|Akasha],!<hp60 & hit10 & hp70 & maintain Dauntless Strength>,no poison,attack:1502,skill_1:3060,skill_3:1337,team_buff:990,dx:689,ds:1559
18063,Joachim,4*,wind,bow,5786,[Resounding_Rendition+The_Fires_of_Hate][Vayu][HDT2][Blade|Dragonyule_Xainfried|Lin_You],<0 poison res & hp70 & hit10 & hp100>,85% poison uptime,attack:2122,skill_1:5201,s1_poison:2678,skill_3:2672,team_buff:986,dx:1360,ds:3040
7353,_c_Joachim,4*,wind,bow,4788,[Resounding_Rendition+The_Fires_of_Hate][Vayu][HDT2][Blade|Dragonyule_Xainfried|Lin_You],!<0 poison res & hp70 & hit10 & hp100>,,attack:1157,skill_1:1633,s1_poison:0,skill_3:1347,team_buff:986,dx:689,ds:1538
21262,Ieyasu,5*,shadow,blade,6052,[Resounding_Rendition+United_by_One_Vision][Shinobi][Agito][Wand|Dagger|Axe2],<hp70>,,attack:3259,skill_1:7746,s1_bleed:5995,team_energy:832,dx:971,ds:2456
15940,_c_Ieyasu,5*,shadow,blade,5460,[Resounding_Rendition+United_by_One_Vision][Shinobi][Agito][Wand|Dagger|Axe2],!<hp70>,,attack:2399,skill_1:5732,s1_bleed:4423,team_energy:832,dx:723,ds:1828
13237,Sinoa,4*,flame,wand,7531,[Primal_Crisis+Candy_Couriers][Dreadking_Rathalos][Agito][Blade|Serena|Marth],<hp100 & hit10 & hit15>,30% burn uptime,attack:2357,force_strike:458,skill_2:1615,team_buff:1122,dx:5902,ds_burn:505,ds:1276
9034,_c_Sinoa,4*,flame,wand,6948,[Primal_Crisis+Candy_Couriers][Dreadking_Rathalos][Agito][Blade|Serena|Marth],!<hp100 & hit10 & hit15>,30% burn uptime,attack:1576,force_strike:295,skill_2:1048,team_buff:1122,dx:3832,ds_burn:328,ds:828
19750,Patia,4*,shadow,lance,8450,[Brothers_in_Arms+Resounding_Rendition][Fatalis][Agito][Blade|Bow|Tobias],<hp60 & hp70>,,attack:6729,skill_2:2968,s2_bleed:4414,team_buff:5637
18618,_c_Patia,4*,shadow,lance,8048,[Brothers_in_Arms+Resounding_Rendition][Fatalis][Agito][Blade|Bow|Tobias],!<hp60 & hp70>,,attack:6183,skill_2:2732,s2_bleed:4064,team_buff:5637
18529,Heinwald,5*,shadow,staff,7908,[Resounding_Rendition+Beautiful_Nothingness][Fatalis][Agito][Blade|Wand|Dagger],<buff all teammates & hp70>,,attack:5325,skill_1:9608,team_buff:3594
11434,_c_Heinwald,5*,shadow,staff,7492,[Resounding_Rendition+Beautiful_Nothingness][Fatalis][Agito][Blade|Wand|Dagger],!<buff all teammates & hp70>,,attack:4804,skill_1:6629
19538,Gala_Luca,5*,light,blade,6484,[The_Wyrmclan_Duo+Primal_Crisis][Daikokuten][HDT2][Axe2|Dagger|Halloween_Elisanne],<hit15 & hit10 & hp70>,,attack:3171,skill_1:4523,skill_3:1138,team_buff:663,dx:8379,ds:1661
11064,_c_Gala_Luca,5*,light,blade,6484,[The_Wyrmclan_Duo+Primal_Crisis][Daikokuten][HDT2][Axe2|Dagger|Halloween_Elisanne],!<hit15 & hit10 & hp70>,,attack:1831,skill_1:2526,skill_3:583,team_buff:663,dx:4556,ds:903
11160,Aurien,3*,flame,staff,6367,[Breakfast_at_Valerios+Resounding_Rendition][Apollo][Agito][Blade|Marth|Serena],<0 burn res & hp70 & hit10 & hit15>,no s1; 64% burn uptime,attack:2945,skill_2:457,s2_burn:196,team_buff:174,dx:5234,ds_burn:374,ds:1777
5860,_c_Aurien,3*,flame,staff,6367,[Breakfast_at_Valerios+Resounding_Rendition][Apollo][Agito][Blade|Marth|Serena],!<0 burn res & hp70 & hit10 & hit15>,no s1,attack:1907,skill_2:234,s2_burn:0,team_buff:174,dx:2815,ds:727
17659,Hunter_Berserker,5*,flame,sword,6927,[The_Lurker_in_the_Woods+Primal_Crisis][Dreadking_Rathalos][Agito][Blade|Grace|Halloween_Mym],<hit15>,needs combo time from chain coability to keep combo & do c1 after s2,attack:151,force_strike:14248,skill_1:2423,team_buff:835
15571,_c_Hunter_Berserker,5*,flame,sword,6927,[The_Lurker_in_the_Woods+Primal_Crisis][Dreadking_Rathalos][Agito][Blade|Grace|Halloween_Mym],!<hit15>,needs combo time from chain coability to keep combo & do c1 after s2,attack:129,force_strike:12521,skill_1:2083,team_buff:835
16791,Hunter_Vanessa,5*,light,lance,6632,[Resounding_Rendition+Spirit_of_the_Season][Daikokuten][HDT2][Blade|Dagger|Halloween_Elisanne],<0 paralysis res & hit10 & hit15 & hp70>,77% paralysis uptime,attack:2524,force_strike:1696,skill_1:2840,s1_paralysis:915,skill_3:1421,team_buff:1662,dx:4943,ds:785
12154,_c_Hunter_Vanessa,5*,light,lance,6632,[Resounding_Rendition+Spirit_of_the_Season][Daikokuten][HDT2][Blade|Dagger|Halloween_Elisanne],!<0 paralysis res & hit10 & hit15 & hp70>,,attack:1801,force_strike:1261,skill_1:2167,s1_paralysis:0,skill_3:993,team_buff:1662,dx:3679,ds:587
18849,Hunter_Sarisse,5*,water,bow,5350,[Stellar_Show+Primal_Crisis][Dragonyule_Jeanne][HDT2][Dagger|Xander|Grace],<lance+ distance from HBH sized enemy & hit10 & hit15 & always connect hits>,fs hit count vary on distance and enemy size; needs combo time from chain coability to keep combo,attack:0,force_strike:12483,fs_extra_1:3744,skill_1:2621
11057,_c_Hunter_Sarisse,5*,water,bow,5350,[Stellar_Show+Primal_Crisis][Dragonyule_Jeanne][HDT2][Dagger|Xander|Grace],!<lance+ distance from HBH sized enemy & hit10 & hit15 & always connect hits>,fs hit count vary on distance and enemy size; needs combo time from chain coability to keep combo,attack:0,force_strike:9293,skill_1:1763
16524,Valentines_Melody,5*,wind,axe,6804,[Kung_Fu_Masters+The_Fires_of_Hate][Ariel][HDT2][Blade|Eleonora|Lin_You],<0 poison res & hit10 & hp100 & s1 defdown for 10s>,c4fsf c5 c4 s1; 78% poison uptime,attack:5192,skill_1:2872,skill_2:1987,s2_poison:484,skill_3:2165,team_buff:3822
5848,_c_Valentines_Melody,5*,wind,axe,6185,[Kung_Fu_Masters+The_Fires_of_Hate][Ariel][HDT2][Blade|Eleonora|Lin_You],!<0 poison res & hit10 & hp100 & s1 defdown for 10s>,c4fsf c5 c4 s1,attack:2808,skill_1:1797,skill_2:1241,s2_poison:0
26590,Valentines_Addis,5*,shadow,bow,5757,[The_Plaguebringer+Primal_Crisis][Shinobi][Agito][Wand|Curran|Berserker],<0 poison res & hp<40 & hit15 & hp=20%>,use s2 once; 89% poison uptime,attack:4291,skill_1:13625,s1_poison:3608,team_energy:833,dx:1329,ds:2902
7798,_c_Valentines_Addis,5*,shadow,bow,4462,[The_Plaguebringer+Primal_Crisis][Shinobi][Agito][Wand|Curran|Berserker],!<0 poison res & hp<40 & hit15 & hp=20%>,use s2 once,attack:1827,skill_1:3405,s1_poison:0,team_energy:833,dx:544,ds:1188
12553,Pipple,4*,water,wand,6063,[Primal_Crisis+Brothers_in_Arms][Dragonyule_Jeanne][HDT2][Blade|Xander|Axe2],<hit10 & hit15>,,attack:12056,team_energy:496
9587,_c_Pipple,4*,water,wand,6063,[Primal_Crisis+Brothers_in_Arms][Dragonyule_Jeanne][HDT2][Blade|Xander|Axe2],!<hit10 & hit15>,,attack:9090,team_energy:496
14499,Summer_Luca,4*,light,axe,7163,[Resounding_Rendition+Breakfast_at_Valerios][Daikokuten][HDT2][Blade|Dagger|Halloween_Elisanne],<hp70 & hit10 & hit15>,,attack:2775,force_strike:272,skill_1:2169,skill_3:810,team_buff:659,dx:6407,ds:1405
9222,_c_Summer_Luca,4*,light,axe,6729,[Resounding_Rendition+Breakfast_at_Valerios][Daikokuten][HDT2][Blade|Dagger|Halloween_Elisanne],!<hp70 & hit10 & hit15>,,attack:1814,force_strike:180,skill_1:1394,skill_3:487,team_buff:659,dx:3839,ds:845
20179,Natalie,5*,shadow,blade,9408,[The_Chocolatiers+Tough_Love][Shinobi][Agito][Wand|Curran|Berserker],<hp<40 & last offense & hp=20%>,,attack:4136,skill_1:11838,team_energy:831,dx:858,ds:2513
11590,_c_Natalie,5*,shadow,blade,5256,[The_Chocolatiers+Tough_Love][Shinobi][Agito][Wand|Curran|Berserker],!<hp<40 & last offense & hp=20%>,,attack:2976,skill_1:5161,team_energy:831,dx:672,ds:1948
17086,Mitsuba,5*,water,dagger,4880,[Twinfold_Bonds+His_Clever_Brother][Siren][HDT2][Blade|Xander|Summer_Estelle],<0 frostbite res & hit15 & hit10>,74% frostbite uptime,attack:1671,skill_1:14287,s1_frostbite:533,team_inspiration:594
6808,_c_Mitsuba,5*,water,dagger,4880,[Twinfold_Bonds+His_Clever_Brother][Siren][HDT2][Blade|Xander|Summer_Estelle],!<0 frostbite res & hit15 & hit10>,,attack:1060,skill_1:5152,s1_frostbite:0,team_inspiration:594
20117,Tobias,5*,wind,blade,4215,[A_Dogs_Day+Castle_Cheer_Corps][Freyja][HDT2][Bow|Blade|Lin_You],<buff all team & hit10>,,attack:3398,team_buff:16718
3191,_c_Tobias,5*,wind,blade,4215,[A_Dogs_Day+Castle_Cheer_Corps][Freyja][HDT2][Bow|Blade|Lin_You],!<buff all team & hit10>,,attack:3191
9936,Templar_Hope,4*,wind,sword,6480,[The_Shining_Overlord+Beautiful_Nothingness][AC011_Garland][HDT2][Blade|Dragonyule_Xainfried|Lin_You],<maintain shield & hp60 & hit10 & hp70>,,attack:1421,force_strike:995,skill_2:1221,skill_3:891,dx:4274,ds:1131
7006,_c_Templar_Hope,4*,wind,sword,5786,[The_Shining_Overlord+Beautiful_Nothingness][AC011_Garland][HDT2][Blade|Dragonyule_Xainfried|Lin_You],!<maintain shield & hp60 & hit10 & hp70>,,attack:1035,force_strike:724,skill_2:866,skill_3:651,dx:2947,ds:780
42845,Gala_Alex,5*,shadow,sword,5677,[The_Shining_Overlord+The_Fires_of_Hate][Shinobi][Agito][Blade|Wand|Heinwald],<0 poison res & hp100>,no bk bonus in sim; s2 c4fs [s1 c4fs]*5 & use s1/s2 only when charge>=2; 89% poison uptime,attack:4868,force_strike:1384,skill_1:26661,skill_2:1891,s2_poison:821,team_buff:793,team_energy:833,dx:1535,ds:4055
16313,_c_Gala_Alex,5*,shadow,sword,5046,[The_Shining_Overlord+The_Fires_of_Hate][Shinobi][Agito][Blade|Wand|Heinwald],!<0 poison res & hp100>,no bk bonus in sim; s2 c4fs [s1 c4fs]*5 & use s1/s2 only when charge>=2,attack:1918,force_strike:563,skill_2:10895,s2_poison:0,team_energy:826,dx:578,ds:1528
23591,Aldred,4*,shadow,blade,10863,[The_Chocolatiers+Tough_Love][Shinobi][Agito][Wand|Berserker|Curran],<hp<40 & last offense & hp=1>,maintain dragondrive,attack:3494,skill_1:20005,dx:91
11263,_c_Aldred,4*,shadow,blade,6069,[The_Chocolatiers+Tough_Love][Shinobi][Agito][Wand|Berserker|Curran],!<hp<40 & last offense & hp=1>,maintain dragondrive,attack:2582,skill_1:8629,dx:51
35968,Bellina,5*,shadow,dagger,10781,[Twinfold_Bonds+Howling_to_the_Heavens][Fatalis][Agito][Ieyasu|Curran|Berserker],<hp<40 & hit15 & hp=30%>,,attack:16157,force_strike:563,skill_1:16681,skill_2:2448,dx:116
17603,_c_Bellina,5*,shadow,dagger,8357,[Twinfold_Bonds+Howling_to_the_Heavens][Fatalis][Agito][Ieyasu|Curran|Berserker],!<hp<40 & hit15 & hp=30%>,,attack:7531,force_strike:378,skill_1:8803,skill_2:812,dx:76
10963,Gauld,4*,water,lance,4999,[Primal_Crisis+His_Clever_Brother][Siren][HDT2][Dagger|Xander|Summer_Estelle],<0 frostbite res & hp70 & hit10 & hit15>,90% frostbite uptime,attack:1720,force_strike:179,skill_1:3126,s1_frostbite:2069,skill_3:957,dx:1468,ds:1442
4111,_c_Gauld,4*,water,lance,4615,[Primal_Crisis+His_Clever_Brother][Siren][HDT2][Dagger|Xander|Summer_Estelle],!<0 frostbite res & hp70 & hit10 & hit15>,,attack:931,force_strike:92,skill_1:1385,s1_frostbite:0,skill_3:428,dx:644,ds:629
14226,Lazry,5*,water,axe,6068,[Heralds_of_Hinomoto+His_Clever_Brother][Gaibhne_and_Creidhne][HDT2][Blade|Xander|Summer_Estelle],<0 frostbite res & hp70 & hit10>,87% frostbite uptime,attack:3724,force_strike:524,skill_1:6658,s1_frostbite:869,s2_high:1204,team_buff:1243
6961,_c_Lazry,5*,water,axe,6068,[Heralds_of_Hinomoto+His_Clever_Brother][Gaibhne_and_Creidhne][HDT2][Blade|Xander|Summer_Estelle],!<0 frostbite res & hp70 & hit10>,,attack:2172,force_strike:307,skill_1:2782,s1_frostbite:0,s2_high:455,team_buff:1243
21595,Ezelith,5*,flame,dagger,6745,[Twinfold_Bonds+Levins_Champion][Arctos][Agito][Halloween_Mym|Blade|Marth],<hit10 & hit15 & hp70>,,attack:3517,force_strike:412,skill_1:5628,team_buff:160,dx:7246,ds:4629
16842,_c_Ezelith,5*,flame,dagger,6745,[Twinfold_Bonds+Levins_Champion][Arctos][Agito][Halloween_Mym|Blade|Marth],!<hit10 & hit15 & hp70>,,attack:2720,force_strike:318,skill_1:4418,team_buff:160,dx:5602,ds:3621
14282,Victor,5*,wind,blade,6029,[Resounding_Rendition+Beautiful_Nothingness][Vayu][HDT2][Akasha|Dragonyule_Xainfried|Lin_You],<hp70 & hit10>,,attack:2219,skill_1:3729,s1_bleed:3307,skill_2:818,skill_3:729,dx:1066,ds:2411
8784,_c_Victor,5*,wind,blade,5059,[Resounding_Rendition+Beautiful_Nothingness][Vayu][HDT2][Akasha|Dragonyule_Xainfried|Lin_You],!<hp70 & hit10>,,attack:1514,skill_1:2441,s1_bleed:1416,skill_2:532,skill_3:580,dx:704,ds:1592
14089,Summer_Cleo,5*,light,bow,6634,[Resounding_Rendition+Spirit_of_the_Season][Daikokuten][HDT2][Blade|Wand|Halloween_Elisanne],<buff all team & 0 paralysis res & hit10 & hit15 & hp70 & hp100>,nofs; 57% paralysis uptime,attack:2044,s1_big_missile:1364,s1_boost:181,s1_missile:757,s1_paralysis:582,skill_3:858,team_buff:1083,dx:5535,ds:1681
7400,_c_Summer_Cleo,5*,light,bow,6049,[Resounding_Rendition+Spirit_of_the_Season][Daikokuten][HDT2][Blade|Wand|Halloween_Elisanne],!<buff all team & 0 paralysis res & hit10 & hit15 & hp70 & hp100>,nofs,attack:1044,s1_big_missile:641,s1_boost:230,s1_missile:384,s1_paralysis:0,skill_3:383,team_buff:664,dx:3304,ds:746
12131,Addis,4*,wind,blade,5680,[Resounding_Rendition+Beautiful_Nothingness][Vayu][HDT2][Akasha|Dragonyule_Xainfried|Lin_You],<0 poison res & hit10 & hp70>,s2 c2 s1 c5fsf c4fs s1; hold s2s1 until bleed under 3; 49% poison uptime,attack:2305,skill_1:3629,s1_bleed:1032,s1_poison:539,skill_3:731,dx:1240,ds:2653
8996,_c_Addis,4*,wind,blade,5243,[Resounding_Rendition+Beautiful_Nothingness][Vayu][HDT2][Akasha|Dragonyule_Xainfried|Lin_You],!<0 poison res & hit10 & hp70>,s2 c2 s1 c5fsf c4fs s1; hold s2s1 until bleed under 3,attack:1764,skill_1:2666,s1_bleed:1005,s1_poison:0,skill_3:650,dx:930,ds:1978
13584,Sazanka,4*,shadow,axe,5641,[Kung_Fu_Masters+Crystalian_Envoy][Shinobi][Agito][Blade|Wand|Dagger],<80 sleep res & hp70>,,attack:2708,force_strike:322,fs_boost:31,skill_1:4539,s1_bleed:2785,team_energy:830,dx:693,ds:1672
10712,_c_Sazanka,4*,shadow,axe,5089,[Kung_Fu_Masters+Crystalian_Envoy][Shinobi][Agito][Blade|Wand|Dagger],!<80 sleep res & hp70>,,attack:2428,force_strike:291,fs_boost:28,skill_1:4031,s1_bleed:966,team_energy:830,dx:625,ds:1508
13880,Mega_Man,5*,flame,wand,6909,[Primal_Crisis+Dear_Diary][Cerberus][Agito][Blade|Marth|Serena],<hit10 & hit15 & hp30 every 180s>,16 hits leaf shield (max 32 hits),attack:3659,o_leaf_shield:3486,o_metal_blade:246,dx:5631,ds:855
10103,_c_Mega_Man,5*,flame,wand,6909,[Primal_Crisis+Dear_Diary][Cerberus][Agito][Blade|Marth|Serena],!<hit10 & hit15 & hp30 every 180s>,16 hits leaf shield (max 32 hits),attack:3010,o_leaf_shield:2422,o_metal_blade:131,dx:3951,ds:586
14973,Valerio,5*,water,blade,6147,[The_Wyrmclan_Duo+Primal_Crisis][Dragonyule_Jeanne][HDT2][Axe2|Xander|Summer_Estelle],<0 frostbite res & hit10 & hp70 & hit15>,70% frostbite uptime,attack:6422,skill_1:4860,s1_frostbite:409,skill_3:1567,team_buff:1145,team_inspiration:567
9898,_c_Valerio,5*,water,blade,6147,[The_Wyrmclan_Duo+Primal_Crisis][Dragonyule_Jeanne][HDT2][Axe2|Xander|Summer_Estelle],!<0 frostbite res & hit10 & hp70 & hit15>,,attack:4564,skill_1:2835,s1_frostbite:0,skill_3:1086,team_buff:1112,team_inspiration:299
