5970,Aeleen,4*,wind,lance,5931,[Resounding_Rendition+Beautiful_Nothingness][AC011_Garland][HDT2],<maintain shield & hp70>,,attack:2088,force_strike:320,skill_1:2680,skill_3:880
4655,_c_Aeleen,4*,wind,lance,5560,[Resounding_Rendition+Beautiful_Nothingness][AC011_Garland][HDT2],!<maintain shield & hp70>,,attack:1639,force_strike:251,skill_1:2103,skill_3:659
10547,Alain,3*,flame,lance,4782,[Resounding_Rendition+Elegant_Escort][Konohana_Sakuya][Agito],<hp70 & 0 burn res>,86% burn uptime,attack:2412,force_strike:276,skill_1:4497,s1_burn:874,skill_2:2002,s2_burn:483
6975,_c_Alain,3*,flame,lance,4782,[Resounding_Rendition+Elegant_Escort][Konohana_Sakuya][Agito],!<hp70 & 0 burn res>,,attack:1824,force_strike:211,skill_1:3432,s1_burn:0,skill_2:1506,s2_burn:0
13027,Albert,5*,light,sword,5658,[The_Shining_Overlord+Sisters_Day_Out][Corsaint_Phoenix][HDT2],<big hitbox & 0 paralysis res>,49% paralysis uptime,attack:1458,force_strike:1994,fs_paralysis:1347,skill_1:3307,s1_hit2:203,s1_hit3:203,s1_hit4:203,s1_hit5:203,s1_hit6:203,s1_s2boost:2836,skill_3:1062
9053,_c_Albert,5*,light,sword,5658,[The_Shining_Overlord+Sisters_Day_Out][Corsaint_Phoenix][HDT2],!<big hitbox & 0 paralysis res>,,attack:1216,force_strike:1682,fs_paralysis:0,skill_1:2739,s1_hit2:148,s1_hit3:148,s1_hit4:148,s1_s2boost:2066,skill_3:902
12381,Alex,4*,shadow,dagger,6715,[Twinfold_Bonds+The_Plaguebringer][Fatalis][Agito],<hp100 & hit15 & 0 poison res>,not consider bk boost of her s2; 90% poison uptime,attack:3348,force_strike:454,skill_1:4896,s1_poison:1061,skill_2:2072,team_buff:547
7651,_c_Alex,4*,shadow,dagger,6715,[Twinfold_Bonds+The_Plaguebringer][Fatalis][Agito],!<hp100 & hit15 & 0 poison res>,not consider bk boost of her s2,attack:2549,force_strike:348,skill_1:2972,s1_poison:0,skill_2:1232,team_buff:547
8840,Alfonse,5*,light,sword,8825,[The_Shining_Overlord+Beautiful_Nothingness][Cupid][HDT2],<last offense & hp60 & hp70>,,attack:2396,force_strike:1096,skill_1:2535,skill_2:1612,skill_3:1198
7403,_c_Alfonse,5*,light,sword,5961,[The_Shining_Overlord+Beautiful_Nothingness][Cupid][HDT2],!<last offense & hp60 & hp70>,,attack:1977,force_strike:904,skill_1:2099,skill_2:1349,skill_3:1072
23919,Althemia,3*,shadow,wand,8015,[Candy_Couriers+The_Fires_of_Hate][Fatalis][Agito],<hp100 & 0 poison res>,83% poison uptime,attack:5094,skill_1:10016,s1_poison:1128,skill_2:7679
13008,_c_Althemia,3*,shadow,wand,7399,[Candy_Couriers+The_Fires_of_Hate][Fatalis][Agito],!<hp100 & 0 poison res>,,attack:4024,skill_1:5973,s1_poison:0,skill_2:3010
7873,Amane,4*,light,wand,6315,[Candy_Couriers+Primal_Crisis][Daikokuten][HDT2],<hit15>,,attack:3094,skill_1:3498,skill_3:1279
5872,_c_Amane,4*,light,wand,6315,[Candy_Couriers+Primal_Crisis][Daikokuten][HDT2],!<hit15>,,attack:2292,skill_1:2652,skill_3:927
6828,Annelie,5*,light,lance,6512,[Resounding_Rendition+Beautiful_Nothingness][Cupid][HDT2],<hp70>,1121,attack:1937,force_strike:277,skill_1:2942,skill_2:470,skill_3:1033,team_energy:166
5319,_c_Annelie,5*,light,lance,6129,[Resounding_Rendition+Beautiful_Nothingness][Cupid][HDT2],!<hp70>,1121,attack:1731,force_strike:248,skill_1:2114,skill_2:331,skill_3:727,team_energy:166
12294,Aoi,3*,flame,blade,5537,[Resounding_Rendition+Elegant_Escort][Konohana_Sakuya][Agito],<hp70 & 0 burn res>,82% burn uptime,attack:3414,skill_1:5055,s1_burn:973,skill_2:2320,s2_burn:529
8322,_c_Aoi,3*,flame,blade,5537,[Resounding_Rendition+Elegant_Escort][Konohana_Sakuya][Agito],!<hp70 & 0 burn res>,,attack:2635,skill_1:3922,s1_burn:0,skill_2:1764,s2_burn:0
8868,Audric,4*,shadow,sword,4901,[The_Shining_Overlord+Beautiful_Nothingness][Shinobi][Agito],<hp70>,,attack:1816,force_strike:786,skill_1:4353,skill_2:1910
8185,_c_Audric,4*,shadow,sword,4524,[The_Shining_Overlord+Beautiful_Nothingness][Shinobi][Agito],!<hp70>,,attack:1677,force_strike:726,skill_1:4018,skill_2:1763
7763,Beautician_Zardin,5*,light,blade,7111,[Resounding_Rendition+Jewels_of_the_Sun][Cupid][HDT2],<hp70>,no s2,attack:2569,skill_1:3437,skill_3:1493,team_buff:262
6057,_c_Beautician_Zardin,5*,light,blade,6693,[Resounding_Rendition+Jewels_of_the_Sun][Cupid][HDT2],!<hp70>,no s2,attack:2291,skill_1:2415,skill_3:1086,team_buff:262
8520,Berserker,4*,shadow,sword,9138,[The_Shining_Overlord+Beautiful_Nothingness][Fatalis][Agito],<last offense & hp70>,,attack:3054,force_strike:1305,skill_1:4159
7620,_c_Berserker,4*,shadow,sword,6660,[The_Shining_Overlord+Beautiful_Nothingness][Fatalis][Agito],!<last offense & hp70>,,attack:2699,force_strike:1167,skill_1:3753
16642,Botan,4*,shadow,lance,5068,[Resounding_Rendition+Jewels_of_the_Sun][Shinobi][Agito],<buff all team & hp70>,,attack:2624,skill_1:4700,s1_bleed:5896,team_buff:3421
13841,_c_Botan,4*,shadow,lance,4678,[Resounding_Rendition+Jewels_of_the_Sun][Shinobi][Agito],!<buff all team & hp70>,,attack:2303,skill_1:4125,s1_bleed:5175,team_buff:2236
14639,Cassandra,5*,shadow,wand,7544,[Candy_Couriers+The_Plaguebringer][Fatalis][Agito],<hp30 every 180s & 0 poison res & hp=80%>,97% poison uptime,attack:4274,skill_1:5412,s1_poison:1230,skill_2:3722
9363,_c_Cassandra,5*,shadow,wand,7544,[Candy_Couriers+The_Plaguebringer][Fatalis][Agito],!<hp30 every 180s & 0 poison res & hp=80%>,,attack:2990,skill_1:3881,s1_poison:0,skill_2:2490
7345,Celliera,4*,water,blade,5797,[Resounding_Rendition+Jewels_of_the_Sun][Siren][HDT2],<hp70>,,attack:2179,skill_1:3446,skill_3:1718
6053,_c_Celliera,4*,water,blade,5041,[Resounding_Rendition+Jewels_of_the_Sun][Siren][HDT2],!<hp70>,,attack:1796,skill_1:2840,skill_3:1416
10235,Chelsea,5*,flame,bow,5944,[Mega_Friends+Dear_Diary][Dreadking_Rathalos][Agito],<hp30 every 180s>,,attack:991,force_strike:5502,skill_1:3740
9598,_c_Chelsea,5*,flame,bow,5944,[Mega_Friends+Dear_Diary][Dreadking_Rathalos][Agito],!<hp30 every 180s>,,attack:927,force_strike:5152,skill_1:3517
4824,Cibella,3*,water,lance,5834,[Resounding_Rendition+Beautiful_Nothingness][Dragonyule_Jeanne][HDT2],<hp70>,,attack:2207,force_strike:270,skill_2:1231,skill_3:1114
4310,_c_Cibella,3*,water,lance,5457,[Resounding_Rendition+Beautiful_Nothingness][Dragonyule_Jeanne][HDT2],!<hp70>,,attack:1972,force_strike:241,skill_2:1100,skill_3:995
15092,Curran,5*,shadow,axe,11799,[Kung_Fu_Masters+Flower_in_the_Fray][Fatalis][Agito],<last offense>,no fs,attack:5619,skill_1:6253,skill_2:2345,team_buff:873
13829,_c_Curran,5*,shadow,axe,7374,[Kung_Fu_Masters+Flower_in_the_Fray][Fatalis][Agito],!<last offense>,no fs,attack:4907,skill_1:5703,skill_2:2345,team_buff:873
8507,Dragonyule_Cleo,5*,water,dagger,5860,[Twinfold_Bonds+The_Prince_of_Dragonyule][Gaibhne_and_Creidhne][HDT2],<hp70 & hit15 & buff all team & always connect hits>,,attack:2010,force_strike:232,skill_1:2482,skill_2:810,skill_3:1286,team_buff:1185,team_energy:498
5134,_c_Dragonyule_Cleo,5*,water,dagger,5378,[Twinfold_Bonds+The_Prince_of_Dragonyule][Gaibhne_and_Creidhne][HDT2],!<hp70 & hit15 & buff all team & always connect hits>,,attack:1563,force_strike:183,skill_1:1790,skill_2:619,skill_3:976
10858,Dragonyule_Malora,5*,light,axe,6326,[Kung_Fu_Masters+Flower_in_the_Fray][Cupid][HDT2],<buff all team>,c4fsf c5 c4 s1,attack:3456,skill_1:2145,skill_2:1546,s2_boost:1237,team_buff:2471
5242,_c_Dragonyule_Malora,5*,light,axe,6326,[Kung_Fu_Masters+Flower_in_the_Fray][Cupid][HDT2],!<buff all team>,c4fsf c5 c4 s1,attack:3339,skill_1:1902
5634,Dragonyule_Nefaria,4*,water,bow,5293,[Forest_Bonds+Dear_Diary][Dragonyule_Jeanne][HDT2],<hp30 every 180s>,,attack:1368,force_strike:821,skill_1:2468,skill_3:975
5122,_c_Dragonyule_Nefaria,4*,water,bow,5293,[Forest_Bonds+Dear_Diary][Dragonyule_Jeanne][HDT2],!<hp30 every 180s>,,attack:1243,force_strike:746,skill_1:2244,skill_3:887
9013,Dragonyule_Xainfried,4*,wind,wand,5698,[A_Dogs_Day+Primal_Crisis][Ariel][HDT2],<buff all team & hit15>,,attack:3115,skill_2:1121,skill_3:885,team_buff:3890
4313,_c_Dragonyule_Xainfried,4*,wind,wand,5698,[A_Dogs_Day+Primal_Crisis][Ariel][HDT2],!<buff all team & hit15>,,attack:2632,skill_2:938,skill_3:741
6781,Dragonyule_Xander,4*,water,wand,4632,[Candy_Couriers+Primal_Crisis][Siren][HDT2],<hit15 & buff all team>,,attack:1959,skill_1:3399,skill_3:1254,team_energy:166
5333,_c_Dragonyule_Xander,4*,water,wand,4632,[Candy_Couriers+Primal_Crisis][Siren][HDT2],!<hit15 & buff all team>,,attack:1601,skill_1:2725,skill_3:1005
14844,Delphi,5*,shadow,dagger,5450,[Mega_Friends+The_Fires_of_Hate][Fatalis][Agito],<hp100 & s1 defdown for 10s & 0 poison res>,74% poison uptime,attack:2436,force_strike:2504,fs_boost:124,fs_poison:3636,skill_1:618,skill_2:549,s2_poison:2478,team_buff:2494
4222,_c_Delphi,5*,shadow,dagger,4866,[Mega_Friends+The_Fires_of_Hate][Fatalis][Agito],!<hp100 & s1 defdown for 10s & 0 poison res>,,attack:1648,force_strike:1688,fs_boost:77,fs_poison:0,skill_1:480,skill_2:327,s2_poison:0
15687,Durant,4*,shadow,blade,9030,[Proper_Maintenance+Howling_to_the_Heavens][Fatalis][Agito],<hp100 & hit15>,,attack:15687
11889,_c_Durant,4*,shadow,blade,7815,[Proper_Maintenance+Howling_to_the_Heavens][Fatalis][Agito],!<hp100 & hit15>,,attack:11888
7672,Eleonora,4*,wind,bow,4899,[Dear_Diary+The_Fires_of_Hate][Vayu][HDT2],<hp100 & hp30 every 180s & 0 poison res>,87% poison uptime,attack:1364,force_strike:802,skill_1:2432,s1_poison:732,skill_2:1437,s2_poison:284,skill_3:618
4574,_c_Eleonora,4*,wind,bow,4354,[Dear_Diary+The_Fires_of_Hate][Vayu][HDT2],!<hp100 & hp30 every 180s & 0 poison res>,,attack:946,force_strike:548,skill_1:1694,s1_poison:0,skill_2:967,s2_poison:0,skill_3:416
6414,Elias,4*,light,bow,7527,[Forest_Bonds+Dear_Diary][Daikokuten][HDT2],<last offense & hit15 & hp30 every 180s>,,attack:1682,force_strike:1014,skill_1:2858,skill_3:859
4722,_c_Elias,4*,light,bow,5376,[Forest_Bonds+Dear_Diary][Daikokuten][HDT2],!<last offense & hit15 & hp30 every 180s>,,attack:1211,force_strike:727,skill_1:2109,skill_3:672
14460,Elisanne,4*,water,lance,5676,[Beach_Battle+Castle_Cheer_Corps][Gaibhne_and_Creidhne][HDT2],<hp60>,no s2 or s3,attack:2850,force_strike:629,team_buff:10979
14396,_c_Elisanne,4*,water,lance,5511,[Beach_Battle+Castle_Cheer_Corps][Gaibhne_and_Creidhne][HDT2],!<hp60>,no s2 or s3,attack:2798,force_strike:618,team_buff:10979
14524,Emma,4*,flame,lance,6035,[Castle_Cheer_Corps+From_Whence_He_Comes][Dreadking_Rathalos][Agito],<buff all team>,,attack:3231,force_strike:785,team_buff:10507
4016,_c_Emma,4*,flame,lance,6035,[Castle_Cheer_Corps+From_Whence_He_Comes][Dreadking_Rathalos][Agito],!<buff all team>,,attack:3231,force_strike:785
13938,Erik,3*,shadow,axe,7282,[Kung_Fu_Masters+Flower_in_the_Fray][Fatalis][Agito],<>,,attack:4221,force_strike:608,skill_1:6219,skill_2:2887
14189,Euden,4*,flame,sword,6258,[The_Shining_Overlord+Elegant_Escort][Dreadking_Rathalos][Agito],<0 burn res>,92% burn uptime,attack:2715,force_strike:2231,skill_1:5368,s1_burn:1291,skill_2:1951,team_buff:631
10358,_c_Euden,4*,flame,sword,6258,[The_Shining_Overlord+Elegant_Escort][Dreadking_Rathalos][Agito],!<0 burn res>,,attack:2143,force_strike:1767,skill_1:4309,s1_burn:0,skill_2:1505,team_buff:631
8695,Fjorm,5*,water,lance,6562,[Resounding_Rendition+Beautiful_Nothingness][Siren][HDT2],<hp70>,,attack:1267,force_strike:34,skill_1:2695,skill_2:2087,skill_3:1115,team_buff:1493
7804,_c_Fjorm,5*,water,lance,6057,[Resounding_Rendition+Beautiful_Nothingness][Siren][HDT2],!<hp70>,,attack:1110,force_strike:30,skill_1:2362,skill_2:1829,skill_3:977,team_buff:1493
14324,Fleur,4*,light,dagger,5851,[Twinfold_Bonds+Spirit_of_the_Season][Daikokuten][HDT2],<hp70 & hit15 & hp100 & 0 paralysis res>,c4fs; 86% paralysis uptime,attack:3093,force_strike:841,skill_1:6403,s1_paralysis:2157,skill_3:1829
5400,_c_Fleur,4*,light,dagger,5668,[Twinfold_Bonds+Spirit_of_the_Season][Daikokuten][HDT2],!<hp70 & hit15 & hp100 & 0 paralysis res>,c4fs,attack:1831,force_strike:503,skill_1:2053,s1_paralysis:0,skill_3:1011
6601,Francesca,3*,wind,dagger,5278,[Twinfold_Bonds+Levins_Champion][AC011_Garland][HDT2],<maintain shield & hit15 & hp70>,,attack:1971,force_strike:579,skill_1:2105,skill_2:940,skill_3:899,team_buff:104
4929,_c_Francesca,3*,wind,dagger,5278,[Twinfold_Bonds+Levins_Champion][AC011_Garland][HDT2],!<maintain shield & hit15 & hp70>,,attack:1481,force_strike:444,skill_1:1584,skill_2:671,skill_3:642,team_buff:104
7244,Fritz,4*,light,dagger,5607,[Twinfold_Bonds+Levins_Champion][Daikokuten][HDT2],<hit15 & hp70>,,attack:2662,force_strike:288,fs_boost:282,skill_1:2647,skill_3:933,team_buff:429
5499,_c_Fritz,4*,light,dagger,5607,[Twinfold_Bonds+Levins_Champion][Daikokuten][HDT2],!<hit15 & hp70>,,attack:1998,force_strike:220,fs_boost:208,skill_1:1953,skill_3:689,team_buff:429
24409,Gala_Cleo,5*,shadow,wand,5211,[Candy_Couriers+Jewels_of_the_Sun][Shinobi][Agito],<hp70 & always in a1>,(the true cleo is here),attack:3055,force_strike:0,skill_1:10721,skill_2:1524,team_buff:9107
12663,_c_Gala_Cleo,5*,shadow,wand,4810,[Candy_Couriers+Jewels_of_the_Sun][Shinobi][Agito],!<hp70 & always in a1>,(the true cleo is here),attack:2218,force_strike:0,skill_1:6947,skill_2:1065,team_buff:2431
14346,Gala_Elisanne,5*,water,axe,5521,[Beach_Battle+From_Whence_He_Comes][Gaibhne_and_Creidhne][HDT2],<buff all team>,,attack:4145,team_buff:10200
4145,_c_Gala_Elisanne,5*,water,axe,5521,[Beach_Battle+From_Whence_He_Comes][Gaibhne_and_Creidhne][HDT2],!<buff all team>,,attack:4145
10980,Gala_Euden,5*,light,sword,6020,[The_Shining_Overlord+Sisters_Day_Out][Cupid][HDT2],<s1 buff for 10s & draconic charge & 0 paralysis res>,c2+fs; 21% paralysis uptime,attack:1582,force_strike:1629,skill_1:1089,skill_2:1015,s2_paralysis:158,skill_3:1423,team_buff:4080
6625,_c_Gala_Euden,5*,light,sword,6020,[The_Shining_Overlord+Sisters_Day_Out][Cupid][HDT2],!<s1 buff for 10s & draconic charge & 0 paralysis res>,c2+fs,attack:1362,force_strike:1411,skill_1:1023,skill_2:845,s2_paralysis:0,skill_3:1243,team_buff:737
8556,Gala_Mym,5*,flame,lance,5144,[Resounding_Rendition+Beautiful_Nothingness][Konohana_Sakuya][Agito],<hp70>,,attack:1962,force_strike:290,skill_1:4519,skill_2:1783
7497,_c_Gala_Mym,5*,flame,lance,4748,[Resounding_Rendition+Beautiful_Nothingness][Konohana_Sakuya][Agito],!<hp70>,,attack:1719,force_strike:254,skill_1:3960,skill_2:1563
9597,Gala_Ranzal,5*,wind,sword,5788,[Jewels_of_the_Sun+The_Shining_Overlord][AC011_Garland][HDT2],<maintain shield & hp70>,no s2,attack:1870,force_strike:1022,skill_1:4068,s1_boost:1439,skill_3:1196
7887,_c_Gala_Ranzal,5*,wind,sword,5427,[Jewels_of_the_Sun+The_Shining_Overlord][AC011_Garland][HDT2],!<maintain shield & hp70>,no s2,attack:1537,force_strike:840,skill_1:3328,s1_boost:1183,skill_3:996
12809,Gala_Sarisse,5*,flame,bow,5930,[Forest_Bonds+Dear_Diary][Dreadking_Rathalos][Agito],<hp30 every 180s & always connect hits>,,attack:793,force_strike:3489,skill_1:4487,s1_missile*7:3174,team_buff:864
8054,_c_Gala_Sarisse,5*,flame,bow,5930,[Forest_Bonds+Dear_Diary][Dreadking_Rathalos][Agito],!<hp30 every 180s & always connect hits>,,attack:657,force_strike:2913,skill_1:3181,s1_missile*1:201,s1_missile*2:234,team_buff:864
6627,Halloween_Edward,3*,light,blade,7651,[Resounding_Rendition+Seaside_Princess][Cupid][HDT2],<hp100 & hp70>,,attack:2632,skill_1:2689,skill_2:761,skill_3:543
5322,_c_Halloween_Edward,3*,light,blade,6617,[Resounding_Rendition+Seaside_Princess][Cupid][HDT2],!<hp100 & hp70>,,attack:2114,skill_1:2160,skill_2:611,skill_3:436
8675,Halloween_Elisanne,5*,light,lance,6533,[Resounding_Rendition+Jewels_of_the_Sun][Cupid][HDT2],<hit10 & hp70>,,attack:1643,force_strike:205,skill_1:3093,skill_2:1092,skill_3:1090,team_buff:1548
7237,_c_Halloween_Elisanne,5*,light,lance,6148,[Resounding_Rendition+Jewels_of_the_Sun][Cupid][HDT2],!<hit10 & hp70>,,attack:1324,force_strike:163,skill_1:2459,skill_2:871,skill_3:869,team_buff:1548
10218,Halloween_Mym,5*,flame,axe,6629,[Kung_Fu_Masters+Jewels_of_the_Sun][Dreadking_Rathalos][Agito],<hp70 & s1 defdown for 10s & buff all team>,,attack:4215,force_strike:1257,skill_1:1337,team_buff:3407
5941,_c_Halloween_Mym,5*,flame,axe,6227,[Kung_Fu_Masters+Jewels_of_the_Sun][Dreadking_Rathalos][Agito],!<hp70 & s1 defdown for 10s & buff all team>,,attack:3590,force_strike:1093,skill_1:1256
12436,Halloween_Odetta,4*,water,sword,5495,[Mega_Friends+Beach_Battle][Gaibhne_and_Creidhne][HDT2],<buff all team>,,attack:1470,force_strike:1423,skill_1:2682,skill_3:1426,team_buff:5433
7607,_c_Halloween_Odetta,4*,water,sword,5495,[Mega_Friends+Beach_Battle][Gaibhne_and_Creidhne][HDT2],!<buff all team>,,attack:1470,force_strike:1423,skill_1:2682,skill_3:1426,team_buff:604
21631,Hawk,5*,wind,bow,5150,[Resounding_Rendition+The_Fires_of_Hate][Vayu][HDT2],<hp70 & hp100 & 0 poison res & 80 stun res>,72% poison uptime; 11% stun uptime,attack:1993,force_strike:715,fs_poison:289,skill_1:16190,skill_2:2442
6203,_c_Hawk,5*,wind,bow,4578,[Resounding_Rendition+The_Fires_of_Hate][Vayu][HDT2],!<hp70 & hp100 & 0 poison res & 80 stun res>,,attack:1254,force_strike:376,fs_poison:0,skill_1:3657,skill_2:914
7018,Irfan,3*,light,dagger,5584,[Twinfold_Bonds+Levins_Champion][Daikokuten][HDT2],<hit15 & hp70>,,attack:2330,force_strike:275,skill_1:2580,skill_2:939,skill_3:891
5219,_c_Irfan,3*,light,dagger,5584,[Twinfold_Bonds+Levins_Champion][Daikokuten][HDT2],!<hit15 & hp70>,,attack:1752,force_strike:210,skill_1:1904,skill_2:693,skill_3:658
5218,Jakob,3*,water,lance,5834,[Resounding_Rendition+Beautiful_Nothingness][Dragonyule_Jeanne][HDT2],<hp70 & 100 bog res>,,attack:2056,force_strike:270,skill_1:2145,skill_3:745
4662,_c_Jakob,3*,water,lance,5457,[Resounding_Rendition+Beautiful_Nothingness][Dragonyule_Jeanne][HDT2],!<hp70 & 100 bog res>,,attack:1837,force_strike:242,skill_1:1916,skill_3:665
10908,Joe,3*,flame,bow,6134,[Mega_Friends+Dear_Diary][Dreadking_Rathalos][Agito],<hp100 & hp30 every 180s & 0 burn res>,86% burn uptime,attack:973,force_strike:4284,skill_1:3266,s1_burn:822,skill_2:1161,s2_burn:399
8925,_c_Joe,3*,flame,bow,6134,[Mega_Friends+Dear_Diary][Dreadking_Rathalos][Agito],!<hp100 & hp30 every 180s & 0 burn res>,,attack:896,force_strike:3946,skill_1:3009,s1_burn:0,skill_2:1072,s2_burn:0
7245,Johanna,3*,wind,axe,5975,[Kung_Fu_Masters+Crystalian_Envoy][AC011_Garland][HDT2],<maintain shield & hp70>,,attack:2734,force_strike:362,skill_1:2295,skill_2:1278,skill_3:573
5805,_c_Johanna,3*,wind,axe,5499,[Kung_Fu_Masters+Crystalian_Envoy][AC011_Garland][HDT2],!<maintain shield & hp70>,,attack:2226,force_strike:296,skill_1:1841,skill_2:994,skill_3:445
6266,Julietta,5*,light,axe,6195,[Kung_Fu_Masters+Flower_in_the_Fray][Cupid][HDT2],<>,no fs & no s2,attack:2779,skill_1:2954,skill_3:532
7408,Jurota,3*,water,blade,5607,[Resounding_Rendition+Beautiful_Nothingness][Siren][HDT2],<hp70>,,attack:2184,skill_1:3845,skill_3:1378
6492,_c_Jurota,3*,water,blade,5175,[Resounding_Rendition+Beautiful_Nothingness][Siren][HDT2],!<hp70>,,attack:1914,skill_1:3369,skill_3:1207
7321,Karina,4*,water,axe,5197,[Kung_Fu_Masters+Crystalian_Envoy][Siren][HDT2],<hp60 & hp70>,,attack:2032,force_strike:233,skill_1:3185,s1_boost:0,skill_2:1206,skill_3:662
6291,_c_Karina,4*,water,axe,4466,[Kung_Fu_Masters+Crystalian_Envoy][Siren][HDT2],!<hp60 & hp70>,,attack:1746,force_strike:200,skill_1:2737,s1_boost:0,skill_2:1036,skill_3:569
15696,Karl,4*,flame,sword,7070,[The_Lurker_in_the_Woods+Primal_Crisis][Dreadking_Rathalos][Agito],<hit15 & hp70 & hit10>,,attack:4990,force_strike:6452,team_buff:4252
12202,_c_Karl,4*,flame,sword,6446,[The_Lurker_in_the_Woods+Primal_Crisis][Dreadking_Rathalos][Agito],!<hit15 & hp70 & hit10>,,attack:3472,force_strike:4477,team_buff:4252
9879,Kleimann,4*,shadow,wand,7133,[Candy_Couriers+Primal_Crisis][Fatalis][Agito],<hit15>,,attack:2898,force_strike:809,skill_1:4521,skill_2:1650
8353,_c_Kleimann,4*,shadow,wand,7133,[Candy_Couriers+Primal_Crisis][Fatalis][Agito],!<hit15>,,attack:2476,force_strike:681,skill_1:3806,skill_2:1389
7515,Ku_Hai,4*,wind,sword,5962,[The_Lurker_in_the_Woods+Resounding_Rendition][Zephyr][HDT2],<huge hitbox eneny & hp70 & hit10>,c2+fs during s2,attack:1525,force_strike:145,fs_alt_hit1:856,fs_alt_hit2:856,fs_alt_hit3:856,skill_1:2546,skill_3:728
4947,_c_Ku_Hai,4*,wind,sword,5962,[The_Lurker_in_the_Woods+Resounding_Rendition][Zephyr][HDT2],!<huge hitbox eneny & hp70 & hit10>,c2+fs during s2,attack:945,force_strike:302,fs_alt_hit1:642,fs_alt_hit2:642,skill_1:1809,skill_3:604
6749,Laranoa,5*,water,bow,4389,[Forest_Bonds+Dear_Diary][Siren][HDT2],<buff all team & hp30 every 180s>,doesn't count spbuff for teammates,attack:1250,force_strike:418,skill_1:4085,skill_3:663,team_buff:331
5848,_c_Laranoa,5*,water,bow,4389,[Forest_Bonds+Dear_Diary][Siren][HDT2],!<buff all team & hp30 every 180s>,doesn't count spbuff for teammates,attack:1138,force_strike:381,skill_1:3719,skill_3:608
11253,Lathna,5*,shadow,lance,5233,[Resounding_Rendition+Beautiful_Nothingness][Shinobi][Agito],<hp70>,no poison,attack:2033,skill_1:6064,skill_2:3154
9861,_c_Lathna,5*,shadow,lance,4831,[Resounding_Rendition+Beautiful_Nothingness][Shinobi][Agito],!<hp70>,no poison,attack:1782,skill_1:5314,skill_2:2764
6283,Laxi,4*,flame,blade,7314,[Resounding_Rendition+Beautiful_Nothingness][Dreadking_Rathalos][Agito],<hp70>,a1 proc at 0s,attack:2468,force_strike:1746,skill_1:1121,s1_boost:945
5603,_c_Laxi,4*,flame,blade,6871,[Resounding_Rendition+Beautiful_Nothingness][Dreadking_Rathalos][Agito],!<hp70>,a1 proc at 0s,attack:2201,force_strike:1557,skill_1:999,s1_boost:843
9742,Lea,5*,flame,sword,6068,[The_Shining_Overlord+Elegant_Escort][Dreadking_Rathalos][Agito],<0 burn res>,c2+fs; 94% burn uptime,attack:1395,force_strike:2173,skill_1:3599,s1_burn:1150,skill_2:1423
6772,_c_Lea,5*,flame,sword,6068,[The_Shining_Overlord+Elegant_Escort][Dreadking_Rathalos][Agito],!<0 burn res>,c2+fs,attack:1104,force_strike:1721,skill_1:2850,s1_burn:0,skill_2:1094
7806,Lily,5*,water,wand,5821,[Candy_Couriers+Seaside_Princess][Siren][HDT2],<hp100>,,attack:1491,skill_1:3148,skill_2:1900,skill_3:1264
6218,_c_Lily,5*,water,wand,4657,[Candy_Couriers+Seaside_Princess][Siren][HDT2],!<hp100>,,attack:1188,skill_1:2508,skill_2:1514,skill_3:1007
6685,Linus,3*,light,axe,6313,[Kung_Fu_Masters+Flower_in_the_Fray][Cupid][HDT2],<hp60>,,attack:2549,force_strike:228,skill_1:2476,skill_2:890,skill_3:540
6490,_c_Linus,3*,light,axe,6129,[Kung_Fu_Masters+Flower_in_the_Fray][Cupid][HDT2],!<hp60>,,attack:2475,force_strike:221,skill_1:2403,skill_2:865,skill_3:524
14936,Lin_You,5*,wind,axe,5717,[The_Wyrmclan_Duo+Primal_Crisis][Long_Long][HDT2],<hp70 & hit25 & hit50 & hit10 & hit15>,2in1 ; 11% sleep uptime,attack:5406,force_strike:255,skill_1:6257,s1_powerup:1931,skill_3:1085
6959,_c_Lin_You,5*,wind,axe,5717,[The_Wyrmclan_Duo+Primal_Crisis][Long_Long][HDT2],!<hp70 & hit25 & hit50 & hit10 & hit15>,2in1 ; 11% sleep uptime,attack:2647,force_strike:128,skill_1:2892,s1_powerup:826,skill_3:464
7475,Louise,5*,wind,bow,5966,[Dear_Diary+The_Fires_of_Hate][AC011_Garland][HDT2],<maintain shield & hp30 every 180s & hp100 & 0 poison res>,no fs; 88% poison uptime,attack:2605,skill_1:2041,s1_poison:581,skill_2:1761,skill_3:484
3926,_c_Louise,5*,wind,bow,5424,[Dear_Diary+The_Fires_of_Hate][AC011_Garland][HDT2],!<maintain shield & hp30 every 180s & hp100 & 0 poison res>,no fs,attack:1642,skill_1:1272,s1_poison:0,skill_2:726,skill_3:284
6715,Luca,4*,light,bow,5891,[Forest_Bonds+Dear_Diary][Daikokuten][HDT2],<hp100 & hit15 & hp30 every 180s & 0 paralysis res>,85% paralysis uptime,attack:1642,force_strike:937,skill_1:2134,s1_paralysis:667,skill_2:860,skill_3:472
4429,_c_Luca,4*,light,bow,5435,[Forest_Bonds+Dear_Diary][Daikokuten][HDT2],!<hp100 & hit15 & hp30 every 180s & 0 paralysis res>,,attack:1212,force_strike:684,skill_1:1558,s1_paralysis:0,skill_2:628,skill_3:345
7719,Lucretia,5*,light,wand,6449,[Candy_Couriers+Primal_Crisis][Daikokuten][HDT2],<hit15>,,attack:3210,skill_1:2000,skill_3:2263,team_energy:244
5720,_c_Lucretia,5*,light,wand,6449,[Candy_Couriers+Primal_Crisis][Daikokuten][HDT2],!<hit15>,,attack:2384,skill_1:1450,skill_3:1640,team_energy:244
7341,Luther,4*,water,dagger,4419,[Twinfold_Bonds+The_Prince_of_Dragonyule][Siren][HDT2],<hit15>,,attack:1697,force_strike:181,skill_1:3207,skill_2:823,skill_3:1325,team_buff:105
5601,_c_Luther,4*,water,dagger,4419,[Twinfold_Bonds+The_Prince_of_Dragonyule][Siren][HDT2],!<hit15>,,attack:1312,force_strike:144,skill_1:2418,skill_2:620,skill_3:999,team_buff:105
6644,Malka,3*,light,lance,6444,[Resounding_Rendition+Beautiful_Nothingness][Cupid][HDT2],<hp70>,,attack:2119,force_strike:274,skill_1:2452,skill_3:803,team_buff:994
6042,_c_Malka,3*,light,lance,6065,[Resounding_Rendition+Beautiful_Nothingness][Cupid][HDT2],!<hp70>,,attack:1894,force_strike:245,skill_1:2191,skill_3:717,team_buff:994
6972,Malora,3*,light,bow,5598,[Forest_Bonds+Dear_Diary][Daikokuten][HDT2],<hit15 & hp30 every 180s>,,attack:1628,force_strike:499,skill_1:2567,skill_2:1066,skill_3:929,team_buff:280
5534,_c_Malora,3*,light,bow,5598,[Forest_Bonds+Dear_Diary][Daikokuten][HDT2],!<hit15 & hp30 every 180s>,,attack:1289,force_strike:391,skill_1:2009,skill_2:835,skill_3:727,team_buff:280
11063,Maribelle,5*,wind,wand,6018,[Candy_Couriers+Primal_Crisis][AC011_Garland][HDT2],<maintain shield & hp100 & hit15>,,attack:2403,skill_1:4059,skill_2:2140,skill_3:2020,team_buff:438
7031,_c_Maribelle,5*,wind,wand,6018,[Candy_Couriers+Primal_Crisis][AC011_Garland][HDT2],!<maintain shield & hp100 & hit15>,,attack:1746,skill_1:2392,skill_2:1229,skill_3:1224,team_buff:438
14054,Marth,5*,flame,sword,6054,[Mega_Friends+Primal_Crisis][Dreadking_Rathalos][Agito],<hit15 & hit10>,c2fs,attack:2279,force_strike:3382,skill_1:4591,skill_2:2080,team_buff:1719
10438,_c_Marth,5*,flame,sword,6054,[Mega_Friends+Primal_Crisis][Dreadking_Rathalos][Agito],!<hit15 & hit10>,c2fs,attack:1609,force_strike:2388,skill_1:3190,skill_2:1530,team_buff:1719
8984,Marty,3*,flame,sword,6109,[Resounding_Rendition+The_Lurker_in_the_Woods][Dreadking_Rathalos][Agito],<hp70>,,attack:2085,force_strike:3249,skill_1:3649
8514,_c_Marty,3*,flame,sword,6109,[Resounding_Rendition+The_Lurker_in_the_Woods][Dreadking_Rathalos][Agito],!<hp70>,,attack:1976,force_strike:3078,skill_1:3458
10522,Melody,3*,wind,blade,6253,[A_Dogs_Day+From_Whence_He_Comes][Ariel][HDT2],<hp100>,,attack:3405,force_strike:346,team_buff:6770
10326,_c_Melody,3*,wind,blade,6253,[A_Dogs_Day+From_Whence_He_Comes][Ariel][HDT2],!<hp100>,,attack:3227,force_strike:327,team_buff:6770
8348,Melsa,4*,flame,dagger,6131,[Twinfold_Bonds+The_Lurker_in_the_Woods][Dreadking_Rathalos][Agito],<hit15>,,attack:1520,force_strike:2931,skill_1:2665,skill_2:1230
7273,_c_Melsa,4*,flame,dagger,6131,[Twinfold_Bonds+The_Lurker_in_the_Woods][Dreadking_Rathalos][Agito],!<hit15>,,attack:1331,force_strike:2562,skill_1:2311,skill_2:1067
9416,Mikoto,5*,flame,blade,6932,[Resounding_Rendition+Beautiful_Nothingness][Arctos][Agito],<hp70>,,attack:5298,skill_1:4116
7405,_c_Mikoto,5*,flame,blade,6485,[Resounding_Rendition+Beautiful_Nothingness][Arctos][Agito],!<hp70>,,attack:4167,skill_1:3237
11011,Musashi,4*,wind,blade,8027,[Resounding_Rendition+The_Fires_of_Hate][Vayu][HDT2],<last offense & hp70 & hp100 & 0 poison res>,88% poison uptime,attack:2865,skill_1:4975,s1_poison:1220,skill_3:1949
6700,_c_Musashi,4*,wind,blade,5096,[Resounding_Rendition+The_Fires_of_Hate][Vayu][HDT2],!<last offense & hp70 & hp100 & 0 poison res>,,attack:1881,skill_1:3441,s1_poison:0,skill_3:1376
13530,Naveed,5*,flame,sword,5192,[The_Shining_Overlord+Primal_Crisis][Konohana_Sakuya][Agito],<hit15 & hp60>,,attack:2452,force_strike:818,skill_1:5786,s1_boost:4472
9976,_c_Naveed,5*,flame,sword,4898,[The_Shining_Overlord+Primal_Crisis][Konohana_Sakuya][Agito],!<hit15 & hp60>,,attack:1811,force_strike:591,skill_1:4309,s1_boost:3263
22432,Nefaria,5*,shadow,bow,5205,[Resounding_Rendition+The_Fires_of_Hate][Shinobi][Agito],<hp100 & hp70 & 0 poison res & 80 blind res>,s2 fs(precharge) s1 s1; 90% poison uptime; 26% blind uptime,attack:2987,force_strike:1508,skill_1:14157,s1_poison:3777
6587,_c_Nefaria,5*,shadow,bow,4627,[Resounding_Rendition+The_Fires_of_Hate][Shinobi][Agito],!<hp100 & hp70 & 0 poison res & 80 blind res>,s2 fs(precharge) s1 s1,attack:1661,force_strike:765,skill_1:4159,s1_poison:0
8224,Nicolas,3*,wind,wand,5954,[Candy_Couriers+Primal_Crisis][AC011_Garland][HDT2],<maintain shield & hit15>,,attack:2782,skill_1:3006,skill_2:1317,skill_3:1116
5994,_c_Nicolas,3*,wind,wand,5954,[Candy_Couriers+Primal_Crisis][AC011_Garland][HDT2],!<maintain shield & hit15>,,attack:2074,skill_1:2163,skill_2:972,skill_3:783
15397,Noelle,4*,wind,wand,5927,[Candy_Couriers+A_Dogs_Day][Ariel][HDT2],<buff all team>,use Freyja & Castle Cheer Corps in 4DPS team,attack:3163,skill_2:1670,skill_3:1747,team_buff:8815
6582,_c_Noelle,4*,wind,wand,5927,[Candy_Couriers+A_Dogs_Day][Ariel][HDT2],!<buff all team>,use Freyja & Castle Cheer Corps in 4DPS team,attack:3163,skill_2:1670,skill_3:1747
7777,Norwin,4*,shadow,bow,6669,[Forest_Bonds+Dear_Diary][Fatalis][Agito],<hp30 every 180s & 80 blind res>,13% blind uptime,attack:2677,skill_1:4791,team_buff:308
6463,_c_Norwin,4*,shadow,bow,6669,[Forest_Bonds+Dear_Diary][Fatalis][Agito],!<hp30 every 180s & 80 blind res>,,attack:2351,skill_1:4111
10968,Odetta,4*,light,sword,6920,[Resounding_Rendition+The_Lurker_in_the_Woods][Cupid][HDT2],<buff all team & hp70 & hp60>,c2+fs,attack:1952,force_strike:2166,skill_1:2766,skill_3:1170,team_buff:2911
7403,_c_Odetta,4*,light,sword,6203,[Resounding_Rendition+The_Lurker_in_the_Woods][Cupid][HDT2],!<buff all team & hp70 & hp60>,c2+fs,attack:1666,force_strike:1849,skill_1:2361,skill_3:1000,team_buff:524
8747,Orion,4*,shadow,dagger,6701,[Twinfold_Bonds+Howling_to_the_Heavens][Fatalis][Agito],<hit15>,,attack:3236,force_strike:444,skill_1:3368,skill_2:1696
6958,_c_Orion,4*,shadow,dagger,6701,[Twinfold_Bonds+Howling_to_the_Heavens][Fatalis][Agito],!<hit15>,,attack:2578,force_strike:348,skill_1:2703,skill_2:1328
7981,Orsem,4*,water,dagger,4467,[Twinfold_Bonds+The_Prince_of_Dragonyule][Siren][HDT2],<hit15 & hp70>,,attack:1541,force_strike:308,skill_1:3332,skill_2:1424,skill_3:1373
5818,_c_Orsem,4*,water,dagger,4467,[Twinfold_Bonds+The_Prince_of_Dragonyule][Siren][HDT2],!<hit15 & hp70>,,attack:1147,force_strike:230,skill_1:2413,skill_2:1031,skill_3:994
6637,Philia,3*,wind,bow,5780,[Forest_Bonds+Dear_Diary][AC011_Garland][HDT2],<maintain shield & hp100 & hp30 every 180s & 0 paralysis res>,42% paralysis uptime,attack:2238,skill_1:2122,skill_2:1057,s2_paralysis:161,skill_3:1057
4812,_c_Philia,3*,wind,bow,5419,[Forest_Bonds+Dear_Diary][AC011_Garland][HDT2],!<maintain shield & hp100 & hp30 every 180s & 0 paralysis res>,,attack:1679,skill_1:1572,skill_2:800,s2_paralysis:0,skill_3:758
5691,Pia,4*,wind,lance,5870,[Resounding_Rendition+Beautiful_Nothingness][AC011_Garland][HDT2],<maintain shield & hp70>,,attack:2069,force_strike:224,skill_1:2271,skill_3:877,team_energy:248
4507,_c_Pia,4*,wind,lance,5503,[Resounding_Rendition+Beautiful_Nothingness][AC011_Garland][HDT2],!<maintain shield & hp70>,,attack:1624,force_strike:179,skill_1:1796,skill_3:657,team_energy:248
5776,Pietro,3*,water,axe,4442,[Kung_Fu_Masters+Flower_in_the_Fray][Siren][HDT2],<>,,attack:1910,force_strike:249,skill_1:2967,skill_3:647
7731,Raemond,3*,light,sword,6307,[The_Shining_Overlord+Beautiful_Nothingness][Cupid][HDT2],<hit10 & hp70>,,attack:1980,force_strike:911,skill_1:2609,skill_2:1167,skill_3:1061
6752,_c_Raemond,3*,light,sword,5936,[The_Shining_Overlord+Beautiful_Nothingness][Cupid][HDT2],!<hit10 & hp70>,,attack:1736,force_strike:798,skill_1:2274,skill_2:1017,skill_3:924
11974,Ramona,5*,flame,axe,5155,[Kung_Fu_Masters+Valiant_Crown][Konohana_Sakuya][Agito],<hp60>,,attack:2062,skill_1:9911
11450,_c_Ramona,5*,flame,axe,4863,[Kung_Fu_Masters+Valiant_Crown][Konohana_Sakuya][Agito],!<hp60>,,attack:1965,skill_1:9484
7239,Ranzal,4*,wind,axe,6053,[Kung_Fu_Masters+Jewels_of_the_Sun][AC011_Garland][HDT2],<maintain shield & hp60 & hp70>,do not use fs,attack:2973,skill_1:3098,skill_3:1166
5721,_c_Ranzal,4*,wind,axe,5509,[Kung_Fu_Masters+Jewels_of_the_Sun][AC011_Garland][HDT2],!<maintain shield & hp60 & hp70>,do not use fs,attack:2387,skill_1:2439,skill_3:894
6037,Rawn,4*,light,bow,5460,[Forest_Bonds+Dear_Diary][Daikokuten][HDT2],<hit15 & hp30 every 180s>,,attack:1644,force_strike:396,skill_1:1984,skill_2:1133,skill_3:879
4740,_c_Rawn,4*,light,bow,5460,[Forest_Bonds+Dear_Diary][Daikokuten][HDT2],!<hit15 & hp30 every 180s>,,attack:1301,force_strike:310,skill_1:1553,skill_2:887,skill_3:688
13760,Rena,5*,flame,blade,5256,[Resounding_Rendition+Elegant_Escort][Konohana_Sakuya][Agito],<hp70 & 0 burn res>,85% burn uptime,attack:2723,force_strike:327,skill_1:8530,s1_burn:2178
7248,_c_Rena,5*,flame,blade,5256,[Resounding_Rendition+Elegant_Escort][Konohana_Sakuya][Agito],!<hp70 & 0 burn res>,,attack:2036,force_strike:240,skill_1:4971,s1_burn:0
7222,Renee,4*,water,dagger,4419,[Twinfold_Bonds+The_Prince_of_Dragonyule][Siren][HDT2],<hit15 & 100 bog res>,,attack:1696,force_strike:170,skill_1:3245,skill_2:887,skill_3:1222
5940,_c_Renee,4*,water,dagger,4419,[Twinfold_Bonds+The_Prince_of_Dragonyule][Siren][HDT2],!<hit15 & 100 bog res>,,attack:1411,force_strike:143,skill_1:2675,skill_2:719,skill_3:990
12718,Renelle,3*,flame,dagger,6147,[Twinfold_Bonds+Elegant_Escort][Dreadking_Rathalos][Agito],<hit15 & 0 burn res>,87% burn uptime,attack:2544,force_strike:3158,skill_1:3895,s1_burn:934,skill_2:1650,s2_burn:430,team_buff:104
7609,_c_Renelle,3*,flame,dagger,6147,[Twinfold_Bonds+Elegant_Escort][Dreadking_Rathalos][Agito],!<hit15 & 0 burn res>,,attack:1705,force_strike:2121,skill_1:2612,s1_burn:0,skill_2:1063,s2_burn:0,team_buff:104
7112,Rex,3*,water,axe,5186,[Kung_Fu_Masters+Crystalian_Envoy][Siren][HDT2],<hp60 & hp70>,,attack:2120,force_strike:231,skill_1:3015,skill_2:1086,skill_3:657
6230,_c_Rex,3*,water,axe,4543,[Kung_Fu_Masters+Crystalian_Envoy][Siren][HDT2],!<hp60 & hp70>,,attack:1857,force_strike:202,skill_1:2641,skill_2:951,skill_3:576
10809,Rodrigo,3*,shadow,sword,7666,[The_Shining_Overlord+Beautiful_Nothingness][Fatalis][Agito],<hp70 & hp60>,,attack:3397,force_strike:1347,skill_1:4410,skill_2:1654
9540,_c_Rodrigo,3*,shadow,sword,6766,[The_Shining_Overlord+Beautiful_Nothingness][Fatalis][Agito],!<hp70 & hp60>,,attack:2998,force_strike:1189,skill_1:3892,skill_2:1460
4996,Ryozen,4*,light,lance,6722,[Resounding_Rendition+Beautiful_Nothingness][Cupid][HDT2],<hp60 & hp70>,,attack:2041,force_strike:376,skill_2:1415,skill_3:1163
4252,_c_Ryozen,4*,light,lance,6025,[Resounding_Rendition+Beautiful_Nothingness][Cupid][HDT2],!<hp60 & hp70>,,attack:1736,force_strike:320,skill_2:1204,skill_3:990
9679,Summer_Celliera,5*,water,sword,4942,[Valiant_Crown+Jewels_of_the_Sun][Siren][HDT2],<hp70 & 100 bog res>,,attack:1407,force_strike:1028,skill_1:4242,skill_2:1206,skill_3:1359,team_buff:433
8967,_c_Summer_Celliera,5*,water,sword,4562,[Valiant_Crown+Jewels_of_the_Sun][Siren][HDT2],!<hp70 & 100 bog res>,,attack:1299,force_strike:949,skill_1:3915,skill_2:1113,skill_3:1255,team_buff:433
8873,Summer_Estelle,4*,water,wand,4561,[Candy_Couriers+Primal_Crisis][Siren][HDT2],<buff all team & hit15>,,attack:2227,skill_1:3628,skill_3:1438,team_buff:1578
6231,_c_Summer_Estelle,4*,water,wand,4561,[Candy_Couriers+Primal_Crisis][Siren][HDT2],!<buff all team & hit15>,,attack:1815,skill_1:2909,skill_3:1153,team_buff:352
9138,Summer_Julietta,5*,water,axe,5286,[Kung_Fu_Masters+Jewels_of_the_Sun][Siren][HDT2],<buff all team & hp60 & hp70 & 100 bog res>,,attack:2341,skill_1:3773,skill_3:1588,team_buff:1435
6747,_c_Summer_Julietta,5*,water,axe,4603,[Kung_Fu_Masters+Jewels_of_the_Sun][Siren][HDT2],!<buff all team & hp60 & hp70 & 100 bog res>,,attack:2047,skill_1:3305,skill_3:1393
11656,Student_Maribelle,5*,flame,wand,5181,[Candy_Couriers+Primal_Crisis][Konohana_Sakuya][Agito],<hp100 & hit15>,,attack:2581,skill_1:5951,skill_2:2684,team_buff:438
8440,_c_Student_Maribelle,5*,flame,wand,5181,[Candy_Couriers+Primal_Crisis][Konohana_Sakuya][Agito],!<hp100 & hit15>,,attack:2103,skill_1:4064,skill_2:1833,team_buff:438
6389,Summer_Ranzal,4*,water,blade,7384,[Resounding_Rendition+FirstRate_Hospitality][Siren][HDT2],<buff all team & last offense & hp70 & 100 bog res>,,attack:2049,skill_1:3082,skill_3:757,team_buff:499
4862,_c_Summer_Ranzal,4*,water,blade,4944,[Resounding_Rendition+FirstRate_Hospitality][Siren][HDT2],!<buff all team & last offense & hp70 & 100 bog res>,,attack:1632,skill_1:2555,skill_3:673
11259,Serena,4*,flame,sword,5883,[Mega_Friends+Primal_Crisis][Dreadking_Rathalos][Agito],<always connect hits & hit10 & hit15>,,attack:2246,force_strike:3328,skill_1:3967,skill_2:1716
8236,_c_Serena,4*,flame,sword,5883,[Mega_Friends+Primal_Crisis][Dreadking_Rathalos][Agito],!<always connect hits & hit10 & hit15>,,attack:1654,force_strike:2448,skill_1:2890,skill_2:1243
10679,Su_Fang,4*,wind,dagger,5545,[Twinfold_Bonds+The_Plaguebringer][AC011_Garland][HDT2],<maintain shield & hit15>,51% poison uptime,attack:3063,force_strike:609,fs_poison:246,skill_1:5013,skill_3:1745
8424,_c_Su_Fang,4*,wind,dagger,5545,[Twinfold_Bonds+The_Plaguebringer][AC011_Garland][HDT2],!<maintain shield & hit15>,51% poison uptime,attack:2455,force_strike:493,fs_poison:189,skill_1:3942,skill_3:1342
10887,Sylas,5*,wind,lance,5541,[Resounding_Rendition+The_Fires_of_Hate][Vayu][HDT2],<hp70 & hp100 & 0 poison res>,not consider skill haste for team; 89% poison uptime,attack:2412,force_strike:185,skill_1:4039,s1_poison:1278,skill_3:2623,team_buff:346
5564,_c_Sylas,5*,wind,lance,4492,[Resounding_Rendition+The_Fires_of_Hate][Vayu][HDT2],!<hp70 & hp100 & 0 poison res>,not consider skill haste for team,attack:1365,force_strike:112,skill_1:2397,s1_poison:0,skill_3:1341,team_buff:346
8302,Taro,3*,shadow,blade,8188,[Resounding_Rendition+Beautiful_Nothingness][Fatalis][Agito],<hp70>,,attack:3514,skill_1:3456,skill_2:1331
7467,_c_Taro,3*,shadow,blade,7757,[Resounding_Rendition+Beautiful_Nothingness][Fatalis][Agito],!<hp70>,,attack:3160,skill_1:3108,skill_2:1197
8566,Valentines_Ezelith,4*,flame,bow,6025,[Elegant_Escort+Dear_Diary][Dreadking_Rathalos][Agito],<hp30 every 180s & 0 burn res & always connect hits>,75% burn uptime,attack:1197,force_strike:3035,skill_1:2259,s1_burn:638,skill_2:772,team_buff:663
5907,_c_Valentines_Ezelith,4*,flame,bow,6025,[Elegant_Escort+Dear_Diary][Dreadking_Rathalos][Agito],!<hp30 every 180s & 0 burn res & always connect hits>,,attack:903,force_strike:2261,skill_1:1530,s1_burn:0,skill_2:548,team_buff:663
11537,Valentines_Orion,3*,flame,sword,5959,[Mega_Friends+Elegant_Escort][Dreadking_Rathalos][Agito],<0 burn res>,89% burn uptime,attack:2719,force_strike:4033,skill_1:3735,s1_burn:1048
7473,_c_Valentines_Orion,3*,flame,sword,5959,[Mega_Friends+Elegant_Escort][Dreadking_Rathalos][Agito],!<0 burn res>,,attack:1923,force_strike:2854,skill_1:2694,s1_burn:0
9980,Vanessa,4*,flame,axe,8418,[Kung_Fu_Masters+Mega_Friends][Dreadking_Rathalos][Agito],<last offense & hp60>,,attack:3031,force_strike:1889,skill_1:3571,skill_2:1137,team_buff:349
9173,_c_Vanessa,4*,flame,axe,6235,[Kung_Fu_Masters+Mega_Friends][Dreadking_Rathalos][Agito],!<last offense & hp60>,,attack:2722,force_strike:1734,skill_1:3275,skill_2:1091,team_buff:349
10957,Veronica,5*,shadow,wand,15905,[Candy_Couriers+Primal_Crisis][Shinobi][Agito],<hit15 & hp=80%>,,attack:2271,force_strike:366,skill_1:5208,skill_2:2355,team_buff:756
8970,_c_Veronica,5*,shadow,wand,15905,[Candy_Couriers+Primal_Crisis][Shinobi][Agito],!<hit15 & hp=80%>,,attack:1839,force_strike:293,skill_1:4092,skill_2:1987,team_buff:756
26031,Vice,3*,shadow,dagger,4866,[Twinfold_Bonds+The_Plaguebringer][Shinobi][Agito],<hit15 & 0 poison res>,69% poison uptime,attack:2997,force_strike:213,fs_poison:265,skill_1:15409,skill_2:7145
14433,_c_Vice,3*,shadow,dagger,4866,[Twinfold_Bonds+The_Plaguebringer][Shinobi][Agito],!<hit15 & 0 poison res>,,attack:2280,force_strike:167,fs_poison:0,skill_1:8150,skill_2:3835
8288,Vida,3*,shadow,dagger,6674,[Twinfold_Bonds+Howling_to_the_Heavens][Fatalis][Agito],<hit15>,,attack:3634,force_strike:660,skill_1:3993
7012,_c_Vida,3*,shadow,dagger,6674,[Twinfold_Bonds+Howling_to_the_Heavens][Fatalis][Agito],!<hit15>,,attack:3088,force_strike:564,skill_1:3359
8266,Wedding_Aoi,5*,wind,dagger,5337,[Twinfold_Bonds+Levins_Champion][AC011_Garland][HDT2],<big hitbox & maintain shield & hit15 & hp70 & 80 sleep res>,,attack:2098,force_strike:222,skill_1:2771,s1_hit1:459,s1_hit2:469,s1_hit3:469,s1_hit4:469,skill_3:896,team_buff:409
4615,_c_Wedding_Aoi,5*,wind,dagger,5337,[Twinfold_Bonds+Levins_Champion][AC011_Garland][HDT2],!<big hitbox & maintain shield & hit15 & hp70 & 80 sleep res>,,attack:1557,force_strike:169,skill_1:1908,s1_hit1:342,skill_3:636
10847,Wedding_Elisanne,5*,wind,sword,6071,[The_Shining_Overlord+Jewels_of_the_Sun][AC011_Garland][HDT2],<maintain shield & hp60 & hp70 & s2 defdown for 10s>,2in1,attack:1897,force_strike:1073,skill_1:3722,skill_2:1312,skill_3:1087,team_buff:1753
6478,_c_Wedding_Elisanne,5*,wind,sword,5370,[The_Shining_Overlord+Jewels_of_the_Sun][AC011_Garland][HDT2],!<maintain shield & hp60 & hp70 & s2 defdown for 10s>,2in1,attack:1302,force_strike:830,skill_1:2516,skill_2:1018,skill_3:810
5235,Waike,3*,water,bow,4341,[Forest_Bonds+Dear_Diary][Siren][HDT2],<hp30 every 180s & 100 bog res>,,attack:1087,force_strike:598,skill_1:2279,skill_2:773,skill_3:495
4759,_c_Waike,3*,water,bow,4341,[Forest_Bonds+Dear_Diary][Siren][HDT2],!<hp30 every 180s & 100 bog res>,,attack:988,force_strike:543,skill_1:2072,skill_2:703,skill_3:450
11201,Xainfried,5*,water,lance,4803,[Heralds_of_Hinomoto+His_Clever_Brother][Siren][HDT2],<0 frostbite res>,92% frostbite uptime,attack:1713,force_strike:190,skill_1:5658,s1_frostbite:1375,skill_2:935,team_buff:1327
7395,_c_Xainfried,5*,water,lance,4803,[Heralds_of_Hinomoto+His_Clever_Brother][Siren][HDT2],!<0 frostbite res>,,attack:1454,force_strike:163,skill_1:3669,s1_frostbite:0,skill_2:779,team_buff:1327
9447,Xander,5*,water,sword,4995,[The_Shining_Overlord+Jewels_of_the_Sun][Siren][HDT2],<hit10 & hp70>,c2+fs,attack:1185,force_strike:1299,skill_1:4153,s1_boost:0,skill_2:1872,skill_3:936
7739,_c_Xander,5*,water,sword,4611,[The_Shining_Overlord+Jewels_of_the_Sun][Siren][HDT2],!<hit10 & hp70>,c2+fs,attack:978,force_strike:1072,skill_1:3392,s1_boost:0,skill_2:1529,skill_3:764
13394,Xania,3*,flame,wand,6417,[Candy_Couriers+Primal_Crisis][Apollo][Agito],<hit15 & 0 burn res>,82% burn uptime,attack:4531,skill_1:4898,s1_burn:978,skill_2:2486,s2_burn:499
8503,_c_Xania,3*,flame,wand,6417,[Candy_Couriers+Primal_Crisis][Apollo][Agito],!<hit15 & 0 burn res>,,attack:3253,skill_1:3499,s1_burn:0,skill_2:1749,s2_burn:0
9409,Xiao_Lei,3*,light,wand,6049,[Candy_Couriers+Primal_Crisis][Daikokuten][HDT2],<hit15>,,attack:3190,skill_1:3694,skill_3:1579,team_buff:944
7032,_c_Xiao_Lei,3*,light,wand,6049,[Candy_Couriers+Primal_Crisis][Daikokuten][HDT2],!<hit15>,,attack:2334,skill_1:2639,skill_3:1113,team_buff:944
8831,Xuan_Zang,4*,flame,lance,6744,[Resounding_Rendition+Jewels_of_the_Sun][Dreadking_Rathalos][Agito],<hp70 & hp60>,,attack:2554,force_strike:1400,skill_1:3196,s1_boost:505,team_buff:1174
7468,_c_Xuan_Zang,4*,flame,lance,6034,[Resounding_Rendition+Jewels_of_the_Sun][Dreadking_Rathalos][Agito],!<hp70 & hp60>,,attack:2098,force_strike:1150,skill_1:2628,s1_boost:415,team_buff:1174
10617,Yachiyo,4*,light,blade,6853,[Mega_Friends+Spirit_of_the_Season][Corsaint_Phoenix][HDT2],<hp100 & 0 paralysis res>,82% paralysis uptime,attack:3629,force_strike:124,fs_boost:935,skill_1:3804,s1_paralysis:543,skill_3:1579
5414,_c_Yachiyo,4*,light,blade,6230,[Mega_Friends+Spirit_of_the_Season][Corsaint_Phoenix][HDT2],!<hp100 & 0 paralysis res>,,attack:2036,force_strike:66,fs_boost:497,skill_1:1994,s1_paralysis:0,skill_3:819
12480,Yaten,5*,shadow,sword,7673,[The_Shining_Overlord+Jewels_of_the_Sun][Fatalis][Agito],<hp60 & hp70>,,attack:3408,force_strike:1471,skill_1:5380,s1_boost:1218,team_energy:999
11368,_c_Yaten,5*,shadow,sword,6858,[The_Shining_Overlord+Jewels_of_the_Sun][Fatalis][Agito],!<hp60 & hp70>,,attack:3075,force_strike:1327,skill_1:4859,s1_boost:1105,team_energy:999
7799,Yue,4*,flame,axe,5694,[Kung_Fu_Masters+Flower_in_the_Fray][Arctos][Agito],<>,,attack:3533,force_strike:423,skill_1:3841
8411,Yuya,4*,flame,dagger,7022,[Twinfold_Bonds+The_Lurker_in_the_Woods][Dreadking_Rathalos][Agito],<hit15 & hp60>,,attack:2059,force_strike:4061,skill_1:2290
5995,_c_Yuya,4*,flame,dagger,5417,[Twinfold_Bonds+The_Lurker_in_the_Woods][Dreadking_Rathalos][Agito],!<hit15 & hp60>,,attack:1470,force_strike:2896,skill_1:1627
8106,Zace,3*,shadow,lance,7242,[Resounding_Rendition+Beautiful_Nothingness][Fatalis][Agito],<hp70>,,attack:2711,force_strike:299,skill_1:3515,skill_2:1578
7290,_c_Zace,3*,shadow,lance,6861,[Resounding_Rendition+Beautiful_Nothingness][Fatalis][Agito],!<hp70>,,attack:2438,force_strike:269,skill_1:3161,skill_2:1419
8774,Zardin,3*,water,sword,5370,[The_Shining_Overlord+Jewels_of_the_Sun][Siren][HDT2],<hp100 & hp60 & hp70>,,attack:1594,force_strike:725,skill_1:3659,skill_2:1464,skill_3:1330
7302,_c_Zardin,3*,water,sword,4468,[The_Shining_Overlord+Jewels_of_the_Sun][Siren][HDT2],!<hp100 & hp60 & hp70>,,attack:1326,force_strike:603,skill_1:3044,skill_2:1218,skill_3:1107
11367,Chitose,4*,light,wand,5758,[Jewels_of_the_Sun+A_Game_of_Cat_and_Boar][Daikokuten][HDT2],<buff all team & hit15 & hp70>,,attack:3415,skill_3:1035,team_buff:6916
3609,_c_Chitose,4*,light,wand,5386,[Jewels_of_the_Sun+A_Game_of_Cat_and_Boar][Daikokuten][HDT2],!<buff all team & hit15 & hp70>,,attack:2775,skill_3:833
8070,Hanabusa,4*,light,blade,7066,[Resounding_Rendition+Jewels_of_the_Sun][Cupid][HDT2],<hp70>,,attack:2803,skill_1:3076,skill_3:1146,team_buff:1043
7311,_c_Hanabusa,4*,light,blade,6651,[Resounding_Rendition+Jewels_of_the_Sun][Cupid][HDT2],!<hp70>,,attack:2500,skill_1:2743,skill_3:1022,team_buff:1043
15502,Mitsuhide,5*,light,dagger,5896,[Twinfold_Bonds+Spirit_of_the_Season][Daikokuten][HDT2],<hit15 & hp100 & 0 paralysis res>,89% paralysis uptime,attack:3525,force_strike:936,skill_1:3854,s1_paralysis:1278,skill_2:3749,skill_3:2156
6845,_c_Mitsuhide,5*,light,dagger,5711,[Twinfold_Bonds+Spirit_of_the_Season][Daikokuten][HDT2],!<hit15 & hp100 & 0 paralysis res>,,attack:1774,force_strike:471,skill_1:1818,s1_paralysis:0,skill_2:1761,skill_3:1018
15870,Nobunaga,5*,flame,blade,5371,[Resounding_Rendition+Primal_Crisis][Konohana_Sakuya][Agito],<hit15 & hp70>,use s2 instead of fs to dispel when possible,attack:3207,force_strike:279,skill_1:4335,s1_boost:5664,skill_2:1832,s2_boost:549
10881,_c_Nobunaga,5*,flame,blade,5371,[Resounding_Rendition+Primal_Crisis][Konohana_Sakuya][Agito],!<hit15 & hp70>,use s2 instead of fs to dispel when possible,attack:2269,force_strike:196,skill_1:2946,s1_boost:3849,skill_2:1245,s2_boost:373
10306,Kirsty,5*,wind,lance,6030,[Resounding_Rendition+Beautiful_Nothingness][AC011_Garland][HDT2],<maintain shield & hp60 & hp70 & maintain Dauntless Strength>,no poison,attack:3450,skill_1:4522,skill_3:1333,team_buff:999
6267,_c_Kirsty,5*,wind,lance,5653,[Resounding_Rendition+Beautiful_Nothingness][AC011_Garland][HDT2],!<maintain shield & hp60 & hp70 & maintain Dauntless Strength>,no poison,attack:2002,skill_1:2585,skill_3:679,team_buff:999
13282,Joachim,4*,wind,bow,5262,[Dear_Diary+The_Fires_of_Hate][Vayu][HDT2],<hp70 & hp30 every 180s & hp100 & 0 poison res>,88% poison uptime,attack:2491,skill_1:5422,s1_poison:2602,skill_3:1766,team_buff:999
5079,_c_Joachim,4*,wind,bow,4354,[Dear_Diary+The_Fires_of_Hate][Vayu][HDT2],!<hp70 & hp30 every 180s & hp100 & 0 poison res>,,attack:1413,skill_1:1705,s1_poison:0,skill_3:960,team_buff:999
15849,Ieyasu,5*,shadow,blade,5930,[Resounding_Rendition+Jewels_of_the_Sun][Shinobi][Agito],<hp70>,,attack:3053,skill_1:7083,s1_bleed:5711
12270,_c_Ieyasu,5*,shadow,blade,5474,[Resounding_Rendition+Jewels_of_the_Sun][Shinobi][Agito],!<hp70>,,attack:2362,skill_1:5495,s1_bleed:4412
8155,Sinoa,4*,flame,wand,6846,[Candy_Couriers+Primal_Crisis][Dreadking_Rathalos][Agito],<hp100 & hit15>,,attack:3312,force_strike:761,skill_2:1962,team_buff:2118
6815,_c_Sinoa,4*,flame,wand,6316,[Candy_Couriers+Primal_Crisis][Dreadking_Rathalos][Agito],!<hp100 & hit15>,,attack:2589,force_strike:588,skill_2:1517,team_buff:2118
17638,Patia,4*,shadow,lance,7659,[Resounding_Rendition+Brothers_in_Arms][Fatalis][Agito],<hp60 & hp70>,,attack:5788,skill_2:2896,s2_bleed:4289,team_buff:4664
16569,_c_Patia,4*,shadow,lance,7294,[Resounding_Rendition+Brothers_in_Arms][Fatalis][Agito],!<hp60 & hp70>,,attack:5305,skill_2:2659,s2_bleed:3939,team_buff:4664
16325,Heinwald,5*,shadow,staff,7168,[Resounding_Rendition+Beautiful_Nothingness][Fatalis][Agito],<buff all teammates & hp70>,,attack:4539,skill_1:8190,team_buff:3594
9716,_c_Heinwald,5*,shadow,staff,6791,[Resounding_Rendition+Beautiful_Nothingness][Fatalis][Agito],!<buff all teammates & hp70>,,attack:4082,skill_1:5633
12960,Gala_Luca,5*,light,blade,6484,[The_Wyrmclan_Duo+Primal_Crisis][Daikokuten][HDT2],<hit15 & hp70>,,attack:3871,skill_1:7152,skill_3:1935
7695,_c_Gala_Luca,5*,light,blade,6484,[The_Wyrmclan_Duo+Primal_Crisis][Daikokuten][HDT2],!<hit15 & hp70>,,attack:2391,skill_1:4221,skill_3:1081
4867,Aurien,3*,flame,staff,6153,[Resounding_Rendition+Beautiful_Nothingness][Apollo][Agito],<hp70 & 0 burn res>,no s1; 39% burn uptime,attack:3816,skill_2:741,s2_burn:309
3590,_c_Aurien,3*,flame,staff,5769,[Resounding_Rendition+Beautiful_Nothingness][Apollo][Agito],!<hp70 & 0 burn res>,no s1,attack:3085,skill_2:504,s2_burn:0
12990,Hunter_Berserker,5*,flame,sword,6311,[Resounding_Rendition+The_Lurker_in_the_Woods][Dreadking_Rathalos][Agito],<hp70>,,attack:0,force_strike:9281,skill_1:2896,team_buff:811
12417,_c_Hunter_Berserker,5*,flame,sword,6311,[Resounding_Rendition+The_Lurker_in_the_Woods][Dreadking_Rathalos][Agito],!<hp70>,,attack:0,force_strike:8845,skill_1:2760,team_buff:811
12280,Hunter_Vanessa,5*,light,lance,5835,[Resounding_Rendition+The_Chocolatiers][Corsaint_Phoenix][HDT2],<hp70 & 0 paralysis res>,95% paralysis uptime,attack:3097,force_strike:1641,skill_1:4007,s1_paralysis:1209,skill_3:1317,team_buff:1006
8499,_c_Hunter_Vanessa,5*,light,lance,5835,[Resounding_Rendition+The_Chocolatiers][Corsaint_Phoenix][HDT2],!<hp70 & 0 paralysis res>,,attack:2225,force_strike:1249,skill_1:3077,s1_paralysis:0,skill_3:940,team_buff:1006
13815,Hunter_Sarisse,5*,water,bow,5566,[The_Lurker_in_the_Woods+Dear_Diary][Dragonyule_Jeanne][HDT2],<lance+ distance from HBH sized enemy & hp30 every 180s & always connect hits>,fs hit count vary on distance and enemy size,attack:0,force_strike:8723,fs_extra_1:2616,skill_1:2475
10007,_c_Hunter_Sarisse,5*,water,bow,5566,[The_Lurker_in_the_Woods+Dear_Diary][Dragonyule_Jeanne][HDT2],!<lance+ distance from HBH sized enemy & hp30 every 180s & always connect hits>,fs hit count vary on distance and enemy size,attack:0,force_strike:7930,skill_1:2077
13960,Valentines_Melody,5*,wind,axe,6185,[Kung_Fu_Masters+The_Fires_of_Hate][Ariel][HDT2],<hp100 & s1 defdown for 10s & 0 poison res>,c4fsf c5 c4 s1; 75% poison uptime,attack:4290,skill_1:2553,skill_2:1279,s2_poison:402,skill_3:1949,team_buff:3485
5496,_c_Valentines_Melody,5*,wind,axe,5623,[Kung_Fu_Masters+The_Fires_of_Hate][Ariel][HDT2],!<hp100 & s1 defdown for 10s & 0 poison res>,c4fsf c5 c4 s1,attack:2607,skill_1:1579,skill_2:1309,s2_poison:0
18020,Valentines_Addis,5*,shadow,bow,4462,[The_Plaguebringer+Primal_Crisis][Shinobi][Agito],<hit15 & 0 poison res & hp=20%>,use s2 once; 89% poison uptime,attack:3830,skill_1:11184,s1_poison:3004
5681,_c_Valentines_Addis,5*,shadow,bow,4462,[The_Plaguebringer+Primal_Crisis][Shinobi][Agito],!<hit15 & 0 poison res & hp=20%>,use s2 once,attack:2093,skill_1:3587,s1_poison:0
9333,Pipple,4*,water,wand,5309,[Primal_Crisis+The_Prince_of_Dragonyule][Dragonyule_Jeanne][HDT2],<hit15>,,attack:8836,team_energy:496
7713,_c_Pipple,4*,water,wand,5309,[Primal_Crisis+The_Prince_of_Dragonyule][Dragonyule_Jeanne][HDT2],!<hit15>,,attack:7217,team_energy:496
6702,Summer_Luca,4*,light,axe,6672,[Kung_Fu_Masters+Flower_in_the_Fray][Cupid][HDT2],<hp70>,,attack:2886,force_strike:306,skill_1:2928,skill_3:580
6308,_c_Summer_Luca,4*,light,axe,6280,[Kung_Fu_Masters+Flower_in_the_Fray][Cupid][HDT2],!<hp70>,,attack:2717,force_strike:288,skill_1:2755,skill_3:546
15249,Natalie,5*,shadow,blade,7884,[Tough_Love+The_Chocolatiers][Shinobi][Agito],<last offense & hp=20%>,,attack:3666,skill_1:11582
9703,_c_Natalie,5*,shadow,blade,5256,[Tough_Love+The_Chocolatiers][Shinobi][Agito],!<last offense & hp=20%>,,attack:3317,skill_1:6385
14142,Mitsuba,5*,water,dagger,4436,[Twinfold_Bonds+His_Clever_Brother][Siren][HDT2],<hit15 & 0 frostbite res>,74% frostbite uptime,attack:1350,skill_1:11494,s1_frostbite:429,team_buff:274,team_inspiration:594
6514,_c_Mitsuba,5*,water,dagger,4436,[Twinfold_Bonds+His_Clever_Brother][Siren][HDT2],!<hit15 & 0 frostbite res>,,attack:961,skill_1:4684,s1_frostbite:0,team_buff:274,team_inspiration:594
17850,Tobias,5*,wind,blade,5749,[Primal_Crisis+A_Dogs_Day][Ariel][HDT2],<buff all team & hit15>,,attack:4872,team_buff:12977
4086,_c_Tobias,5*,wind,blade,5749,[Primal_Crisis+A_Dogs_Day][Ariel][HDT2],!<buff all team & hit15>,,attack:4086
6298,Templar_Hope,4*,wind,sword,5750,[Resounding_Rendition+Brothers_in_Arms][AC011_Garland][HDT2],<maintain shield & hp60 & hp70>,,attack:2059,force_strike:1338,skill_2:1726,skill_3:1173
4974,_c_Templar_Hope,4*,wind,sword,5476,[Resounding_Rendition+Brothers_in_Arms][AC011_Garland][HDT2],!<maintain shield & hp60 & hp70>,,attack:1624,force_strike:1058,skill_2:1351,skill_3:939
36492,Gala_Alex,5*,shadow,sword,5161,[The_Shining_Overlord+The_Fires_of_Hate][Shinobi][Agito],<hp100 & 0 poison res>,no bk bonus in sim; s2 c4fs [s1 c4fs]*5 & use s1/s2 only when charge>=2; 92% poison uptime,attack:4468,force_strike:1328,skill_1:26219,skill_2:2758,s2_poison:1027,team_buff:690
13629,_c_Gala_Alex,5*,shadow,sword,4587,[The_Shining_Overlord+The_Fires_of_Hate][Shinobi][Agito],!<hp100 & 0 poison res>,no bk bonus in sim; s2 c4fs [s1 c4fs]*5 & use s1/s2 only when charge>=2,attack:1851,force_strike:554,skill_2:11223,s2_poison:0
19057,Aldred,4*,shadow,blade,9103,[Tough_Love+The_Chocolatiers][Shinobi][Agito],<last offense & hp=30% & hp=24% & hp=18% & hp=6% & hp=1>,maintain dragondrive,attack:2828,skill_1:16152,dx:76
11263,_c_Aldred,4*,shadow,blade,6069,[Tough_Love+The_Chocolatiers][Shinobi][Agito],!<last offense & hp=30% & hp=24% & hp=18% & hp=6% & hp=1>,maintain dragondrive,attack:2582,skill_1:8629,dx:51
27283,Bellina,5*,shadow,dagger,7574,[Twinfold_Bonds+Howling_to_the_Heavens][Fatalis][Agito],<hit15 & hp=30%>,,attack:11350,force_strike:395,skill_1:13476,skill_2:1978,dx:81
17259,_c_Bellina,5*,shadow,dagger,7574,[Twinfold_Bonds+Howling_to_the_Heavens][Fatalis][Agito],!<hit15 & hp=30%>,,attack:6825,force_strike:342,skill_1:9175,skill_2:846,dx:69
9489,Gauld,4*,water,lance,5011,[Resounding_Rendition+His_Clever_Brother][Siren][HDT2],<hp70 & 0 frostbite res>,90% frostbite uptime,attack:1840,force_strike:194,skill_1:3244,s1_frostbite:2580,skill_3:1628
3726,_c_Gauld,4*,water,lance,4626,[Resounding_Rendition+His_Clever_Brother][Siren][HDT2],!<hp70 & 0 frostbite res>,,attack:1113,force_strike:120,skill_1:1556,s1_frostbite:0,skill_3:936
11666,Lazry,5*,water,axe,5517,[Heralds_of_Hinomoto+His_Clever_Brother][Gaibhne_and_Creidhne][HDT2],<hp70 & 0 frostbite res>,87% frostbite uptime,attack:3052,force_strike:432,skill_1:5456,s1_frostbite:705,s2_high:890,team_buff:1129
6316,_c_Lazry,5*,water,axe,5517,[Heralds_of_Hinomoto+His_Clever_Brother][Gaibhne_and_Creidhne][HDT2],!<hp70 & 0 frostbite res>,,attack:1963,force_strike:279,skill_1:2529,s1_frostbite:0,s2_high:413,team_buff:1129
11369,Victor,5*,wind,blade,6029,[Resounding_Rendition+Beautiful_Nothingness][Vayu][HDT2],<hp70>,,attack:2133,skill_1:3986,s1_bleed:3241,skill_2:1338,skill_3:669
9485,_c_Victor,5*,wind,blade,5059,[Resounding_Rendition+Beautiful_Nothingness][Vayu][HDT2],!<hp70>,,attack:1699,skill_1:3175,s1_bleed:3009,skill_2:1066,skill_3:533
9781,Summer_Cleo,5*,light,bow,5322,[Forest_Bonds+Dear_Diary][Corsaint_Phoenix][HDT2],<buff all team & hp30 every 180s & 0 paralysis res>,nofs; 86% paralysis uptime,attack:2531,s1_big_missile:2132,s1_boost:807,s1_missile:1256,s1_paralysis:917,skill_3:1304,team_buff:831
4372,_c_Summer_Cleo,5*,light,bow,5322,[Forest_Bonds+Dear_Diary][Corsaint_Phoenix][HDT2],!<buff all team & hp30 every 180s & 0 paralysis res>,nofs,attack:1671,s1_big_missile:1073,s1_boost:195,s1_missile:644,s1_paralysis:0,skill_3:786
10061,Addis,4*,wind,blade,6991,[Resounding_Rendition+Beautiful_Nothingness][AC011_Garland][HDT2],<maintain shield & hp70 & 0 poison res>,s2 c2 s1 c5fsf c4fs s1; hold s2s1 until bleed under 3; 24% poison uptime,attack:3342,force_strike:92,skill_1:3627,s1_bleed:2292,s1_poison:125,skill_3:579
8138,_c_Addis,4*,wind,blade,6554,[Resounding_Rendition+Beautiful_Nothingness][AC011_Garland][HDT2],!<maintain shield & hp70 & 0 poison res>,s2 c2 s1 c5fsf c4fs s1; hold s2s1 until bleed under 3,attack:2600,force_strike:69,skill_1:2771,s1_bleed:2263,s1_poison:0,skill_3:433
14049,Ezelith,5*,flame,dagger,6131,[Twinfold_Bonds+Levins_Champion][Arctos][Agito],<hit15 & hp70>,,attack:5472,force_strike:622,skill_1:7551,team_buff:401
12160,_c_Ezelith,5*,flame,dagger,6131,[Twinfold_Bonds+Levins_Champion][Arctos][Agito],!<hit15 & hp70>,,attack:4810,force_strike:559,skill_1:6519,team_buff:271
10164,Sazanka,4*,shadow,axe,5128,[Kung_Fu_Masters+Crystalian_Envoy][Shinobi][Agito],<hp70 & 80 sleep res>,,attack:2687,force_strike:321,fs_boost:36,skill_1:4200,s1_bleed:2918
9625,_c_Sazanka,4*,shadow,axe,4627,[Kung_Fu_Masters+Crystalian_Envoy][Shinobi][Agito],!<hp70 & 80 sleep res>,,attack:2405,force_strike:290,fs_boost:32,skill_1:3726,s1_bleed:3169
9320,Mega_Man,5*,flame,wand,6281,[Primal_Crisis+Dear_Diary][Cerberus][Agito],<hp30 every 180s & hit15>,16 hits leaf shield (max 32 hits),attack:4776,o_leaf_shield:4317,o_metal_blade:226
7448,_c_Mega_Man,5*,flame,wand,6281,[Primal_Crisis+Dear_Diary][Cerberus][Agito],!<hp30 every 180s & hit15>,16 hits leaf shield (max 32 hits),attack:3895,o_leaf_shield:3393,o_metal_blade:159
12542,Valerio,5*,water,blade,6147,[The_Wyrmclan_Duo+Primal_Crisis][Dragonyule_Jeanne][HDT2],<hp70 & hit15 & 0 frostbite res>,69% frostbite uptime,attack:5292,skill_1:3987,s1_frostbite:331,skill_3:1281,team_buff:1119,team_inspiration:530
9696,_c_Valerio,5*,water,blade,6147,[The_Wyrmclan_Duo+Primal_Crisis][Dragonyule_Jeanne][HDT2],!<hp70 & hit15 & 0 frostbite res>,,attack:4259,skill_1:2666,s1_frostbite:0,skill_3:1016,team_buff:1154,team_inspiration:599
