6209,Aeleen,4*,wind,lance,5931,[Resounding_Rendition+Beautiful_Nothingness][AC011_Garland][HDT2],<maintain shield & hp70>,,attack:2561,force_strike:365,skill_1:2527,skill_3:986
4715,_c_Aeleen,4*,wind,lance,5560,[Resounding_Rendition+Beautiful_Nothingness][AC011_Garland][HDT2],!<maintain shield & hp70>,,attack:1949,force_strike:278,skill_1:1924,skill_3:739
10224,Alain,3*,flame,lance,4782,[Resounding_Rendition+Elegant_Escort][Konohana_Sakuya][Agito],<hp70 & 0 burn res>,71% burn uptime,attack:2810,force_strike:316,skill_1:4194,s1_burn:614,skill_2:2214,s2_burn:328
7365,_c_Alain,3*,flame,lance,4782,[Resounding_Rendition+Elegant_Escort][Konohana_Sakuya][Agito],!<hp70 & 0 burn res>,,attack:2209,force_strike:250,skill_1:3341,s1_burn:0,skill_2:1764,s2_burn:0
11660,Albert,5*,light,sword,5658,[The_Shining_Overlord+Sisters_Day_Out][Corsaint_Phoenix][HDT2],<big hitbox & 0 paralysis res>,41% paralysis uptime,attack:1697,force_strike:2101,fs_paralysis:910,skill_1:2898,s1_hit2:168,s1_hit3:168,s1_hit4:168,s1_hit5:168,s1_hit6:168,s1_s2boost:2351,skill_3:1010
8816,_c_Albert,5*,light,sword,5658,[The_Shining_Overlord+Sisters_Day_Out][Corsaint_Phoenix][HDT2],!<big hitbox & 0 paralysis res>,,attack:1488,force_strike:1859,fs_paralysis:0,skill_1:2511,s1_hit2:130,s1_hit3:130,s1_hit4:130,s1_s2boost:1817,skill_3:881
12389,Alex,4*,shadow,dagger,6715,[Twinfold_Bonds+The_Plaguebringer][Fatalis][Agito],<hp100 & hit15 & 0 poison res>,not consider bk boost of her s2; 78% poison uptime,attack:4031,force_strike:534,skill_1:4732,s1_poison:770,skill_2:2052,team_buff:633
8126,_c_Alex,4*,shadow,dagger,6715,[Twinfold_Bonds+The_Plaguebringer][Fatalis][Agito],!<hp100 & hit15 & 0 poison res>,not consider bk boost of her s2,attack:3139,force_strike:417,skill_1:2950,s1_poison:0,skill_2:1271,team_buff:633
8746,Alfonse,5*,light,sword,8825,[The_Shining_Overlord+Beautiful_Nothingness][Cupid][HDT2],<last offense & hp60 & hp70>,,attack:2712,force_strike:1124,skill_1:2413,skill_2:1595,skill_3:1146
7656,_c_Alfonse,5*,light,sword,5961,[The_Shining_Overlord+Beautiful_Nothingness][Cupid][HDT2],!<last offense & hp60 & hp70>,,attack:2359,force_strike:977,skill_1:2110,skill_2:1397,skill_3:1025
25676,Althemia,3*,shadow,wand,8015,[Candy_Couriers+The_Fires_of_Hate][Fatalis][Agito],<hp100 & 0 poison res>,77% poison uptime,attack:6153,skill_1:11266,s1_poison:1028,skill_2:7786
14603,_c_Althemia,3*,shadow,wand,7399,[Candy_Couriers+The_Fires_of_Hate][Fatalis][Agito],!<hp100 & 0 poison res>,,attack:4926,skill_1:6822,s1_poison:0,skill_2:3301
9025,Amane,4*,light,wand,6315,[Candy_Couriers+Primal_Crisis][Daikokuten][HDT2],<hit15>,,attack:3775,skill_1:4149,skill_3:1443
6603,_c_Amane,4*,light,wand,6315,[Candy_Couriers+Primal_Crisis][Daikokuten][HDT2],!<hit15>,,attack:2756,skill_1:3050,skill_3:1046
7589,Annelie,5*,light,lance,6512,[Resounding_Rendition+Beautiful_Nothingness][Cupid][HDT2],<hp70>,1121,attack:2204,force_strike:279,skill_1:3107,skill_2:751,skill_3:1169,team_energy:277
5925,_c_Annelie,5*,light,lance,6129,[Resounding_Rendition+Beautiful_Nothingness][Cupid][HDT2],!<hp70>,1121,attack:1969,force_strike:250,skill_1:2255,skill_2:528,skill_3:823,team_energy:277
10758,Aoi,3*,flame,blade,5537,[Resounding_Rendition+Elegant_Escort][Konohana_Sakuya][Agito],<hp70 & 0 burn res>,70% burn uptime,attack:3375,skill_1:4279,s1_burn:643,skill_2:2119,s2_burn:339
7817,_c_Aoi,3*,flame,blade,5537,[Resounding_Rendition+Elegant_Escort][Konohana_Sakuya][Agito],!<hp70 & 0 burn res>,,attack:2683,skill_1:3422,s1_burn:0,skill_2:1710,s2_burn:0
9160,Audric,4*,shadow,sword,4901,[The_Shining_Overlord+Beautiful_Nothingness][Shinobi][Agito],<hp70>,,attack:2209,force_strike:903,skill_1:4172,skill_2:2075
8455,_c_Audric,4*,shadow,sword,4524,[The_Shining_Overlord+Beautiful_Nothingness][Shinobi][Agito],!<hp70>,,attack:2039,force_strike:833,skill_1:3851,skill_2:1916
7165,Beautician_Zardin,5*,light,blade,7111,[Resounding_Rendition+Jewels_of_the_Sun][Cupid][HDT2],<hp70>,no s2,attack:2578,skill_1:3100,skill_3:1186,team_buff:298
5641,_c_Beautician_Zardin,5*,light,blade,6693,[Resounding_Rendition+Jewels_of_the_Sun][Cupid][HDT2],!<hp70>,no s2,attack:2299,skill_1:2198,skill_3:844,team_buff:298
8730,Berserker,4*,shadow,sword,9138,[The_Shining_Overlord+Beautiful_Nothingness][Fatalis][Agito],<last offense & hp70>,,attack:3610,force_strike:1477,skill_1:3970
8113,_c_Berserker,4*,shadow,sword,6660,[The_Shining_Overlord+Beautiful_Nothingness][Fatalis][Agito],!<last offense & hp70>,,attack:3341,force_strike:1373,skill_1:3701
18109,Botan,4*,shadow,lance,5068,[Resounding_Rendition+Jewels_of_the_Sun][Shinobi][Agito],<buff all team & hp70>,,attack:3215,skill_1:4688,s1_bleed:6291,team_buff:4205
14952,_c_Botan,4*,shadow,lance,4678,[Resounding_Rendition+Jewels_of_the_Sun][Shinobi][Agito],!<buff all team & hp70>,,attack:2821,skill_1:4115,s1_bleed:5522,team_buff:2749
15308,Cassandra,5*,shadow,wand,7544,[Candy_Couriers+The_Plaguebringer][Fatalis][Agito],<hp30 every 180s & 0 poison res & hp=80%>,86% poison uptime,attack:5394,skill_1:5529,s1_poison:1124,skill_2:3749
10131,_c_Cassandra,5*,shadow,wand,7544,[Candy_Couriers+The_Plaguebringer][Fatalis][Agito],!<hp30 every 180s & 0 poison res & hp=80%>,,attack:3868,skill_1:4060,s1_poison:0,skill_2:2553
7404,Celliera,4*,water,blade,5797,[Resounding_Rendition+Jewels_of_the_Sun][Siren][HDT2],<hp70>,,attack:2168,skill_1:3526,skill_3:1708
6101,_c_Celliera,4*,water,blade,5041,[Resounding_Rendition+Jewels_of_the_Sun][Siren][HDT2],!<hp70>,,attack:1787,skill_1:2906,skill_3:1407
15650,Chelsea,5*,flame,bow,5944,[Mega_Friends+Dear_Diary][Dreadking_Rathalos][Agito],<hp30 every 180s>,,attack:1705,force_strike:8739,skill_1:5360
14877,_c_Chelsea,5*,flame,bow,5944,[Mega_Friends+Dear_Diary][Dreadking_Rathalos][Agito],!<hp30 every 180s>,,attack:1620,force_strike:8304,skill_1:5099
5072,Cibella,3*,water,lance,5834,[Resounding_Rendition+Beautiful_Nothingness][Dragonyule_Jeanne][HDT2],<hp70>,,attack:2659,force_strike:298,skill_2:1283,skill_3:1072
4531,_c_Cibella,3*,water,lance,5457,[Resounding_Rendition+Beautiful_Nothingness][Dragonyule_Jeanne][HDT2],!<hp70>,,attack:2375,force_strike:266,skill_2:1146,skill_3:957
15930,Curran,5*,shadow,axe,11799,[Kung_Fu_Masters+Flower_in_the_Fray][Fatalis][Agito],<last offense>,no fs,attack:6488,skill_1:6385,skill_2:2521,team_buff:1124
15488,_c_Curran,5*,shadow,axe,7374,[Kung_Fu_Masters+Flower_in_the_Fray][Fatalis][Agito],!<last offense>,no fs,attack:6197,skill_1:6207,skill_2:2521,team_buff:1124
9422,Dragonyule_Cleo,5*,water,dagger,5860,[Twinfold_Bonds+The_Prince_of_Dragonyule][Gaibhne_and_Creidhne][HDT2],<hp70 & hit15 & buff all team & always connect hits>,,attack:2374,force_strike:195,skill_1:2382,skill_2:1113,skill_3:1534,team_buff:1537,team_energy:499
5539,_c_Dragonyule_Cleo,5*,water,dagger,5378,[Twinfold_Bonds+The_Prince_of_Dragonyule][Gaibhne_and_Creidhne][HDT2],!<hp70 & hit15 & buff all team & always connect hits>,,attack:1826,force_strike:151,skill_1:1750,skill_2:848,skill_3:1128
12491,Dragonyule_Malora,5*,light,axe,6326,[Kung_Fu_Masters+Flower_in_the_Fray][Cupid][HDT2],<buff all team>,c4fsf c5 c4 s1,attack:4192,skill_1:2067,skill_2:1986,s2_boost:1589,team_buff:3036
5765,_c_Dragonyule_Malora,5*,light,axe,6326,[Kung_Fu_Masters+Flower_in_the_Fray][Cupid][HDT2],!<buff all team>,c4fsf c5 c4 s1,attack:3995,skill_1:2132
5706,Dragonyule_Nefaria,4*,water,bow,5293,[Forest_Bonds+Dear_Diary][Dragonyule_Jeanne][HDT2],<hp30 every 180s>,,attack:1652,force_strike:882,skill_1:2537,skill_3:783
5187,_c_Dragonyule_Nefaria,4*,water,bow,5293,[Forest_Bonds+Dear_Diary][Dragonyule_Jeanne][HDT2],!<hp30 every 180s>,,attack:1501,force_strike:802,skill_1:2306,skill_3:712
11023,Dragonyule_Xainfried,4*,wind,wand,5698,[A_Dogs_Day+Primal_Crisis][Ariel][HDT2],<buff all team & hit15>,,attack:3802,skill_2:1233,skill_3:1298,team_buff:5034
5020,_c_Dragonyule_Xainfried,4*,wind,wand,5698,[A_Dogs_Day+Primal_Crisis][Ariel][HDT2],!<buff all team & hit15>,,attack:3190,skill_2:1032,skill_3:1087
7494,Dragonyule_Xander,4*,water,wand,4632,[Candy_Couriers+Primal_Crisis][Siren][HDT2],<hit15 & buff all team>,,attack:2407,skill_1:3766,skill_3:1373,team_energy:165
5887,_c_Dragonyule_Xander,4*,water,wand,4632,[Candy_Couriers+Primal_Crisis][Siren][HDT2],!<hit15 & buff all team>,,attack:1942,skill_1:3020,skill_3:1101
19784,Delphi,5*,shadow,dagger,5450,[Mega_Friends+The_Fires_of_Hate][Fatalis][Agito],<hp100 & s1 defdown for 10s & 0 poison res>,91% poison uptime,attack:3081,force_strike:2938,fs_boost:153,fs_poison:6051,skill_1:660,skill_2:614,s2_poison:2954,team_buff:3608
4673,_c_Delphi,5*,shadow,dagger,4866,[Mega_Friends+The_Fires_of_Hate][Fatalis][Agito],!<hp100 & s1 defdown for 10s & 0 poison res>,,attack:1989,force_strike:1907,fs_boost:92,fs_poison:0,skill_1:498,skill_2:365,s2_poison:0
19290,Durant,4*,shadow,blade,9030,[Proper_Maintenance+Howling_to_the_Heavens][Fatalis][Agito],<hp100 & hit15>,,attack:19290
14548,_c_Durant,4*,shadow,blade,7815,[Proper_Maintenance+Howling_to_the_Heavens][Fatalis][Agito],!<hp100 & hit15>,,attack:14548
7812,Eleonora,4*,wind,bow,4899,[Dear_Diary+The_Fires_of_Hate][Vayu][HDT2],<hp100 & hp30 every 180s & 0 poison res>,84% poison uptime,attack:1622,force_strike:872,skill_1:2484,s1_poison:707,skill_2:1195,s2_poison:288,skill_3:788
4709,_c_Eleonora,4*,wind,bow,4354,[Dear_Diary+The_Fires_of_Hate][Vayu][HDT2],!<hp100 & hp30 every 180s & 0 poison res>,,attack:1127,force_strike:603,skill_1:1727,s1_poison:0,skill_2:822,s2_poison:0,skill_3:530
6165,Elias,4*,light,bow,7527,[Forest_Bonds+Dear_Diary][Daikokuten][HDT2],<last offense & hit15 & hp30 every 180s>,,attack:1941,force_strike:1040,skill_1:2524,skill_3:834
4721,_c_Elias,4*,light,bow,5376,[Forest_Bonds+Dear_Diary][Daikokuten][HDT2],!<last offense & hit15 & hp30 every 180s>,,attack:1476,force_strike:790,skill_1:1935,skill_3:653
17797,Elisanne,4*,water,lance,5676,[Beach_Battle+Castle_Cheer_Corps][Gaibhne_and_Creidhne][HDT2],<hp60>,no s2 or s3,attack:3598,force_strike:700,team_buff:13824
17728,_c_Elisanne,4*,water,lance,5511,[Beach_Battle+Castle_Cheer_Corps][Gaibhne_and_Creidhne][HDT2],!<hp60>,no s2 or s3,attack:3536,force_strike:688,team_buff:13824
16489,Emma,4*,flame,lance,6035,[Castle_Cheer_Corps+From_Whence_He_Comes][Dreadking_Rathalos][Agito],<buff all team>,,attack:4134,force_strike:789,team_buff:11941
4548,_c_Emma,4*,flame,lance,6035,[Castle_Cheer_Corps+From_Whence_He_Comes][Dreadking_Rathalos][Agito],!<buff all team>,,attack:4134,force_strike:789
14503,Erik,3*,shadow,axe,7282,[Kung_Fu_Masters+Flower_in_the_Fray][Fatalis][Agito],<>,,attack:5225,force_strike:703,skill_1:5968,skill_2:3079
13372,Euden,4*,flame,sword,6258,[The_Shining_Overlord+Elegant_Escort][Dreadking_Rathalos][Agito],<0 burn res>,76% burn uptime,attack:3112,force_strike:2297,skill_1:4603,s1_burn:883,skill_2:2074,team_buff:684
10480,_c_Euden,4*,flame,sword,6258,[The_Shining_Overlord+Elegant_Escort][Dreadking_Rathalos][Agito],!<0 burn res>,,attack:2544,force_strike:1893,skill_1:3909,s1_burn:0,skill_2:1680,team_buff:684
7113,Fjorm,5*,water,lance,6562,[Resounding_Rendition+Beautiful_Nothingness][Siren][HDT2],<hp70>,,attack:1561,force_strike:63,skill_1:2554,skill_2:1753,skill_3:821,team_buff:499
6295,_c_Fjorm,5*,water,lance,6057,[Resounding_Rendition+Beautiful_Nothingness][Siren][HDT2],!<hp70>,,attack:1368,force_strike:55,skill_1:2238,skill_2:1537,skill_3:720,team_buff:499
14328,Fleur,4*,light,dagger,5851,[Twinfold_Bonds+Spirit_of_the_Season][Daikokuten][HDT2],<hp70 & hit15 & hp100 & 0 paralysis res>,c4fs; 84% paralysis uptime,attack:3732,force_strike:865,skill_1:6344,s1_paralysis:1967,skill_3:1757
5526,_c_Fleur,4*,light,dagger,5668,[Twinfold_Bonds+Spirit_of_the_Season][Daikokuten][HDT2],!<hp70 & hit15 & hp100 & 0 paralysis res>,c4fs,attack:2233,force_strike:514,skill_1:1986,s1_paralysis:0,skill_3:994
7005,Francesca,3*,wind,dagger,5278,[Twinfold_Bonds+Levins_Champion][AC011_Garland][HDT2],<maintain shield & hit15 & hp70>,,attack:2487,force_strike:602,skill_1:2216,skill_2:902,skill_3:863,team_buff:157
5112,_c_Francesca,3*,wind,dagger,5278,[Twinfold_Bonds+Levins_Champion][AC011_Garland][HDT2],!<maintain shield & hit15 & hp70>,,attack:1806,force_strike:441,skill_1:1608,skill_2:644,skill_3:616,team_buff:157
7683,Fritz,4*,light,dagger,5607,[Twinfold_Bonds+Levins_Champion][Daikokuten][HDT2],<hit15 & hp70>,,attack:3227,force_strike:307,fs_boost:389,skill_1:2539,skill_3:1044,team_buff:468
5808,_c_Fritz,4*,light,dagger,5607,[Twinfold_Bonds+Levins_Champion][Daikokuten][HDT2],!<hit15 & hp70>,,attack:2395,force_strike:229,fs_boost:287,skill_1:1874,skill_3:770,team_buff:468
28414,Gala_Cleo,5*,shadow,wand,5211,[Candy_Couriers+Jewels_of_the_Sun][Shinobi][Agito],<hp70 & always in a1>,(the true cleo is here),attack:3879,force_strike:0,skill_1:13036,skill_2:1651,team_buff:10199
14366,_c_Gala_Cleo,5*,shadow,wand,4810,[Candy_Couriers+Jewels_of_the_Sun][Shinobi][Agito],!<hp70 & always in a1>,(the true cleo is here),attack:2741,force_strike:0,skill_1:8176,skill_2:1097,team_buff:2599
18139,Gala_Elisanne,5*,water,axe,5521,[Beach_Battle+From_Whence_He_Comes][Gaibhne_and_Creidhne][HDT2],<buff all team>,,attack:5488,team_buff:13149
4990,_c_Gala_Elisanne,5*,water,axe,5521,[Beach_Battle+From_Whence_He_Comes][Gaibhne_and_Creidhne][HDT2],!<buff all team>,,attack:5488
11371,Gala_Euden,5*,light,sword,6020,[The_Shining_Overlord+Sisters_Day_Out][Cupid][HDT2],<s1 buff for 10s & draconic charge & 0 paralysis res>,c2+fs; 22% paralysis uptime,attack:1986,force_strike:1859,skill_1:989,skill_2:981,s2_paralysis:153,skill_3:1299,team_buff:4281
6753,_c_Gala_Euden,5*,light,sword,6020,[The_Shining_Overlord+Sisters_Day_Out][Cupid][HDT2],!<s1 buff for 10s & draconic charge & 0 paralysis res>,c2+fs,attack:1699,force_strike:1602,skill_1:935,skill_2:818,s2_paralysis:0,skill_3:1106,team_buff:745
8825,Gala_Mym,5*,flame,lance,5144,[Resounding_Rendition+Beautiful_Nothingness][Konohana_Sakuya][Agito],<hp70>,,attack:2426,force_strike:340,skill_1:4386,skill_2:1892
7733,_c_Gala_Mym,5*,flame,lance,4748,[Resounding_Rendition+Beautiful_Nothingness][Konohana_Sakuya][Agito],!<hp70>,,attack:2126,force_strike:298,skill_1:3843,skill_2:1658
10186,Gala_Ranzal,5*,wind,sword,5788,[Jewels_of_the_Sun+The_Shining_Overlord][AC011_Garland][HDT2],<maintain shield & hp70>,no s2,attack:2274,force_strike:1143,skill_1:3985,s1_boost:1534,skill_3:1454
8145,_c_Gala_Ranzal,5*,wind,sword,5427,[Jewels_of_the_Sun+The_Shining_Overlord][AC011_Garland][HDT2],!<maintain shield & hp70>,no s2,attack:1820,force_strike:915,skill_1:3183,s1_boost:1226,skill_3:1165
14089,Gala_Sarisse,5*,flame,bow,5930,[Forest_Bonds+Dear_Diary][Dreadking_Rathalos][Agito],<hp30 every 180s & always connect hits>,,attack:959,force_strike:3919,skill_1:4938,s1_missile*7:3496,team_buff:862
8882,_c_Gala_Sarisse,5*,flame,bow,5930,[Forest_Bonds+Dear_Diary][Dreadking_Rathalos][Agito],!<hp30 every 180s & always connect hits>,,attack:786,force_strike:3245,skill_1:3515,s1_missile*1:159,s1_missile*2:383,team_buff:862
6290,Halloween_Edward,3*,light,blade,7651,[Resounding_Rendition+Seaside_Princess][Cupid][HDT2],<hp100 & hp70>,,attack:2518,skill_1:2238,skill_2:895,skill_3:638
5052,_c_Halloween_Edward,3*,light,blade,6617,[Resounding_Rendition+Seaside_Princess][Cupid][HDT2],!<hp100 & hp70>,,attack:2022,skill_1:1797,skill_2:718,skill_3:512
9141,Halloween_Elisanne,5*,light,lance,6533,[Resounding_Rendition+Jewels_of_the_Sun][Cupid][HDT2],<hit10 & hp70>,,attack:1963,force_strike:252,skill_1:3176,skill_2:1043,skill_3:1040,team_buff:1843
7667,_c_Halloween_Elisanne,5*,light,lance,6148,[Resounding_Rendition+Jewels_of_the_Sun][Cupid][HDT2],!<hit10 & hp70>,,attack:1572,force_strike:200,skill_1:2531,skill_2:832,skill_3:830,team_buff:1843
12753,Halloween_Mym,5*,flame,axe,6629,[Kung_Fu_Masters+Jewels_of_the_Sun][Dreadking_Rathalos][Agito],<hp70 & s1 defdown for 10s & buff all team>,,attack:5214,force_strike:1523,skill_1:1494,team_buff:4995
6692,_c_Halloween_Mym,5*,flame,axe,6227,[Kung_Fu_Masters+Jewels_of_the_Sun][Dreadking_Rathalos][Agito],!<hp70 & s1 defdown for 10s & buff all team>,,attack:4367,force_strike:1317,skill_1:1403
14305,Halloween_Odetta,4*,water,sword,5495,[Mega_Friends+Beach_Battle][Gaibhne_and_Creidhne][HDT2],<buff all team>,,attack:1825,force_strike:1603,skill_1:2686,skill_3:1545,team_buff:6809
8151,_c_Halloween_Odetta,4*,water,sword,5495,[Mega_Friends+Beach_Battle][Gaibhne_and_Creidhne][HDT2],!<buff all team>,,attack:1825,force_strike:1603,skill_1:2686,skill_3:1545,team_buff:655
19998,Hawk,5*,wind,bow,5150,[Resounding_Rendition+The_Fires_of_Hate][Vayu][HDT2],<hp70 & hp100 & 0 poison res & 80 stun res>,91% poison uptime,attack:2490,force_strike:764,fs_poison:423,skill_1:14179,skill_2:2366
6320,_c_Hawk,5*,wind,bow,4578,[Resounding_Rendition+The_Fires_of_Hate][Vayu][HDT2],!<hp70 & hp100 & 0 poison res & 80 stun res>,,attack:1453,force_strike:419,fs_poison:0,skill_1:3692,skill_2:886
7097,Irfan,3*,light,dagger,5584,[Twinfold_Bonds+Levins_Champion][Daikokuten][HDT2],<hit15 & hp70>,,attack:2844,force_strike:300,skill_1:2412,skill_2:922,skill_3:875
5253,_c_Irfan,3*,light,dagger,5584,[Twinfold_Bonds+Levins_Champion][Daikokuten][HDT2],!<hit15 & hp70>,,attack:2113,force_strike:224,skill_1:1780,skill_2:680,skill_3:645
5339,Jakob,3*,water,lance,5834,[Resounding_Rendition+Beautiful_Nothingness][Dragonyule_Jeanne][HDT2],<hp70 & 100 bog res>,,attack:2428,force_strike:332,skill_1:1963,skill_3:835
4770,_c_Jakob,3*,water,lance,5457,[Resounding_Rendition+Beautiful_Nothingness][Dragonyule_Jeanne][HDT2],!<hp70 & 100 bog res>,,attack:2169,force_strike:297,skill_1:1753,skill_3:746
11757,Joe,3*,flame,bow,6134,[Mega_Friends+Dear_Diary][Dreadking_Rathalos][Agito],<hp100 & hp30 every 180s & 0 burn res>,60% burn uptime,attack:1170,force_strike:4864,skill_1:3628,s1_burn:587,skill_2:1358,s2_burn:254
10070,_c_Joe,3*,flame,bow,6134,[Mega_Friends+Dear_Diary][Dreadking_Rathalos][Agito],!<hp100 & hp30 every 180s & 0 burn res>,,attack:1079,force_strike:4486,skill_1:3347,s1_burn:0,skill_2:1253,s2_burn:0
7881,Johanna,3*,wind,axe,5975,[Kung_Fu_Masters+Crystalian_Envoy][AC011_Garland][HDT2],<maintain shield & hp70>,,attack:3451,force_strike:343,skill_1:2396,skill_2:1088,skill_3:915
6186,_c_Johanna,3*,wind,axe,5499,[Kung_Fu_Masters+Crystalian_Envoy][AC011_Garland][HDT2],!<maintain shield & hp70>,,attack:2723,force_strike:272,skill_1:1880,skill_2:845,skill_3:711
6697,Julietta,5*,light,axe,6195,[Kung_Fu_Masters+Flower_in_the_Fray][Cupid][HDT2],<>,no fs & no s2,attack:3274,skill_1:2860,skill_3:859
6928,Jurota,3*,water,blade,5607,[Resounding_Rendition+Beautiful_Nothingness][Siren][HDT2],<hp70>,,attack:2138,skill_1:3282,skill_3:1507
6071,_c_Jurota,3*,water,blade,5175,[Resounding_Rendition+Beautiful_Nothingness][Siren][HDT2],!<hp70>,,attack:1873,skill_1:2876,skill_3:1321
7864,Karina,4*,water,axe,5197,[Kung_Fu_Masters+Crystalian_Envoy][Siren][HDT2],<hp60 & hp70>,,attack:2358,force_strike:257,skill_1:3262,s1_boost:0,skill_2:1351,skill_3:848
6757,_c_Karina,4*,water,axe,4466,[Kung_Fu_Masters+Crystalian_Envoy][Siren][HDT2],!<hp60 & hp70>,,attack:2026,force_strike:221,skill_1:2803,s1_boost:0,skill_2:1160,skill_3:729
18331,Karl,4*,flame,sword,7070,[The_Lurker_in_the_Woods+Primal_Crisis][Dreadking_Rathalos][Agito],<hit15 & hp70 & hit10>,,attack:6344,force_strike:7478,team_buff:5085
14204,_c_Karl,4*,flame,sword,6446,[The_Lurker_in_the_Woods+Primal_Crisis][Dreadking_Rathalos][Agito],!<hit15 & hp70 & hit10>,,attack:4369,force_strike:5146,team_buff:5085
11497,Kleimann,4*,shadow,wand,7133,[Candy_Couriers+Primal_Crisis][Fatalis][Agito],<hit15>,,attack:3646,force_strike:922,skill_1:5444,skill_2:1814
9693,_c_Kleimann,4*,shadow,wand,7133,[Candy_Couriers+Primal_Crisis][Fatalis][Agito],!<hit15>,,attack:3084,force_strike:776,skill_1:4584,skill_2:1527
8007,Ku_Hai,4*,wind,sword,5962,[The_Lurker_in_the_Woods+Resounding_Rendition][Zephyr][HDT2],<huge hitbox eneny & hp70 & hit10>,c2+fs during s2,attack:1780,force_strike:53,fs_alt_hit1:1061,fs_alt_hit2:1061,fs_alt_hit3:1061,skill_1:2337,skill_3:812
5005,_c_Ku_Hai,4*,wind,sword,5962,[The_Lurker_in_the_Woods+Resounding_Rendition][Zephyr][HDT2],!<huge hitbox eneny & hp70 & hit10>,c2+fs during s2,attack:986,force_strike:255,fs_alt_hit1:812,fs_alt_hit2:812,skill_1:1645,skill_3:582
7279,Laranoa,5*,water,bow,4389,[Forest_Bonds+Dear_Diary][Siren][HDT2],<buff all team & hp30 every 180s>,doesn't count spbuff for teammates,attack:1492,force_strike:427,skill_1:4200,skill_3:850,team_buff:443
6231,_c_Laranoa,5*,water,bow,4389,[Forest_Bonds+Dear_Diary][Siren][HDT2],!<buff all team & hp30 every 180s>,doesn't count spbuff for teammates,attack:1359,force_strike:390,skill_1:3825,skill_3:779
11979,Lathna,5*,shadow,lance,5233,[Resounding_Rendition+Beautiful_Nothingness][Shinobi][Agito],<hp70>,no poison,attack:2408,skill_1:6439,skill_2:3349
10497,_c_Lathna,5*,shadow,lance,4831,[Resounding_Rendition+Beautiful_Nothingness][Shinobi][Agito],!<hp70>,no poison,attack:2110,skill_1:5643,skill_2:2935
7533,Laxi,4*,flame,blade,7314,[Resounding_Rendition+Beautiful_Nothingness][Dreadking_Rathalos][Agito],<hp70>,a1 proc at 0s,attack:2852,force_strike:2124,skill_1:1303,s1_boost:1252
6747,_c_Laxi,4*,flame,blade,6871,[Resounding_Rendition+Beautiful_Nothingness][Dreadking_Rathalos][Agito],!<hp70>,a1 proc at 0s,attack:2554,force_strike:1902,skill_1:1167,s1_boost:1122
9243,Lea,5*,flame,sword,6068,[The_Shining_Overlord+Elegant_Escort][Dreadking_Rathalos][Agito],<0 burn res>,c2+fs; 80% burn uptime,attack:1567,force_strike:2205,skill_1:3095,s1_burn:887,skill_2:1629
6807,_c_Lea,5*,flame,sword,6068,[The_Shining_Overlord+Elegant_Escort][Dreadking_Rathalos][Agito],!<0 burn res>,c2+fs,attack:1283,force_strike:1804,skill_1:2548,s1_burn:0,skill_2:1287
8237,Lily,5*,water,wand,5821,[Candy_Couriers+Seaside_Princess][Siren][HDT2],<hp100>,,attack:1908,skill_1:3242,skill_2:1864,skill_3:1395
6561,_c_Lily,5*,water,wand,4657,[Candy_Couriers+Seaside_Princess][Siren][HDT2],!<hp100>,,attack:1520,skill_1:2582,skill_2:1484,skill_3:1111
7178,Linus,3*,light,axe,6313,[Kung_Fu_Masters+Flower_in_the_Fray][Cupid][HDT2],<hp60>,,attack:2952,force_strike:233,skill_1:2406,skill_2:1154,skill_3:699
6969,_c_Linus,3*,light,axe,6129,[Kung_Fu_Masters+Flower_in_the_Fray][Cupid][HDT2],!<hp60>,,attack:2866,force_strike:226,skill_1:2336,skill_2:1120,skill_3:679
18332,Lin_You,5*,wind,axe,5717,[The_Wyrmclan_Duo+Primal_Crisis][Long_Long][HDT2],<hp70 & hit25 & hit50 & hit10 & hit15>,2in1 ,attack:7527,force_strike:93,skill_1:6686,s1_powerup:2625,skill_3:2082
8041,_c_Lin_You,5*,wind,axe,5717,[The_Wyrmclan_Duo+Primal_Crisis][Long_Long][HDT2],!<hp70 & hit25 & hit50 & hit10 & hit15>,2in1 ,attack:3355,force_strike:47,skill_1:2929,s1_powerup:1123,skill_3:890
7986,Louise,5*,wind,bow,5966,[Dear_Diary+The_Fires_of_Hate][AC011_Garland][HDT2],<maintain shield & hp30 every 180s & hp100 & 0 poison res>,no fs; 85% poison uptime,attack:3068,skill_1:2001,s1_poison:561,skill_2:1874,skill_3:757
4172,_c_Louise,5*,wind,bow,5424,[Dear_Diary+The_Fires_of_Hate][AC011_Garland][HDT2],!<maintain shield & hp30 every 180s & hp100 & 0 poison res>,no fs,attack:1885,skill_1:1224,s1_poison:0,skill_2:776,skill_3:456
7207,Luca,4*,light,bow,5891,[Forest_Bonds+Dear_Diary][Daikokuten][HDT2],<hp100 & hit15 & hp30 every 180s & 0 paralysis res>,76% paralysis uptime,attack:1897,force_strike:1033,skill_1:2180,s1_paralysis:565,skill_2:1098,skill_3:603
4854,_c_Luca,4*,light,bow,5435,[Forest_Bonds+Dear_Diary][Daikokuten][HDT2],!<hp100 & hit15 & hp30 every 180s & 0 paralysis res>,,attack:1390,force_strike:754,skill_1:1592,s1_paralysis:0,skill_2:802,skill_3:440
8825,Lucretia,5*,light,wand,6449,[Candy_Couriers+Primal_Crisis][Daikokuten][HDT2],<hit15>,,attack:3959,skill_1:2802,skill_3:2117,team_energy:304
6504,_c_Lucretia,5*,light,wand,6449,[Candy_Couriers+Primal_Crisis][Daikokuten][HDT2],!<hit15>,,attack:2895,skill_1:2031,skill_3:1535,team_energy:304
7646,Luther,4*,water,dagger,4419,[Twinfold_Bonds+The_Prince_of_Dragonyule][Siren][HDT2],<hit15>,,attack:2006,force_strike:205,skill_1:3048,skill_2:1171,skill_3:1257,team_buff:139
5814,_c_Luther,4*,water,dagger,4419,[Twinfold_Bonds+The_Prince_of_Dragonyule][Siren][HDT2],!<hit15>,,attack:1525,force_strike:157,skill_1:2298,skill_2:883,skill_3:948,team_buff:139
7009,Malka,3*,light,lance,6444,[Resounding_Rendition+Beautiful_Nothingness][Cupid][HDT2],<hp70>,,attack:2507,force_strike:272,skill_1:2271,skill_3:1024,team_buff:1159
6386,_c_Malka,3*,light,lance,6065,[Resounding_Rendition+Beautiful_Nothingness][Cupid][HDT2],!<hp70>,,attack:2240,force_strike:243,skill_1:2029,skill_3:915,team_buff:1159
7094,Malora,3*,light,bow,5598,[Forest_Bonds+Dear_Diary][Daikokuten][HDT2],<hit15 & hp30 every 180s>,,attack:1982,force_strike:549,skill_1:2450,skill_2:1018,skill_3:899,team_buff:373
5640,_c_Malora,3*,light,bow,5598,[Forest_Bonds+Dear_Diary][Daikokuten][HDT2],!<hit15 & hp30 every 180s>,,attack:1558,force_strike:430,skill_1:1918,skill_2:797,skill_3:704,team_buff:373
11472,Maribelle,5*,wind,wand,6018,[Candy_Couriers+Primal_Crisis][AC011_Garland][HDT2],<maintain shield & hp100 & hit15>,,attack:3125,skill_1:4163,skill_2:2161,skill_3:1837,team_buff:467
7069,_c_Maribelle,5*,wind,wand,6018,[Candy_Couriers+Primal_Crisis][AC011_Garland][HDT2],!<maintain shield & hp100 & hit15>,,attack:2216,skill_1:2337,skill_2:1201,skill_3:1047,team_buff:467
15464,Marth,5*,flame,sword,6054,[Mega_Friends+Primal_Crisis][Dreadking_Rathalos][Agito],<hit15 & hit10>,c2fs,attack:2918,force_strike:3916,skill_1:4696,skill_2:1843,team_buff:2354
11502,_c_Marth,5*,flame,sword,6054,[Mega_Friends+Primal_Crisis][Dreadking_Rathalos][Agito],!<hit15 & hit10>,c2fs,attack:2035,force_strike:2731,skill_1:3263,skill_2:1302,team_buff:2354
9578,Marty,3*,flame,sword,6109,[Resounding_Rendition+The_Lurker_in_the_Woods][Dreadking_Rathalos][Agito],<hp70>,,attack:2560,force_strike:3627,skill_1:3622
9077,_c_Marty,3*,flame,sword,6109,[Resounding_Rendition+The_Lurker_in_the_Woods][Dreadking_Rathalos][Agito],!<hp70>,,attack:2426,force_strike:3437,skill_1:3432
12317,Melody,3*,wind,blade,6253,[A_Dogs_Day+From_Whence_He_Comes][Ariel][HDT2],<hp100>,,attack:3533,force_strike:339,team_buff:8443
12114,_c_Melody,3*,wind,blade,6253,[A_Dogs_Day+From_Whence_He_Comes][Ariel][HDT2],!<hp100>,,attack:3348,force_strike:321,team_buff:8443
9031,Melsa,4*,flame,dagger,6131,[Twinfold_Bonds+The_Lurker_in_the_Woods][Dreadking_Rathalos][Agito],<hit15>,,attack:1838,force_strike:3279,skill_1:2898,skill_2:1180
7843,_c_Melsa,4*,flame,dagger,6131,[Twinfold_Bonds+The_Lurker_in_the_Woods][Dreadking_Rathalos][Agito],!<hit15>,,attack:1599,force_strike:2851,skill_1:2512,skill_2:1023
9286,Mikoto,5*,flame,blade,6932,[Resounding_Rendition+Beautiful_Nothingness][Arctos][Agito],<hp70>,,attack:5442,skill_1:3843
7303,_c_Mikoto,5*,flame,blade,6485,[Resounding_Rendition+Beautiful_Nothingness][Arctos][Agito],!<hp70>,,attack:4280,skill_1:3023
8858,Musashi,4*,wind,blade,8027,[Resounding_Rendition+The_Fires_of_Hate][Vayu][HDT2],<last offense & hp70 & hp100 & 0 poison res>,80% poison uptime,attack:2636,skill_1:3922,s1_poison:886,skill_3:1412
5724,_c_Musashi,4*,wind,blade,5096,[Resounding_Rendition+The_Fires_of_Hate][Vayu][HDT2],!<last offense & hp70 & hp100 & 0 poison res>,,attack:1870,skill_1:2844,s1_poison:0,skill_3:1008
15982,Naveed,5*,flame,sword,5192,[The_Shining_Overlord+Primal_Crisis][Konohana_Sakuya][Agito],<hit15 & hp60>,,attack:3225,force_strike:1000,skill_1:5731,s1_boost:6317
11612,_c_Naveed,5*,flame,sword,4898,[The_Shining_Overlord+Primal_Crisis][Konohana_Sakuya][Agito],!<hit15 & hp60>,,attack:2346,force_strike:722,skill_1:4182,s1_boost:4574
20259,Nefaria,5*,shadow,bow,5205,[Resounding_Rendition+The_Fires_of_Hate][Shinobi][Agito],<hp100 & hp70 & 0 poison res & 80 blind res>,s2 fs(precharge) s1 s1; 80% poison uptime,attack:3303,force_strike:1585,skill_1:12926,s1_poison:2744
7099,_c_Nefaria,5*,shadow,bow,4627,[Resounding_Rendition+The_Fires_of_Hate][Shinobi][Agito],!<hp100 & hp70 & 0 poison res & 80 blind res>,s2 fs(precharge) s1 s1,attack:1961,force_strike:905,skill_1:4410,s1_poison:0
9276,Nicolas,3*,wind,wand,5954,[Candy_Couriers+Primal_Crisis][AC011_Garland][HDT2],<maintain shield & hit15>,,attack:3474,skill_1:3180,skill_2:1502,skill_3:1434
6591,_c_Nicolas,3*,wind,wand,5954,[Candy_Couriers+Primal_Crisis][AC011_Garland][HDT2],!<maintain shield & hit15>,,attack:2487,skill_1:2250,skill_2:1071,skill_3:1006
18814,Noelle,4*,wind,wand,5927,[Candy_Couriers+A_Dogs_Day][Ariel][HDT2],<buff all team>,use Freyja & Castle Cheer Corps in 4DPS team,attack:4062,skill_2:2135,skill_3:1931,team_buff:11052
7761,_c_Noelle,4*,wind,wand,5927,[Candy_Couriers+A_Dogs_Day][Ariel][HDT2],!<buff all team>,use Freyja & Castle Cheer Corps in 4DPS team,attack:4062,skill_2:2135,skill_3:1931
8065,Norwin,4*,shadow,bow,6669,[Forest_Bonds+Dear_Diary][Fatalis][Agito],<hp30 every 180s & 80 blind res>,,attack:3239,skill_1:4919,team_buff:199
6948,_c_Norwin,4*,shadow,bow,6669,[Forest_Bonds+Dear_Diary][Fatalis][Agito],!<hp30 every 180s & 80 blind res>,,attack:2881,skill_1:4328
12077,Odetta,4*,light,sword,6920,[Resounding_Rendition+The_Lurker_in_the_Woods][Cupid][HDT2],<buff all team & hp70 & hp60>,c2+fs,attack:2373,force_strike:2392,skill_1:2663,skill_3:1285,team_buff:3577
7860,_c_Odetta,4*,light,sword,6203,[Resounding_Rendition+The_Lurker_in_the_Woods][Cupid][HDT2],!<buff all team & hp70 & hp60>,c2+fs,attack:2028,force_strike:2043,skill_1:2275,skill_3:1099,team_buff:597
9278,Orion,4*,shadow,dagger,6701,[Twinfold_Bonds+Howling_to_the_Heavens][Fatalis][Agito],<hit15>,,attack:3988,force_strike:489,skill_1:3401,skill_2:1760
7303,_c_Orion,4*,shadow,dagger,6701,[Twinfold_Bonds+Howling_to_the_Heavens][Fatalis][Agito],!<hit15>,,attack:3141,force_strike:383,skill_1:2684,skill_2:1378
7965,Orsem,4*,water,dagger,4467,[Twinfold_Bonds+The_Prince_of_Dragonyule][Siren][HDT2],<hit15 & hp70>,,attack:1905,force_strike:347,skill_1:3198,skill_2:1367,skill_3:1318
5782,_c_Orsem,4*,water,dagger,4467,[Twinfold_Bonds+The_Prince_of_Dragonyule][Siren][HDT2],!<hit15 & hp70>,,attack:1392,force_strike:254,skill_1:2316,skill_2:990,skill_3:954
7155,Philia,3*,wind,bow,5780,[Forest_Bonds+Dear_Diary][AC011_Garland][HDT2],<maintain shield & hp100 & hp30 every 180s & 0 paralysis res>,44% paralysis uptime,attack:2687,skill_1:2228,skill_2:936,s2_paralysis:190,skill_3:1357
5055,_c_Philia,3*,wind,bow,5419,[Forest_Bonds+Dear_Diary][AC011_Garland][HDT2],!<maintain shield & hp100 & hp30 every 180s & 0 paralysis res>,,attack:1958,skill_1:1615,skill_2:685,s2_paralysis:0,skill_3:974
6201,Pia,4*,wind,lance,5870,[Resounding_Rendition+Beautiful_Nothingness][AC011_Garland][HDT2],<maintain shield & hp70>,,attack:2583,force_strike:241,skill_1:2572,skill_3:844,team_energy:194
4758,_c_Pia,4*,wind,lance,5503,[Resounding_Rendition+Beautiful_Nothingness][AC011_Garland][HDT2],!<maintain shield & hp70>,,attack:1966,force_strike:185,skill_1:1957,skill_3:632,team_energy:194
6340,Pietro,3*,water,axe,4442,[Kung_Fu_Masters+Flower_in_the_Fray][Siren][HDT2],<>,,attack:2219,force_strike:245,skill_1:3040,skill_3:1036
7848,Raemond,3*,light,sword,6307,[The_Shining_Overlord+Beautiful_Nothingness][Cupid][HDT2],<hit10 & hp70>,,attack:2396,force_strike:1002,skill_1:2423,skill_2:1219,skill_3:1023
6844,_c_Raemond,3*,light,sword,5936,[The_Shining_Overlord+Beautiful_Nothingness][Cupid][HDT2],!<hit10 & hp70>,,attack:2092,force_strike:875,skill_1:2112,skill_2:1062,skill_3:891
12111,Ramona,5*,flame,axe,5155,[Kung_Fu_Masters+Valiant_Crown][Konohana_Sakuya][Agito],<hp60>,,attack:2579,skill_1:9765
11589,_c_Ramona,5*,flame,axe,4863,[Kung_Fu_Masters+Valiant_Crown][Konohana_Sakuya][Agito],!<hp60>,,attack:2462,skill_1:9350
7481,Ranzal,4*,wind,axe,6053,[Kung_Fu_Masters+Jewels_of_the_Sun][AC011_Garland][HDT2],<maintain shield & hp60 & hp70>,do not use fs,attack:3698,skill_1:3006,skill_3:1112
5794,_c_Ranzal,4*,wind,axe,5509,[Kung_Fu_Masters+Jewels_of_the_Sun][AC011_Garland][HDT2],!<maintain shield & hp60 & hp70>,do not use fs,attack:2878,skill_1:2324,skill_3:852
6236,Rawn,4*,light,bow,5460,[Forest_Bonds+Dear_Diary][Daikokuten][HDT2],<hit15 & hp30 every 180s>,,attack:1949,force_strike:472,skill_1:2045,skill_2:1095,skill_3:849
4885,_c_Rawn,4*,light,bow,5460,[Forest_Bonds+Dear_Diary][Daikokuten][HDT2],!<hit15 & hp30 every 180s>,,attack:1531,force_strike:367,skill_1:1601,skill_2:857,skill_3:665
12306,Rena,5*,flame,blade,5256,[Resounding_Rendition+Elegant_Escort][Konohana_Sakuya][Agito],<hp70 & 0 burn res>,78% burn uptime,attack:2737,force_strike:348,skill_1:7649,s1_burn:1570
6914,_c_Rena,5*,flame,blade,5256,[Resounding_Rendition+Elegant_Escort][Konohana_Sakuya][Agito],!<hp70 & 0 burn res>,,attack:2074,force_strike:263,skill_1:4576,s1_burn:0
7400,Renee,4*,water,dagger,4419,[Twinfold_Bonds+The_Prince_of_Dragonyule][Siren][HDT2],<hit15 & 100 bog res>,,attack:2012,force_strike:191,skill_1:3097,skill_2:1114,skill_3:1167
6071,_c_Renee,4*,water,dagger,4419,[Twinfold_Bonds+The_Prince_of_Dragonyule][Siren][HDT2],!<hit15 & 100 bog res>,,attack:1653,force_strike:157,skill_1:2553,skill_2:912,skill_3:945
12556,Renelle,3*,flame,dagger,6147,[Twinfold_Bonds+Elegant_Escort][Dreadking_Rathalos][Agito],<hit15 & 0 burn res>,71% burn uptime,attack:3036,force_strike:3386,skill_1:3625,s1_burn:637,skill_2:1664,s2_burn:306,team_buff:175
8131,_c_Renelle,3*,flame,dagger,6147,[Twinfold_Bonds+Elegant_Escort][Dreadking_Rathalos][Agito],!<hit15 & 0 burn res>,,attack:2100,force_strike:2362,skill_1:2549,s1_burn:0,skill_2:1134,s2_burn:0,team_buff:175
7617,Rex,3*,water,axe,5186,[Kung_Fu_Masters+Crystalian_Envoy][Siren][HDT2],<hp60 & hp70>,,attack:2488,force_strike:204,skill_1:3089,skill_2:1217,skill_3:842
6672,_c_Rex,3*,water,axe,4543,[Kung_Fu_Masters+Crystalian_Envoy][Siren][HDT2],!<hp60 & hp70>,,attack:2180,force_strike:179,skill_1:2706,skill_2:1066,skill_3:738
11535,Rodrigo,3*,shadow,sword,7666,[The_Shining_Overlord+Beautiful_Nothingness][Fatalis][Agito],<hp70 & hp60>,,attack:4137,force_strike:1549,skill_1:4328,skill_2:1895
10181,_c_Rodrigo,3*,shadow,sword,6766,[The_Shining_Overlord+Beautiful_Nothingness][Fatalis][Agito],!<hp70 & hp60>,,attack:3651,force_strike:1367,skill_1:3820,skill_2:1673
5171,Ryozen,4*,light,lance,6722,[Resounding_Rendition+Beautiful_Nothingness][Cupid][HDT2],<hp60 & hp70>,,attack:2460,force_strike:436,skill_2:1370,skill_3:1127
4400,_c_Ryozen,4*,light,lance,6025,[Resounding_Rendition+Beautiful_Nothingness][Cupid][HDT2],!<hp60 & hp70>,,attack:2093,force_strike:371,skill_2:1166,skill_3:959
11753,Summer_Celliera,5*,water,sword,4942,[Valiant_Crown+Jewels_of_the_Sun][Siren][HDT2],<hp70 & 100 bog res>,,attack:1793,force_strike:1205,skill_1:4210,skill_2:1333,skill_3:1565,team_buff:1808
10988,_c_Summer_Celliera,5*,water,sword,4562,[Valiant_Crown+Jewels_of_the_Sun][Siren][HDT2],!<hp70 & 100 bog res>,,attack:1655,force_strike:1112,skill_1:3886,skill_2:1230,skill_3:1444,team_buff:1808
10715,Summer_Estelle,4*,water,wand,4561,[Candy_Couriers+Primal_Crisis][Siren][HDT2],<buff all team & hit15>,,attack:2747,skill_1:4313,skill_3:1593,team_buff:2310
7170,_c_Summer_Estelle,4*,water,wand,4561,[Candy_Couriers+Primal_Crisis][Siren][HDT2],!<buff all team & hit15>,,attack:2214,skill_1:3458,skill_3:1277,team_buff:421
9935,Summer_Julietta,5*,water,axe,5286,[Kung_Fu_Masters+Jewels_of_the_Sun][Siren][HDT2],<buff all team & hp60 & hp70 & 100 bog res>,,attack:2952,skill_1:3635,skill_3:1599,team_buff:2015
6942,_c_Summer_Julietta,5*,water,axe,4603,[Kung_Fu_Masters+Jewels_of_the_Sun][Siren][HDT2],!<buff all team & hp60 & hp70 & 100 bog res>,,attack:2585,skill_1:3186,skill_3:1405
12933,Student_Maribelle,5*,flame,wand,5181,[Candy_Couriers+Primal_Crisis][Konohana_Sakuya][Agito],<hp100 & hit15>,,attack:3225,skill_1:6551,skill_2:2951,team_buff:497
9351,_c_Student_Maribelle,5*,flame,wand,5181,[Candy_Couriers+Primal_Crisis][Konohana_Sakuya][Agito],!<hp100 & hit15>,,attack:2599,skill_1:4474,skill_2:2015,team_buff:497
6489,Summer_Ranzal,4*,water,blade,7384,[Resounding_Rendition+FirstRate_Hospitality][Siren][HDT2],<buff all team & last offense & hp70 & 100 bog res>,,attack:1858,skill_1:2743,skill_3:1057,team_buff:829
4913,_c_Summer_Ranzal,4*,water,blade,4944,[Resounding_Rendition+FirstRate_Hospitality][Siren][HDT2],!<buff all team & last offense & hp70 & 100 bog res>,,attack:1589,skill_1:2384,skill_3:939
12244,Serena,4*,flame,sword,5883,[Mega_Friends+Primal_Crisis][Dreadking_Rathalos][Agito],<always connect hits & hit10 & hit15>,,attack:2871,force_strike:3860,skill_1:3886,skill_2:1885
8666,_c_Serena,4*,flame,sword,5883,[Mega_Friends+Primal_Crisis][Dreadking_Rathalos][Agito],!<always connect hits & hit10 & hit15>,,attack:2036,force_strike:2737,skill_1:2748,skill_2:1329
12984,Su_Fang,4*,wind,dagger,5545,[Twinfold_Bonds+The_Plaguebringer][AC011_Garland][HDT2],<maintain shield & hit15>,70% poison uptime,attack:4008,force_strike:723,fs_poison:375,skill_1:6319,skill_3:1921
10060,_c_Su_Fang,4*,wind,dagger,5545,[Twinfold_Bonds+The_Plaguebringer][AC011_Garland][HDT2],!<maintain shield & hit15>,70% poison uptime,attack:3122,force_strike:565,fs_poison:289,skill_1:4888,skill_3:1478
10698,Sylas,5*,wind,lance,5541,[Resounding_Rendition+The_Fires_of_Hate][Vayu][HDT2],<hp70 & hp100 & 0 poison res>,not consider skill haste for team; 84% poison uptime,attack:2920,force_strike:171,skill_1:4025,s1_poison:1090,skill_3:2173,team_buff:581
5851,_c_Sylas,5*,wind,lance,4492,[Resounding_Rendition+The_Fires_of_Hate][Vayu][HDT2],!<hp70 & hp100 & 0 poison res>,not consider skill haste for team,attack:1691,force_strike:105,skill_1:2453,s1_poison:0,skill_3:1172,team_buff:581
8125,Taro,3*,shadow,blade,8188,[Resounding_Rendition+Beautiful_Nothingness][Fatalis][Agito],<hp70>,,attack:3557,skill_1:3151,skill_2:1416
7307,_c_Taro,3*,shadow,blade,7757,[Resounding_Rendition+Beautiful_Nothingness][Fatalis][Agito],!<hp70>,,attack:3199,skill_1:2834,skill_2:1273
9408,Valentines_Ezelith,4*,flame,bow,6025,[Elegant_Escort+Dear_Diary][Dreadking_Rathalos][Agito],<hp30 every 180s & 0 burn res & always connect hits>,73% burn uptime,attack:1468,force_strike:3376,skill_1:2356,s1_burn:622,skill_2:939,team_buff:776
6603,_c_Valentines_Ezelith,4*,flame,bow,6025,[Elegant_Escort+Dear_Diary][Dreadking_Rathalos][Agito],!<hp30 every 180s & 0 burn res & always connect hits>,,attack:1114,force_strike:2526,skill_1:1583,s1_burn:0,skill_2:702,team_buff:776
11233,Valentines_Orion,3*,flame,sword,5959,[Mega_Friends+Elegant_Escort][Dreadking_Rathalos][Agito],<0 burn res>,72% burn uptime,attack:3108,force_strike:4192,skill_1:3501,s1_burn:713
8039,_c_Valentines_Orion,3*,flame,sword,5959,[Mega_Friends+Elegant_Escort][Dreadking_Rathalos][Agito],!<0 burn res>,,attack:2364,force_strike:3189,skill_1:2700,s1_burn:0
10925,Vanessa,4*,flame,axe,8418,[Kung_Fu_Masters+Mega_Friends][Dreadking_Rathalos][Agito],<last offense & hp60>,,attack:3468,force_strike:2133,skill_1:3774,skill_2:1454,team_buff:408
10357,_c_Vanessa,4*,flame,axe,6235,[Kung_Fu_Masters+Mega_Friends][Dreadking_Rathalos][Agito],!<last offense & hp60>,,attack:3253,force_strike:2019,skill_1:3574,skill_2:1396,team_buff:408
12087,Veronica,5*,shadow,wand,15905,[Candy_Couriers+Primal_Crisis][Shinobi][Agito],<hit15 & hp=80%>,,attack:2770,force_strike:504,skill_1:6128,skill_2:2684,team_buff:252
9593,_c_Veronica,5*,shadow,wand,15905,[Candy_Couriers+Primal_Crisis][Shinobi][Agito],!<hit15 & hp=80%>,,attack:2228,force_strike:404,skill_1:4722,skill_2:2188,team_buff:252
27537,Vice,3*,shadow,dagger,4866,[Twinfold_Bonds+The_Plaguebringer][Shinobi][Agito],<hit15 & 0 poison res>,81% poison uptime,attack:3829,force_strike:236,fs_poison:345,skill_1:15656,skill_2:7816
14700,_c_Vice,3*,shadow,dagger,4866,[Twinfold_Bonds+The_Plaguebringer][Shinobi][Agito],!<hit15 & 0 poison res>,,attack:2831,force_strike:177,fs_poison:0,skill_1:7914,skill_2:4034
8848,Vida,3*,shadow,dagger,6674,[Twinfold_Bonds+Howling_to_the_Heavens][Fatalis][Agito],<hit15>,,attack:4556,force_strike:758,skill_1:3946
7457,_c_Vida,3*,shadow,dagger,6674,[Twinfold_Bonds+Howling_to_the_Heavens][Fatalis][Agito],!<hit15>,,attack:3845,force_strike:641,skill_1:3319
7946,Wedding_Aoi,5*,wind,dagger,5337,[Twinfold_Bonds+Levins_Champion][AC011_Garland][HDT2],<big hitbox & maintain shield & hit15 & hp70 & 80 sleep res>,,attack:2511,force_strike:242,skill_1:2786,s1_hit1:433,s1_hit2:437,s1_hit3:437,s1_hit4:437,skill_3:723,team_buff:165
4612,_c_Wedding_Aoi,5*,wind,dagger,5337,[Twinfold_Bonds+Levins_Champion][AC011_Garland][HDT2],!<big hitbox & maintain shield & hit15 & hp70 & 80 sleep res>,,attack:1815,force_strike:177,skill_1:1955,s1_hit1:313,skill_3:515
11843,Wedding_Elisanne,5*,wind,sword,6071,[The_Shining_Overlord+Jewels_of_the_Sun][AC011_Garland][HDT2],<maintain shield & hp60 & hp70 & s2 defdown for 10s>,2in1,attack:2388,force_strike:1201,skill_1:4093,skill_2:1184,skill_3:1043,team_buff:2149
6731,_c_Wedding_Elisanne,5*,wind,sword,5370,[The_Shining_Overlord+Jewels_of_the_Sun][AC011_Garland][HDT2],!<maintain shield & hp60 & hp70 & s2 defdown for 10s>,2in1,attack:1508,force_strike:884,skill_1:2635,skill_2:892,skill_3:947
5770,Waike,3*,water,bow,4341,[Forest_Bonds+Dear_Diary][Siren][HDT2],<hp30 every 180s & 100 bog res>,,attack:1250,force_strike:662,skill_1:2341,skill_2:993,skill_3:636
5246,_c_Waike,3*,water,bow,4341,[Forest_Bonds+Dear_Diary][Siren][HDT2],!<hp30 every 180s & 100 bog res>,,attack:1136,force_strike:602,skill_1:2128,skill_2:903,skill_3:578
12699,Xainfried,5*,water,lance,4803,[Heralds_of_Hinomoto+His_Clever_Brother][Siren][HDT2],<0 frostbite res>,91% frostbite uptime,attack:2000,force_strike:281,skill_1:5814,s1_frostbite:1236,skill_2:884,team_buff:2662
9015,_c_Xainfried,5*,water,lance,4803,[Heralds_of_Hinomoto+His_Clever_Brother][Siren][HDT2],!<0 frostbite res>,,attack:1699,force_strike:240,skill_1:3819,s1_frostbite:0,skill_2:747,team_buff:2662
9550,Xander,5*,water,sword,4995,[The_Shining_Overlord+Jewels_of_the_Sun][Siren][HDT2],<hit10 & hp70>,c2+fs,attack:1426,force_strike:1443,skill_1:3816,s1_boost:0,skill_2:1795,skill_3:1197
7809,_c_Xander,5*,water,sword,4611,[The_Shining_Overlord+Jewels_of_the_Sun][Siren][HDT2],!<hit10 & hp70>,c2+fs,attack:1169,force_strike:1183,skill_1:3117,s1_boost:0,skill_2:1467,skill_3:978
14690,Xania,3*,flame,wand,6417,[Candy_Couriers+Primal_Crisis][Apollo][Agito],<hit15 & 0 burn res>,70% burn uptime,attack:5483,skill_1:5572,s1_burn:797,skill_2:2918,s2_burn:416
9867,_c_Xania,3*,flame,wand,6417,[Candy_Couriers+Primal_Crisis][Apollo][Agito],!<hit15 & 0 burn res>,,attack:4005,skill_1:4078,s1_burn:0,skill_2:2146,s2_burn:0
10253,Xiao_Lei,3*,light,wand,6049,[Candy_Couriers+Primal_Crisis][Daikokuten][HDT2],<hit15>,,attack:3929,skill_1:4283,skill_3:1450,team_buff:946
7606,_c_Xiao_Lei,3*,light,wand,6049,[Candy_Couriers+Primal_Crisis][Daikokuten][HDT2],!<hit15>,,attack:2831,skill_1:3062,skill_3:1022,team_buff:946
10154,Xuan_Zang,4*,flame,lance,6744,[Resounding_Rendition+Jewels_of_the_Sun][Dreadking_Rathalos][Agito],<hp70 & hp60>,,attack:3174,force_strike:1596,skill_1:3276,s1_boost:572,team_buff:1822
8672,_c_Xuan_Zang,4*,flame,lance,6034,[Resounding_Rendition+Jewels_of_the_Sun][Dreadking_Rathalos][Agito],!<hp70 & hp60>,,attack:2610,force_strike:1312,skill_1:2694,s1_boost:470,team_buff:1822
9725,Yachiyo,4*,light,blade,6853,[Mega_Friends+Spirit_of_the_Season][Corsaint_Phoenix][HDT2],<hp100 & 0 paralysis res>,71% paralysis uptime,attack:3350,force_strike:171,fs_boost:1286,skill_1:3006,s1_paralysis:422,skill_3:1486
5370,_c_Yachiyo,4*,light,blade,6230,[Mega_Friends+Spirit_of_the_Season][Corsaint_Phoenix][HDT2],!<hp100 & 0 paralysis res>,,attack:1981,force_strike:101,fs_boost:762,skill_1:1674,s1_paralysis:0,skill_3:849
14037,Yaten,5*,shadow,sword,7673,[The_Shining_Overlord+Jewels_of_the_Sun][Fatalis][Agito],<hp60 & hp70>,,attack:4246,force_strike:1716,skill_1:5571,s1_boost:1555,team_energy:1332
12826,_c_Yaten,5*,shadow,sword,6858,[The_Shining_Overlord+Jewels_of_the_Sun][Fatalis][Agito],!<hp60 & hp70>,,attack:3838,force_strike:1550,skill_1:5041,s1_boost:1410,team_energy:1332
8430,Yue,4*,flame,axe,5694,[Kung_Fu_Masters+Flower_in_the_Fray][Arctos][Agito],<>,,attack:4533,force_strike:502,skill_1:3805
9378,Yuya,4*,flame,dagger,7022,[Twinfold_Bonds+The_Lurker_in_the_Woods][Dreadking_Rathalos][Agito],<hit15 & hp60>,,attack:2493,force_strike:4548,skill_1:2561
6670,_c_Yuya,4*,flame,dagger,5417,[Twinfold_Bonds+The_Lurker_in_the_Woods][Dreadking_Rathalos][Agito],!<hit15 & hp60>,,attack:1774,force_strike:3236,skill_1:1820
8500,Zace,3*,shadow,lance,7242,[Resounding_Rendition+Beautiful_Nothingness][Fatalis][Agito],<hp70>,,attack:3279,force_strike:402,skill_1:3482,skill_2:1633
7644,_c_Zace,3*,shadow,lance,6861,[Resounding_Rendition+Beautiful_Nothingness][Fatalis][Agito],!<hp70>,,attack:2949,force_strike:361,skill_1:3131,skill_2:1469
8953,Zardin,3*,water,sword,5370,[The_Shining_Overlord+Jewels_of_the_Sun][Siren][HDT2],<hp100 & hp60 & hp70>,,attack:1908,force_strike:798,skill_1:3629,skill_2:1517,skill_3:1272
7451,_c_Zardin,3*,water,sword,4468,[The_Shining_Overlord+Jewels_of_the_Sun][Siren][HDT2],!<hp100 & hp60 & hp70>,,attack:1588,force_strike:664,skill_1:3020,skill_2:1262,skill_3:1059
13399,Chitose,4*,light,wand,5758,[Jewels_of_the_Sun+A_Game_of_Cat_and_Boar][Daikokuten][HDT2],<buff all team & hit15 & hp70>,,attack:4360,skill_3:1355,team_buff:8078
4294,_c_Chitose,4*,light,wand,5386,[Jewels_of_the_Sun+A_Game_of_Cat_and_Boar][Daikokuten][HDT2],!<buff all team & hit15 & hp70>,,attack:3522,skill_3:1091
8354,Hanabusa,4*,light,blade,7066,[Resounding_Rendition+Jewels_of_the_Sun][Cupid][HDT2],<hp70>,,attack:2783,skill_1:2839,skill_3:994,team_buff:1735
7638,_c_Hanabusa,4*,light,blade,6651,[Resounding_Rendition+Jewels_of_the_Sun][Cupid][HDT2],!<hp70>,,attack:2482,skill_1:2532,skill_3:887,team_buff:1735
15068,Mitsuhide,5*,light,dagger,5896,[Twinfold_Bonds+Spirit_of_the_Season][Daikokuten][HDT2],<hit15 & hp100 & 0 paralysis res>,81% paralysis uptime,attack:4113,force_strike:882,skill_1:3798,s1_paralysis:1094,skill_2:3790,skill_3:1762
6942,_c_Mitsuhide,5*,light,dagger,5711,[Twinfold_Bonds+Spirit_of_the_Season][Daikokuten][HDT2],!<hit15 & hp100 & 0 paralysis res>,,attack:2098,force_strike:452,skill_1:1839,s1_paralysis:0,skill_2:1874,skill_3:867
15991,Nobunaga,5*,flame,blade,5371,[Resounding_Rendition+Primal_Crisis][Konohana_Sakuya][Agito],<hit15 & hp70>,use s2 instead of fs to dispel when possible,attack:3367,force_strike:251,skill_1:3748,s1_boost:5877,skill_2:2112,s2_boost:633
10900,_c_Nobunaga,5*,flame,blade,5371,[Resounding_Rendition+Primal_Crisis][Konohana_Sakuya][Agito],!<hit15 & hp70>,use s2 instead of fs to dispel when possible,attack:2318,force_strike:172,skill_1:2547,s1_boost:3994,skill_2:1435,s2_boost:430
12728,Kirsty,5*,wind,lance,6030,[Resounding_Rendition+Beautiful_Nothingness][AC011_Garland][HDT2],<maintain shield & hp60 & hp70 & maintain Dauntless Strength>,no poison,attack:4900,skill_1:4877,skill_3:1396,team_buff:1999
7296,_c_Kirsty,5*,wind,lance,5653,[Resounding_Rendition+Beautiful_Nothingness][AC011_Garland][HDT2],!<maintain shield & hp60 & hp70 & maintain Dauntless Strength>,no poison,attack:2439,skill_1:2428,skill_3:649,team_buff:1999
13909,Joachim,4*,wind,bow,5262,[Dear_Diary+The_Fires_of_Hate][Vayu][HDT2],<hp70 & hp30 every 180s & hp100 & 0 poison res>,89% poison uptime,attack:3008,skill_1:5457,s1_poison:2440,skill_3:1943,team_buff:1332
5703,_c_Joachim,4*,wind,bow,4354,[Dear_Diary+The_Fires_of_Hate][Vayu][HDT2],!<hp70 & hp30 every 180s & hp100 & 0 poison res>,,attack:1697,skill_1:1761,s1_poison:0,skill_3:1065,team_buff:1332
16512,Ieyasu,5*,shadow,blade,5930,[Resounding_Rendition+Jewels_of_the_Sun][Shinobi][Agito],<hp70>,,attack:3068,skill_1:6843,s1_bleed:6600
12799,_c_Ieyasu,5*,shadow,blade,5474,[Resounding_Rendition+Jewels_of_the_Sun][Shinobi][Agito],!<hp70>,,attack:2378,skill_1:5316,s1_bleed:5104
9847,Sinoa,4*,flame,wand,6846,[Candy_Couriers+Primal_Crisis][Dreadking_Rathalos][Agito],<hp100 & hit15>,,attack:4117,force_strike:971,skill_2:2423,team_buff:2708
8239,_c_Sinoa,4*,flame,wand,6316,[Candy_Couriers+Primal_Crisis][Dreadking_Rathalos][Agito],!<hp100 & hit15>,,attack:3195,force_strike:751,skill_2:1874,team_buff:2708
22008,Patia,4*,shadow,lance,7659,[Resounding_Rendition+Brothers_in_Arms][Fatalis][Agito],<hp60 & hp70>,,attack:7526,skill_2:3134,s2_bleed:6107,team_buff:5923
20713,_c_Patia,4*,shadow,lance,7294,[Resounding_Rendition+Brothers_in_Arms][Fatalis][Agito],!<hp60 & hp70>,,attack:6913,skill_2:2884,s2_bleed:5619,team_buff:5923
16416,Heinwald,5*,shadow,staff,7168,[Resounding_Rendition+Beautiful_Nothingness][Fatalis][Agito],<buff all teammates & hp70>,,attack:5607,skill_1:7620,team_buff:3698
9826,_c_Heinwald,5*,shadow,staff,6791,[Resounding_Rendition+Beautiful_Nothingness][Fatalis][Agito],!<buff all teammates & hp70>,,attack:5043,skill_1:5240
12335,Gala_Luca,5*,light,blade,6484,[The_Wyrmclan_Duo+Primal_Crisis][Daikokuten][HDT2],<hit15 & hp70>,,attack:4147,skill_1:6491,skill_3:1695
7285,_c_Gala_Luca,5*,light,blade,6484,[The_Wyrmclan_Duo+Primal_Crisis][Daikokuten][HDT2],!<hit15 & hp70>,,attack:2479,skill_1:3839,skill_3:965
5624,Aurien,3*,flame,staff,6153,[Resounding_Rendition+Beautiful_Nothingness][Apollo][Agito],<hp70 & 0 burn res>,no s1; 45% burn uptime,attack:4760,skill_2:952,s2_burn:343
4105,_c_Aurien,3*,flame,staff,5769,[Resounding_Rendition+Beautiful_Nothingness][Apollo][Agito],!<hp70 & 0 burn res>,no s1,attack:3802,skill_2:648,s2_burn:0
14758,Hunter_Berserker,5*,flame,sword,6311,[Resounding_Rendition+The_Lurker_in_the_Woods][Dreadking_Rathalos][Agito],<hp70>,,attack:0,force_strike:10665,skill_1:3097,team_buff:995
14118,_c_Hunter_Berserker,5*,flame,sword,6311,[Resounding_Rendition+The_Lurker_in_the_Woods][Dreadking_Rathalos][Agito],!<hp70>,,attack:0,force_strike:10169,skill_1:2953,team_buff:995
13714,Hunter_Vanessa,5*,light,lance,6423,[Resounding_Rendition+Spirit_of_the_Season][Corsaint_Phoenix][HDT2],<hp70 & hp100 & 0 paralysis res>,81% paralysis uptime,attack:4338,force_strike:1803,skill_1:4424,s1_paralysis:1104,skill_3:1476,team_buff:961
8124,_c_Hunter_Vanessa,5*,light,lance,5839,[Resounding_Rendition+Spirit_of_the_Season][Corsaint_Phoenix][HDT2],!<hp70 & hp100 & 0 paralysis res>,,attack:2619,force_strike:1130,skill_1:2778,s1_paralysis:0,skill_3:872,team_buff:961
15722,Hunter_Sarisse,5*,water,bow,5566,[The_Lurker_in_the_Woods+Dear_Diary][Dragonyule_Jeanne][HDT2],<lance+ distance from HBH sized enemy & hp30 every 180s & always connect hits>,fs hit count vary on distance and enemy size,attack:0,force_strike:10026,fs_extra_1:3007,skill_1:2687
11336,_c_Hunter_Sarisse,5*,water,bow,5566,[The_Lurker_in_the_Woods+Dear_Diary][Dragonyule_Jeanne][HDT2],!<lance+ distance from HBH sized enemy & hp30 every 180s & always connect hits>,fs hit count vary on distance and enemy size,attack:0,force_strike:9114,skill_1:2221
15292,Valentines_Melody,5*,wind,axe,6185,[Kung_Fu_Masters+The_Fires_of_Hate][Ariel][HDT2],<hp100 & s1 defdown for 10s & 0 poison res>,c4fsf c5 c4 s1; 79% poison uptime,attack:5343,skill_1:2510,skill_2:1613,s2_poison:468,skill_3:1833,team_buff:4008
5739,_c_Valentines_Melody,5*,wind,axe,5623,[Kung_Fu_Masters+The_Fires_of_Hate][Ariel][HDT2],!<hp100 & s1 defdown for 10s & 0 poison res>,c4fsf c5 c4 s1,attack:3143,skill_1:1621,skill_2:1259,s2_poison:0
19336,Valentines_Addis,5*,shadow,bow,4462,[The_Plaguebringer+Primal_Crisis][Shinobi][Agito],<hit15 & 0 poison res & hp=20%>,use s2 once; 83% poison uptime,attack:4798,skill_1:12479,s1_poison:2493
6377,_c_Valentines_Addis,5*,shadow,bow,4462,[The_Plaguebringer+Primal_Crisis][Shinobi][Agito],!<hit15 & 0 poison res & hp=20%>,use s2 once,attack:2710,skill_1:3912,s1_poison:0
11482,Pipple,4*,water,wand,5309,[Primal_Crisis+The_Prince_of_Dragonyule][Dragonyule_Jeanne][HDT2],<hit15>,,attack:11958,team_energy:610
9511,_c_Pipple,4*,water,wand,5309,[Primal_Crisis+The_Prince_of_Dragonyule][Dragonyule_Jeanne][HDT2],!<hit15>,,attack:9789,team_energy:610
7397,Summer_Luca,4*,light,axe,6672,[Kung_Fu_Masters+Flower_in_the_Fray][Cupid][HDT2],<hp70>,,attack:3395,force_strike:248,skill_1:3000,skill_3:1062
6962,_c_Summer_Luca,4*,light,axe,6280,[Kung_Fu_Masters+Flower_in_the_Fray][Cupid][HDT2],!<hp70>,,attack:3195,force_strike:233,skill_1:2823,skill_3:999
13809,Natalie,5*,shadow,blade,5258,[Heralds_of_Hinomoto+Dear_Diary][Shinobi][Agito],<hp30 every 180s & hp=20%>,,attack:3638,skill_1:10170
9096,_c_Natalie,5*,shadow,blade,5258,[Heralds_of_Hinomoto+Dear_Diary][Shinobi][Agito],!<hp30 every 180s & hp=20%>,,attack:3329,skill_1:5766
15246,Mitsuba,5*,water,dagger,4436,[Twinfold_Bonds+His_Clever_Brother][Siren][HDT2],<hit15 & 0 frostbite res>,80% frostbite uptime,attack:1627,skill_1:12064,s1_frostbite:449,team_buff:553,team_inspiration:699
7062,_c_Mitsuba,5*,water,dagger,4436,[Twinfold_Bonds+His_Clever_Brother][Siren][HDT2],!<hit15 & 0 frostbite res>,,attack:1111,skill_1:4798,s1_frostbite:0,team_buff:553,team_inspiration:699
23355,Tobias,5*,wind,blade,5749,[Primal_Crisis+A_Dogs_Day][Ariel][HDT2],<buff all team & hit15>,,attack:5416,team_buff:17938
4492,_c_Tobias,5*,wind,blade,5749,[Primal_Crisis+A_Dogs_Day][Ariel][HDT2],!<buff all team & hit15>,,attack:4491
6902,Templar_Hope,4*,wind,sword,5750,[Resounding_Rendition+Brothers_in_Arms][AC011_Garland][HDT2],<maintain shield & hp60 & hp70>,,attack:2566,force_strike:1568,skill_2:1713,skill_3:1286
5300,_c_Templar_Hope,4*,wind,sword,5476,[Resounding_Rendition+Brothers_in_Arms][AC011_Garland][HDT2],!<maintain shield & hp60 & hp70>,,attack:1971,force_strike:1205,skill_2:1311,skill_3:990
37137,Gala_Alex,5*,shadow,sword,5161,[The_Shining_Overlord+The_Fires_of_Hate][Shinobi][Agito],<hp100 & 0 poison res>,no bk bonus in sim; s2 c4fs [s1 c4fs]*5 & use s1/s2 only when charge>=2; 86% poison uptime,attack:5489,force_strike:1481,skill_1:26141,skill_2:2461,s2_poison:1105,team_buff:956
12515,_c_Gala_Alex,5*,shadow,sword,4587,[The_Shining_Overlord+The_Fires_of_Hate][Shinobi][Agito],!<hp100 & 0 poison res>,no bk bonus in sim; s2 c4fs [s1 c4fs]*5 & use s1/s2 only when charge>=2,attack:2257,force_strike:612,skill_2:9849,s2_poison:0
21817,Aldred,4*,shadow,blade,6056,[Heralds_of_Hinomoto+Primal_Crisis][Shinobi][Agito],<hit15 & hp=30% & hp=24% & hp=18% & hp=6% & hp=1>,maintain dragondrive,attack:3387,skill_1:18408,dx:20
10755,_c_Aldred,4*,shadow,blade,6056,[Heralds_of_Hinomoto+Primal_Crisis][Shinobi][Agito],!<hit15 & hp=30% & hp=24% & hp=18% & hp=6% & hp=1>,maintain dragondrive,attack:2795,skill_1:7942,dx:17
30844,Bellina,5*,shadow,dagger,7574,[Twinfold_Bonds+Howling_to_the_Heavens][Fatalis][Agito],<hit15 & hp=30%>,,attack:17324,force_strike:124,skill_1:14304,skill_2:634,dx:30
19235,_c_Bellina,5*,shadow,dagger,7574,[Twinfold_Bonds+Howling_to_the_Heavens][Fatalis][Agito],!<hit15 & hp=30%>,,attack:9999,force_strike:108,skill_1:9738,skill_2:271,dx:25
9856,Gauld,4*,water,lance,5011,[Resounding_Rendition+His_Clever_Brother][Siren][HDT2],<hp70 & 0 frostbite res>,95% frostbite uptime,attack:2224,force_strike:228,skill_1:3323,s1_frostbite:2802,skill_3:1478
3802,_c_Gauld,4*,water,lance,4626,[Resounding_Rendition+His_Clever_Brother][Siren][HDT2],!<hp70 & 0 frostbite res>,,attack:1319,force_strike:136,skill_1:1606,s1_frostbite:0,skill_3:859
14058,Lazry,5*,water,axe,5517,[Heralds_of_Hinomoto+His_Clever_Brother][Gaibhne_and_Creidhne][HDT2],<hp70 & 0 frostbite res>,89% frostbite uptime,attack:4031,force_strike:512,skill_1:5752,s1_frostbite:797,s2_high:286,team_buff:3044
8637,_c_Lazry,5*,water,axe,5517,[Heralds_of_Hinomoto+His_Clever_Brother][Gaibhne_and_Creidhne][HDT2],!<hp70 & 0 frostbite res>,,attack:2556,force_strike:337,skill_1:2797,s1_frostbite:0,s2_high:133,team_buff:3044
11386,Victor,5*,wind,blade,6029,[Resounding_Rendition+Beautiful_Nothingness][Vayu][HDT2],<hp70>,,attack:2074,skill_1:3275,s1_bleed:3900,skill_2:1164,skill_3:970
9334,_c_Victor,5*,wind,blade,5059,[Resounding_Rendition+Beautiful_Nothingness][Vayu][HDT2],!<hp70>,,attack:1652,skill_1:2608,s1_bleed:3372,skill_2:927,skill_3:772
10266,Summer_Cleo,5*,light,bow,5322,[Forest_Bonds+Dear_Diary][Corsaint_Phoenix][HDT2],<buff all team & hp30 every 180s & 0 paralysis res>,nofs; 81% paralysis uptime,attack:2905,s1_big_missile:2084,s1_boost:1023,s1_missile:1226,s1_paralysis:831,skill_3:1357,team_buff:1102
4815,_c_Summer_Cleo,5*,light,bow,5322,[Forest_Bonds+Dear_Diary][Corsaint_Phoenix][HDT2],!<buff all team & hp30 every 180s & 0 paralysis res>,nofs,attack:1928,s1_big_missile:1189,s1_boost:313,s1_missile:713,s1_paralysis:0,skill_3:845
10770,Addis,4*,wind,blade,6991,[Resounding_Rendition+Beautiful_Nothingness][AC011_Garland][HDT2],<maintain shield & hp70 & 0 poison res>,s2 c2 s1 c5fsf c4fs s1; hold s2s1 until bleed under 3; 24% poison uptime,attack:3506,force_strike:125,skill_1:3144,s1_bleed:3230,s1_poison:79,skill_3:682
7469,_c_Addis,4*,wind,blade,6554,[Resounding_Rendition+Beautiful_Nothingness][AC011_Garland][HDT2],!<maintain shield & hp70 & 0 poison res>,s2 c2 s1 c5fsf c4fs s1; hold s2s1 until bleed under 3,attack:2654,force_strike:92,skill_1:2319,s1_bleed:1890,s1_poison:0,skill_3:512
15615,Ezelith,5*,flame,dagger,6131,[Twinfold_Bonds+Levins_Champion][Arctos][Agito],<hit15 & hp70>,,attack:7332,force_strike:810,skill_1:7604,team_buff:533
13468,_c_Ezelith,5*,flame,dagger,6131,[Twinfold_Bonds+Levins_Champion][Arctos][Agito],!<hit15 & hp70>,,attack:6440,force_strike:724,skill_1:6555,team_buff:333
11282,Sazanka,4*,shadow,axe,5128,[Kung_Fu_Masters+Crystalian_Envoy][Shinobi][Agito],<hp70 & 80 sleep res>,,attack:3333,force_strike:372,fs_boost:63,skill_1:4191,s1_bleed:3622
10084,_c_Sazanka,4*,shadow,axe,4627,[Kung_Fu_Masters+Crystalian_Envoy][Shinobi][Agito],!<hp70 & 80 sleep res>,,attack:2995,force_strike:336,fs_boost:57,skill_1:3748,s1_bleed:3219
11157,Mega_Man,5*,flame,wand,6281,[Primal_Crisis+Dear_Diary][Cerberus][Agito],<hp30 every 180s & hit15>,16 hits leaf shield (max 32 hits),attack:6477,o_leaf_shield:4991,o_metal_blade:277
8818,_c_Mega_Man,5*,flame,wand,6281,[Primal_Crisis+Dear_Diary][Cerberus][Agito],!<hp30 every 180s & hit15>,16 hits leaf shield (max 32 hits),attack:5120,o_leaf_shield:3994,o_metal_blade:168
13210,Valerio,5*,water,blade,6147,[The_Wyrmclan_Duo+Primal_Crisis][Dragonyule_Jeanne][HDT2],<hp70 & hit15 & 0 frostbite res>,76% frostbite uptime,attack:5742,skill_1:3585,s1_frostbite:339,skill_3:1493,team_buff:1549,team_inspiration:499
9951,_c_Valerio,5*,water,blade,6147,[The_Wyrmclan_Duo+Primal_Crisis][Dragonyule_Jeanne][HDT2],!<hp70 & hit15 & 0 frostbite res>,,attack:4459,skill_1:2282,s1_frostbite:0,skill_3:1175,team_buff:1535,team_inspiration:498
